"AREA","PERIMETER","MAJOR_AXIS","MINOR_AXIS","ECCENTRICITY","EQDIASQ","SOLIDITY","CONVEX_AREA","EXTENT","ASPECT_RATIO","ROUNDNESS","COMPACTNESS","SHAPEFACTOR_1","SHAPEFACTOR_2","SHAPEFACTOR_3","SHAPEFACTOR_4","MeanRR","MeanRG","MeanRB","StdDevRR","StdDevRG","StdDevRB","SkewRR","SkewRG","SkewRB","KurtosisRR","KurtosisRG","KurtosisRB","EntropyRR","EntropyRG","EntropyRB","ALLdaub4RR","ALLdaub4RG","ALLdaub4RB","Class"
138167,1370.208,498.7525,353.9258,0.7046,419.4278,0.9925,139208,0.7316,1.4092,0.9248,0.841,0.0036,0.0026,0.7072,0.9966,86.1304,84.2102,90.5056,27.5093,25.6148,25.0531,0.2752,0.9259,0.2228,2.5951,3.7693,2.8701,-10381501440,-9775930368,-11240395776,43.0708,42.113,45.2595,"SUKKARI"
138362,1411.187,525.3536,336.471,0.768,419.7237,0.9836,140663,0.7797,1.5614,0.8731,0.7989,0.0038,0.0024,0.6383,0.9966,130.172,130.8726,124.2082,28.9102,22.0417,23.7706,-0.9599,-0.7619,-0.2867,3.6927,3.7615,2.4843,-24282138624,-23951843328,-21570297856,65.0882,65.4412,62.1085,"SUKKARI"
160562,1514.448,570.1646,359.911,0.7756,452.1436,0.9913,161971,0.7854,1.5842,0.8797,0.793,0.0036,0.0022,0.6289,0.9962,129.5311,135.3102,117.0099,32.4974,25.1719,25.2575,-0.8754,-0.7441,-0.4138,3.1097,2.8883,2.3741,-28332498944,-30146041856,-22212888576,64.7667,67.6564,58.508,"SUKKARI"
208042,1725.811,649.4158,411.8994,0.7731,514.6721,0.9918,209753,0.7331,1.5766,0.8778,0.7925,0.0031,0.002,0.6281,0.9903,104.7724,93.1733,87.2115,34.2646,31.6825,27.3743,0.0072,0.2815,0.3013,2.206,2.2021,2.7079,-24241860608,-18904291328,-16004977664,52.385,46.588,43.6055,"SUKKARI"
143391,1416.606,544.4253,335.9414,0.7869,427.2834,0.9943,144211,0.7796,1.6206,0.8979,0.7848,0.0038,0.0023,0.616,0.9982,115.5527,113.3419,104.9527,29.2429,24.5778,28.5005,-0.8439,-0.4278,-0.3397,3.1254,2.5324,2.2916,-19697719296,-18499430400,-16122652672,57.7764,56.6723,52.478,"SUKKARI"
209723,1749.959,686.3148,390.2822,0.8226,516.7471,0.9928,211245,0.7799,1.7585,0.8606,0.7529,0.0033,0.0019,0.5669,0.9969,107.8277,99.3501,102.2511,25.6328,21.3737,20.7585,-0.1665,0.1273,0.2413,2.5744,3.5299,3.3889,-24522039296,-20206684160,-21401454592,53.9109,49.6773,51.1261,"SUKKARI"
156476,1502.326,565.1384,353.8776,0.7797,446.3535,0.9882,158340,0.7827,1.597,0.8712,0.7898,0.0036,0.0023,0.6238,0.9962,91.509,80.7953,86.1067,22.3634,19.1765,20.149,-0.2782,1.0141,0.8027,3.221,6.9399,5.5131,-12771258368,-9656775680,-11100552192,45.7556,40.4012,43.056,"SUKKARI"
126137,1356.411,507.2314,318.8602,0.7777,400.7526,0.9857,127966,0.785,1.5908,0.8615,0.7901,0.004,0.0025,0.6242,0.993,135.8965,137.6824,122.6962,33.4921,30.3621,29.7397,-1.0604,-1.1007,-0.662,3.6246,4.1726,3.4069,-24667023360,-25022298112,-19657609216,67.9362,68.8379,61.3471,"SUKKARI"
143297,1440.493,559.0104,328.0878,0.8097,427.1433,0.9927,144347,0.8145,1.7038,0.8678,0.7641,0.0039,0.0023,0.5839,0.9948,149.4031,149.5811,124.0181,33.6113,27.8297,27.4547,-1.3671,-1.2109,-0.8987,4.1829,3.9848,3.19,-34094051328,-33536829440,-22595817472,74.7022,74.7908,62.0093,"SUKKARI"
147389,1481.552,570.8041,332.1487,0.8133,433.1992,0.986,149481,0.8497,1.7185,0.8438,0.7589,0.0039,0.0023,0.576,0.9898,119.4123,117.9428,106.9436,29.6726,26.5961,25.3597,-0.1667,0.1775,-0.0293,2.8118,2.7526,2.9183,-21725470720,-20868001792,-16919024640,59.7105,58.9758,53.478,"SUKKARI"
134784,1396.613,512.9982,337.8875,0.7524,414.2612,0.9814,137337,0.7789,1.5183,0.8684,0.8075,0.0038,0.0025,0.6521,0.9901,125.6618,126.8658,107.0576,27.2353,20.4259,26.0747,-0.7563,-0.2656,-0.1187,3.1777,2.7328,2.3465,-21827747840,-21723887616,-15566317568,62.8286,63.4342,53.529,"SUKKARI"
145210,1424.349,535.0179,346.342,0.7622,429.985,0.992,146385,0.7395,1.5448,0.8994,0.8037,0.0037,0.0024,0.6459,0.9978,141.3801,145.6726,132.4278,29.9463,23.0605,23.2314,-1.2651,-1.1469,-0.9656,4.2974,4.0086,3.8986,-30394583040,-31689562112,-25875439616,70.7,72.8413,66.2206,"SUKKARI"
146059,1428.892,518.9333,359.8793,0.7205,431.2402,0.9903,147483,0.7911,1.442,0.899,0.831,0.0036,0.0025,0.6906,0.9958,115.6353,111.8114,104.7724,23.1401,17.3022,20.7685,-1.0761,-0.012,0.0293,4.4927,4.4583,3.5464,-19518910464,-17768634368,-15690675200,57.8142,55.9004,52.3819,"SUKKARI"
166950,1568.7729,578.2525,372.5923,0.7647,461.0503,0.9879,168988,0.8007,1.552,0.8525,0.7973,0.0035,0.0022,0.6357,0.9866,146.5992,141.863,128.0412,33.2731,29.9051,28.3067,-0.9846,-0.5106,-0.3159,3.4109,2.4204,2.5319,-38155313152,-35209359360,-28252712960,73.2989,70.9343,64.0226,"SUKKARI"
150891,1453.5959,532.0154,363.603,0.73,438.3154,0.9888,152606,0.7984,1.4632,0.8974,0.8239,0.0035,0.0024,0.6788,0.9932,92.4581,82.7228,88.3253,28.4877,24.8674,26.3492,0.4303,0.8472,0.8577,2.8504,3.8411,3.6331,-13159569408,-10233899008,-11816067072,46.2239,41.3562,44.1594,"SUKKARI"
106793,1217.454,434.7454,313.3625,0.6931,368.7453,0.9883,108062,0.747,1.3874,0.9054,0.8482,0.0041,0.0029,0.7194,0.9981,109.4719,106.1306,101.5765,35.9257,34.2667,30.1076,-0.0022,0.1193,0.2811,1.8838,1.8167,2.1977,-13722007552,-12767454208,-11370534912,54.7404,53.0704,50.7942,"SUKKARI"
190634,1662.217,625.8346,390.4694,0.7815,492.669,0.9884,192862,0.8131,1.6028,0.867,0.7872,0.0033,0.002,0.6197,0.9933,145.7374,144.5245,127.1269,30.4779,23.2386,21.7898,-1.2773,-0.8654,-0.3841,4.3862,4.0821,3.5399,-42598805504,-40928096256,-30997839872,72.8723,72.2653,63.5672,"SUKKARI"
144637,1422.494,523.191,352.5846,0.7388,429.1358,0.9905,146022,0.7623,1.4839,0.8982,0.8202,0.0036,0.0024,0.6728,0.9983,123.5578,122.1742,114.7809,28.6747,22.563,26.1378,-0.9937,-0.3999,-0.218,3.8348,3.2121,2.6395,-22750343168,-21672732672,-19304228864,61.781,61.092,57.3966,"SUKKARI"
129886,1365.856,519.2155,318.9104,0.7891,406.6645,0.9908,131098,0.6861,1.6281,0.8749,0.7832,0.004,0.0025,0.6134,0.9987,143.482,137.5604,125.512,31.6021,23.369,23.8488,-1.4328,-0.6273,-0.7223,4.6892,3.0388,3.0175,-28202487808,-25110024192,-20702752768,71.7408,68.7822,62.7593,"SUKKARI"
126292,1319.9,488.1225,330.096,0.7367,400.9987,0.9929,127190,0.7113,1.4787,0.911,0.8215,0.0039,0.0026,0.6749,0.998,125.704,122.87,113.3824,33.9782,26.7273,27.5417,-0.8778,-0.4465,-0.4281,3.1088,2.5801,2.5203,-21109915648,-19476973568,-16545778688,62.8528,61.4384,56.6934,"SUKKARI"
136138,1404.201,530.9112,329.2051,0.7845,416.3367,0.988,137796,0.7389,1.6127,0.8676,0.7842,0.0039,0.0024,0.615,0.9917,126.4219,123.5209,102.7053,31.4194,27.0867,27.1844,-0.9306,-0.3889,-0.1801,3.559,2.6093,2.7139,-22737070080,-21262274560,-14530268160,63.2263,61.7684,51.3634,"SUKKARI"
151713,1481.229,582.5072,331.9456,0.8217,439.5077,0.9931,152772,0.687,1.7548,0.8689,0.7545,0.0038,0.0022,0.5693,0.999,92.5289,87.7087,96.5018,22.9716,19.6667,20.7177,0.0765,1.0781,0.2377,3.6487,5.621,4.0334,-12724516864,-11151576064,-13703142400,46.2599,43.8528,48.2507,"SUKKARI"
99342,1151.923,404.4212,313.0898,0.633,355.6489,0.9921,100135,0.7695,1.2917,0.9408,0.8794,0.0041,0.0032,0.7733,0.9989,137.179,131.5521,112.3011,41.505,35.0091,33.0933,-0.6377,-0.1339,0.0521,2.5062,2.0275,2.0885,-20567281664,-18324869120,-13181305856,68.59,65.7764,56.1531,"SUKKARI"
73663,999.363,362.0138,259.5558,0.6971,306.2526,0.994,74107,0.7225,1.3947,0.9269,0.846,0.0049,0.0035,0.7157,0.9982,134.3141,128.0316,108.8569,39.708,32.9921,30.7083,-0.7937,-0.5989,-0.5155,2.681,2.4584,2.4999,-14486233088,-12725932032,-9038320640,67.1605,64.0208,54.4383,"SUKKARI"
143668,1446.12,553.8131,332.1207,0.8002,427.6959,0.9889,145285,0.6735,1.6675,0.8633,0.7723,0.0039,0.0023,0.5964,0.9945,128.553,120.6565,118.803,36.4798,31.1817,28.1015,-0.4365,0.0932,-0.0289,2.632,2.3267,2.8283,-25466613760,-21805602816,-20795639808,64.2773,60.3334,59.4063,"SUKKARI"
63328,933.937,342.7969,235.6772,0.7262,283.9572,0.989,64034,0.7314,1.4545,0.9124,0.8284,0.0054,0.0037,0.6862,0.998,124.5606,118.4637,120.8829,36.5092,28.4547,28.8523,-0.4824,0.1322,0.2138,2.5152,2.3865,2.3229,-10537278464,-9129949184,-9538518016,62.2768,59.2333,60.443,"SUKKARI"
113667,1251.496,462.6203,313.1204,0.7361,380.4278,0.9936,114397,0.7141,1.4775,0.912,0.8223,0.0041,0.0028,0.6762,0.9991,106.0841,102.9813,102.1894,29.5004,25.2654,26.7632,-0.5569,0.0164,0.0122,2.6954,2.5862,2.642,-13137970176,-12061977600,-11979322368,53.042,51.4936,51.0969,"SUKKARI"
148679,1477.3669,565.0262,337.5208,0.802,435.0908,0.9868,150670,0.7216,1.674,0.856,0.77,0.0038,0.0023,0.593,0.9926,126.7722,116.5987,111.2925,29.0442,25.2677,26.9988,-0.8253,-0.5379,-0.2507,3.4986,3.0595,2.6528,-24711442432,-20416264192,-18694287360,63.3922,58.3059,55.6558,"SUKKARI"
153353,1501.488,585.9454,335.2349,0.8202,441.8768,0.9885,155138,0.8264,1.7479,0.8548,0.7541,0.0038,0.0022,0.5687,0.994,126.1267,114.0718,107.9288,32.4403,27.7592,26.2087,-0.7002,-0.1769,-0.1947,3.0101,2.6121,2.898,-25620695040,-20371875840,-18021154816,63.0634,57.0336,53.9624,"SUKKARI"
123912,1294.531,470.6189,335.611,0.701,397.2023,0.9946,124580,0.7447,1.4023,0.9292,0.844,0.0038,0.0027,0.7123,0.9989,157.4652,157.1221,122.8388,35.4495,27.8306,27.6271,-1.6032,-1.3571,-0.8643,5.2858,4.6155,2.9823,-33083486208,-32179709952,-19168829440,78.719,78.5565,61.4135,"SUKKARI"
149845,1467.722,573.7374,333.2054,0.8141,436.7935,0.9918,151080,0.782,1.7219,0.8741,0.7613,0.0038,0.0022,0.5796,0.998,127.3161,121.9014,116.2971,35.7104,30.7762,26.1071,-0.2539,0.1865,0.0545,2.3286,2.1057,2.337,-25953759232,-23181002752,-20554786816,63.6564,60.9527,58.15,"SUKKARI"
144975,1426.858,535.9053,345.1051,0.7651,429.6369,0.9922,146121,0.7083,1.5529,0.8948,0.8017,0.0037,0.0024,0.6427,0.9981,90.1562,85.9035,106.8337,35.7263,31.4692,29.6485,-0.3462,-0.1857,-0.4011,1.9947,2.2828,2.5963,-12801163264,-11223094272,-17017174016,45.0746,42.9508,53.4155,"SUKKARI"
136538,1383.509,503.1316,347.8224,0.7226,416.9479,0.9861,138461,0.7651,1.4465,0.8964,0.8287,0.0037,0.0025,0.6868,0.9934,127.6793,119.391,110.7074,31.319,26.0718,25.0809,-1.0953,-0.495,-0.2246,3.7237,2.7819,2.7547,-23258535936,-19772581888,-16814415872,63.8393,59.6977,55.3544,"SUKKARI"
162525,1520.96,569.8452,363.798,0.7697,454.8992,0.9908,164034,0.7603,1.5664,0.8829,0.7983,0.0035,0.0022,0.6373,0.9982,115.9823,106.6484,105.1739,23.9022,20.0254,24.4108,-0.7826,0.1732,0.1205,3.9956,3.9793,2.9292,-21932597248,-18067736576,-17931122688,57.9908,53.3273,52.5911,"SUKKARI"
129998,1385.066,511.4419,324.9084,0.7723,406.8398,0.9839,132123,0.7914,1.5741,0.8515,0.7955,0.0039,0.0025,0.6328,0.9961,147.9224,147.0918,130.6119,31.3109,28.1133,27.8133,-0.8047,-0.7814,-0.1875,3.1951,3.616,2.5203,-30063687680,-29396901888,-22887102464,73.9641,73.5476,65.3109,"SUKKARI"
151554,1454.797,541.0281,357.0083,0.7514,439.2773,0.9941,152457,0.7711,1.5154,0.8999,0.8119,0.0036,0.0024,0.6592,0.999,120.3432,113.7172,111.5773,30.958,28.3032,28.9196,-0.5568,-0.1291,-0.4224,2.7565,2.0132,2.4708,-22836240384,-20062943232,-19353348096,60.1711,56.8617,55.7905,"SUKKARI"
168314,1634.188,611.652,396.3839,0.7616,462.9298,0.8996,187089,0.7235,1.5431,0.792,0.7569,0.0036,0.0024,0.5728,0.8839,137.4287,132.7355,112.0415,44.1489,38.7483,32.6756,-0.6656,-0.2513,-0.0758,2.5051,2.0314,2.0474,-35449040896,-32200501248,-22167502848,68.7021,66.3655,56.0165,"SUKKARI"
168126,1581.353,611.1715,369.9803,0.7959,462.6712,0.9631,174568,0.7604,1.6519,0.8449,0.757,0.0036,0.0022,0.5731,0.9467,146.9061,142.7693,121.4654,38.6587,33.8851,29.1743,-0.6238,-0.4378,-0.0771,2.3763,2.0408,2.207,-39435071488,-36480671744,-25608919040,73.4496,71.3864,60.7363,"SUKKARI"
169280,1586.569,589.5577,367.1072,0.7825,464.2564,0.984,172030,0.8013,1.606,0.8451,0.7875,0.0035,0.0022,0.6201,0.9959,92.7203,88.0182,94.1285,33.1262,32.0901,30.2597,-0.0145,0.2911,0.3809,2.2515,2.5533,2.9864,-15413698560,-13831546880,-15511823360,46.3573,44.0072,47.0639,"SUKKARI"
145165,1466.083,557.8549,332.8617,0.8025,429.9184,0.9873,147033,0.7875,1.6759,0.8487,0.7707,0.0038,0.0023,0.5939,0.9954,128.5056,131.2321,122.2016,35.513,28.6195,26.6073,-0.4317,-0.0886,0.0407,2.576,2.4257,2.6105,-25586776064,-25897383936,-22129747968,64.2511,65.6186,61.1032,"SUKKARI"
148181,1486.942,548.4078,345.0912,0.7772,434.3615,0.9836,150658,0.7615,1.5892,0.8422,0.792,0.0037,0.0023,0.6273,0.9969,117.7226,106.7267,107.3839,30.94,25.6583,23.3937,-0.2674,0.2234,-0.0148,2.8783,2.6634,3.1703,-21350381568,-16970543104,-16980877312,58.8666,53.3667,53.6962,"SUKKARI"
178137,1613.375,611.778,371.4034,0.7946,476.2469,0.9873,180422,0.7743,1.6472,0.86,0.7785,0.0034,0.0021,0.606,0.9982,143.0229,143.8989,128.4096,37.762,30.5346,30.1872,-1.003,-0.9088,-0.4555,2.9256,2.954,2.3999,-39396945920,-38781554688,-30570317824,71.5079,71.9472,64.2028,"SUKKARI"
65590,1039.924,372.3486,279.8673,0.6596,288.984,0.8366,78398,0.6711,1.3304,0.7622,0.7761,0.0057,0.0043,0.6023,0.8014,141.569,136.7961,135.4096,41.6167,34.2671,38.2116,-0.7156,-0.4607,-0.3518,2.4052,2.1771,2.1752,-14466372608,-13054647296,-13023705088,70.7745,68.3989,67.7021,"SUKKARI"
136159,1393.309,518.6189,335.3107,0.7629,416.3689,0.9861,138084,0.7806,1.5467,0.8814,0.8028,0.0038,0.0025,0.6446,0.9969,134.3338,136.4624,126.5629,33.1957,25.9266,27.7518,-1.1731,-0.9182,-0.5872,3.6602,3.072,2.4775,-25964941312,-26091556864,-22433945600,67.1659,68.2293,63.28,"SUKKARI"
207698,1792.785,677.1498,416.9406,0.788,514.2463,0.9484,219006,0.7689,1.6241,0.8121,0.7594,0.0033,0.002,0.5767,0.9367,145.4176,140.5934,124.4999,40.5422,38.8919,40.2708,-0.9072,-0.6832,-0.5483,2.9171,2.4375,2.1652,-48090140672,-44608540672,-35265921024,72.7093,70.2954,62.2473,"SUKKARI"
138061,1397.4399,533.3875,330.7272,0.7846,419.2669,0.9927,139081,0.8196,1.6128,0.8884,0.786,0.0039,0.0024,0.6179,0.9965,92.219,89.3161,98.4758,25.2724,23.707,25.2079,-0.1183,0.5878,0.2499,2.8761,3.4091,2.8337,-11680705536,-10830333952,-13359763456,46.1121,44.6619,49.2393,"SUKKARI"
172108,1570.163,586.244,376.8531,0.766,468.1183,0.9895,173926,0.7891,1.5556,0.8772,0.7985,0.0034,0.0022,0.6376,0.9919,128.667,132.6658,116.1276,35.287,30.4518,30.2622,-0.6243,-0.4752,-0.3009,2.7212,2.3369,2.2023,-30370191360,-31635632128,-24030167040,64.3255,66.3309,58.0594,"SUKKARI"
137932,1404.546,524.6572,335.7947,0.7684,419.071,0.987,139753,0.7834,1.5624,0.8786,0.7988,0.0038,0.0024,0.638,0.9968,108.3867,108.3924,104.5471,27.3157,22.0612,26.2298,-0.6428,-0.2864,-0.2365,2.6462,3.0183,2.6045,-16443756544,-16013483008,-15180389376,54.192,54.1965,52.2736,"SUKKARI"
207029,1765.353,704.8253,375.3293,0.8464,513.4175,0.9929,208510,0.8048,1.8779,0.8348,0.7284,0.0034,0.0018,0.5306,0.9964,113.2164,106.724,117.7281,24.9791,18.315,21.0425,-0.8902,0.5687,-0.0853,4.1634,4.7953,3.1464,-26686932992,-22885431296,-28511535104,56.6093,53.3635,58.8649,"SUKKARI"
151596,1499.804,576.5701,335.9818,0.8127,439.3382,0.989,153288,0.7504,1.7161,0.8469,0.762,0.0038,0.0022,0.5806,0.9964,92.1805,81.3582,86.5462,19.9001,15.9618,20.6301,-0.7349,1.4089,0.4577,4.1889,12.0608,5.1296,-12369060864,-9288654848,-10901436416,46.0882,40.6796,43.2733,"SUKKARI"
127056,1364.663,500.5718,325.939,0.759,402.2098,0.9852,128962,0.8154,1.5358,0.8573,0.8035,0.0039,0.0026,0.6456,0.9915,127.374,123.5819,115.2354,33.8982,32.0639,32.417,-0.7237,-0.7096,-0.2739,2.5946,2.8401,2.4182,-21812361216,-20323153920,-17674768384,63.6851,61.7918,57.6178,"SUKKARI"
138262,1403.356,542.065,326.1642,0.7987,419.572,0.9935,139162,0.7554,1.6619,0.8822,0.774,0.0039,0.0024,0.5991,0.9957,140.7846,140.9268,119.4874,31.2249,25.8886,25.9502,-1.1736,-0.751,-0.4546,3.9672,2.9005,2.4017,-28823592960,-28359831552,-20046186496,70.3907,70.4653,59.7454,"SUKKARI"
138766,1392.42,520.9381,340.4706,0.7569,420.336,0.9918,139911,0.7941,1.5301,0.8994,0.8069,0.0038,0.0025,0.6511,0.9962,138.2284,140.6042,120.6224,31.1543,24.4073,26.7193,-0.6206,-0.0074,-0.2799,3.2517,2.1487,2.358,-27851569152,-28201566208,-20593477632,69.1097,70.3039,60.3105,"SUKKARI"
153752,1497.799,560.4558,353.3676,0.7762,442.4513,0.9892,155433,0.7751,1.586,0.8612,0.7894,0.0036,0.0023,0.6232,0.9885,123.3951,122.2981,110.3003,32.8187,29.3027,28.7117,-0.2915,0.0755,-0.0208,2.6873,2.3885,2.3633,-24623306752,-23769907200,-19163858944,61.6948,61.1454,55.1508,"SUKKARI"
158096,1524.178,572.8527,353.2698,0.7872,448.6581,0.9898,159732,0.7927,1.6216,0.8552,0.7832,0.0036,0.0022,0.6134,0.9947,131.011,126.9325,123.286,31.5014,27.8971,29.4054,-0.7751,-0.3663,-0.276,3.2905,2.662,2.5694,-28433750016,-26227253248,-24855111680,65.5095,63.4692,61.6467,"SUKKARI"
143261,1423.744,529.3361,348.0392,0.7535,427.0897,0.9917,144456,0.7867,1.5209,0.8881,0.8068,0.0037,0.0024,0.651,0.9901,123.4206,121.5066,113.2295,27.4058,21.376,24.428,-0.8441,-0.1595,-0.0611,3.7231,2.957,2.5269,-22358900736,-21127413760,-18436028416,61.7091,60.7543,56.6157,"SUKKARI"
146827,1447.351,558.1056,335.986,0.7985,432.3725,0.9919,148026,0.7909,1.6611,0.8808,0.7747,0.0038,0.0023,0.6002,0.997,138.3335,142.1838,127.8503,34.6434,26.6523,28.1135,-0.9658,-0.7588,-0.5966,3.2163,2.7036,2.6183,-29931704320,-30763431936,-24745015296,69.1715,71.0927,63.9276,"SUKKARI"
158924,1497.396,549.2912,370.9325,0.7375,449.8315,0.9886,160755,0.8115,1.4808,0.8907,0.8189,0.0035,0.0023,0.6706,0.9931,95.7466,86.3088,94.1414,32.3151,29.2402,29.8508,0.0356,0.5209,0.255,2.4563,3.0237,2.8602,-15297030144,-12183407616,-14515734528,47.8745,43.1585,47.0748,"SUKKARI"
102215,1196.941,428.5742,304.2583,0.7043,360.755,0.9858,103689,0.7654,1.4086,0.8966,0.8418,0.0042,0.003,0.7086,0.9981,134.0974,133.3062,128.2752,33.1023,26.6144,33.9535,-0.6693,-0.2162,0.0862,2.9913,2.3779,2.0656,-19424120832,-18696521728,-17824847872,67.0369,66.6489,64.1329,"SUKKARI"
187667,1650.6479,612.0896,393.5074,0.766,488.8201,0.9859,190342,0.802,1.5555,0.8655,0.7986,0.0033,0.0021,0.6378,0.992,130.8046,124.76,115.6849,35.6407,31.3167,26.6174,-0.5832,-0.0045,-0.053,2.5308,1.8065,2.0029,-34302599168,-30521284608,-25522841600,65.4045,62.3802,57.8438,"SUKKARI"
143352,1427.5811,515.6693,354.6234,0.726,427.2253,0.9865,145320,0.7724,1.4541,0.8839,0.8285,0.0036,0.0025,0.6864,0.9981,132.1553,132.8907,122.4844,34.6297,26.3806,26.2227,-0.5431,0.0547,0.1644,2.9605,2.5738,2.4806,-26626850816,-26030348288,-21924487168,66.0842,66.4524,61.2513,"SUKKARI"
242106,1897.218,733.3027,424.0022,0.8159,555.2107,0.9891,244779,0.7937,1.7295,0.8452,0.7571,0.003,0.0018,0.5733,0.9914,101.7057,88.4157,91.0843,33.4057,26.3415,28.5225,-0.6433,-0.1795,-0.2889,2.634,2.8078,2.5781,-26404036608,-18962182144,-20471883776,50.8506,44.208,45.5415,"SUKKARI"
138769,1404.488,516.3408,344.0673,0.7456,420.3405,0.9906,140090,0.7613,1.5007,0.884,0.8141,0.0037,0.0025,0.6627,0.9945,127.2342,128.8756,108.2445,31.9082,23.6834,24.2242,-1.127,-1.184,-0.462,3.5441,5.0311,2.8754,-23532441600,-23373099008,-16232477696,63.6097,64.4325,54.1157,"SUKKARI"
140276,1396.4659,515.7888,346.9041,0.74,422.6168,0.9889,141850,0.7916,1.4868,0.9039,0.8194,0.0037,0.0025,0.6714,0.9982,67.6805,67.6815,80.916,20.7385,20.7076,23.7326,0.1936,0.7228,0.2103,3.1327,5.3155,3.3467,-6105571840,-6109187072,-9001221120,33.8296,33.833,40.4505,"SUKKARI"
84406,1084.765,394.5068,273.1771,0.7215,327.8247,0.9899,85271,0.7607,1.4441,0.9014,0.831,0.0047,0.0032,0.6905,0.9972,117.6417,117.4836,109.968,28.2245,24.4929,28.6701,-0.7859,-0.2979,-0.2522,3.2901,2.6577,2.3298,-11970220032,-11736947712,-10450410496,58.8164,58.7378,54.9815,"SUKKARI"
123321,1332.6071,506.1284,311.3531,0.7884,396.2539,0.9925,124256,0.7242,1.6256,0.8727,0.7829,0.0041,0.0025,0.613,0.9964,130.1135,132.4925,105.5937,29.3013,22.0335,24.5488,-1.4281,-1.2616,-0.9384,4.451,4.1482,3.1862,-21648541696,-21911853056,-13716354048,65.0504,66.2426,52.7944,"SUKKARI"
158028,1524.984,583.8958,345.9882,0.8055,448.5616,0.9873,160056,0.7571,1.6876,0.8539,0.7682,0.0037,0.0022,0.5902,0.996,82.5868,83.1525,71.8996,26.2801,22.8516,23.3565,0.0021,0.3595,0.8054,2.2752,2.9607,3.7498,-10801320960,-10640450560,-7991440384,41.2964,41.5789,35.9537,"SUKKARI"
152858,1488.0179,568.9197,342.9484,0.7979,441.1631,0.9905,154319,0.7428,1.6589,0.8675,0.7754,0.0037,0.0022,0.6013,0.9975,132.7679,133.1531,109.2124,27.3917,21.3134,24.2073,-1.3334,-0.7725,-0.1043,4.9389,3.9493,2.513,-27783301120,-27393744896,-18219714560,66.3831,66.5772,54.6087,"SUKKARI"
80044,1059.046,378.1419,270.6614,0.6983,319.2416,0.9883,80990,0.7521,1.3971,0.8968,0.8442,0.0047,0.0034,0.7127,0.9958,108.7848,106.1162,100.9971,31.1041,26.1951,29.3865,-0.3851,-0.2607,-0.1599,2.2247,2.4509,2.2165,-9834114048,-9082079232,-8377428480,54.3915,53.0591,50.5,"SUKKARI"
143446,1435.196,546.4086,335.3802,0.7895,427.3653,0.9896,144948,0.7641,1.6292,0.8751,0.7821,0.0038,0.0023,0.6117,0.9967,110.9879,105.9641,97.8208,27.2662,24.2229,24.2473,-0.5142,-0.2695,-0.3096,2.7046,2.5783,2.7048,-17955272704,-16053414912,-13601080320,55.4929,52.9835,48.9122,"SUKKARI"
143356,1426.459,550.8297,331.6248,0.7985,427.2312,0.9938,144249,0.7981,1.661,0.8853,0.7756,0.0038,0.0023,0.6016,0.9992,116.643,119.1973,106.4353,39.2311,37.3937,31.0386,-0.4753,-0.5714,-0.5239,2.0547,2.0053,2.1746,-21292279808,-21961005056,-16844609536,58.3145,59.5924,53.2102,"SUKKARI"
134664,1385.511,514.5657,334.5349,0.7598,414.0767,0.9883,136252,0.7508,1.5382,0.8815,0.8047,0.0038,0.0025,0.6476,0.996,113.9397,116.5125,99.0061,32.4323,27.3087,27.4219,-0.8056,-0.712,-0.2154,2.796,3.2864,2.5952,-18296057856,-18637944832,-13358255104,56.9622,58.2536,49.5023,"SUKKARI"
153700,1453.689,524.5832,373.9211,0.7014,442.3764,0.991,155102,0.7193,1.4029,0.914,0.8433,0.0034,0.0024,0.7111,0.9977,93.5604,85.7477,89.9195,30.0004,27.9261,30.1835,-0.0107,0.3057,0.1187,2.326,2.5033,2.2966,-13876976640,-11490749440,-12859614208,46.7758,42.872,44.9593,"SUKKARI"
165987,1559.245,596.3097,355.5895,0.8027,459.7186,0.9904,167596,0.6741,1.677,0.8579,0.7709,0.0036,0.0021,0.5943,0.9967,86.866,75.7861,81.557,23.2889,17.5292,20.2279,-0.3133,0.7759,0.4882,2.7638,6.2666,4.2262,-12248570880,-8850424832,-10523205632,43.4317,37.892,40.7792,"SUKKARI"
142413,1438.217,527.6629,346.8893,0.7535,425.8238,0.9794,145415,0.7121,1.5211,0.8652,0.807,0.0037,0.0024,0.6512,0.9906,99.3857,93.6736,89.6992,29.2598,25.4742,26.4597,-0.5024,-0.1638,-0.0987,2.4505,2.3521,2.4319,-14408605696,-12457070592,-11494690816,49.6982,46.8458,44.8598,"SUKKARI"
105070,1210.703,458.1432,293.0307,0.7687,365.7585,0.9931,105801,0.7731,1.5635,0.9008,0.7983,0.0044,0.0028,0.6374,0.9965,114.7241,104.4016,99.7833,38.1157,32.1393,31.7317,-0.5697,-0.2742,0.1558,2.4049,2.6186,2.3792,-14994750464,-11969929216,-10921406464,57.3666,52.2059,49.8991,"SUKKARI"
149806,1435.4399,526.9439,362.1404,0.7264,436.7367,0.994,150711,0.7497,1.4551,0.9136,0.8288,0.0035,0.0024,0.6869,0.9995,86.4547,84.1901,86.5173,27.4213,22.9275,23.6478,-0.516,0.3263,0.3548,2.7327,3.492,3.157,-11310804992,-10350289920,-11004194816,43.2231,42.0917,43.2564,"SUKKARI"
116078,1265.715,452.304,327.0038,0.6909,384.4413,0.9907,117168,0.7919,1.3832,0.9105,0.85,0.0039,0.0028,0.7224,0.9993,102.6787,91.7938,97.1706,31.6562,26.2398,30.9115,-0.3334,0.1243,-0.05,2.472,2.9314,2.3204,-12749470720,-9801904128,-11373991936,51.3459,45.9033,48.5902,"SUKKARI"
131409,1370.5649,500.5441,334.8896,0.7432,409.0417,0.9845,133481,0.773,1.4947,0.8791,0.8172,0.0038,0.0025,0.6678,0.9981,107.0578,102.51,101.2176,29.741,25.9342,25.9849,-0.3849,-0.2744,-0.2033,2.5417,2.7433,2.5527,-15499586560,-13863550976,-13512093696,53.5234,51.2516,50.6075,"SUKKARI"
136187,1410.527,536.2725,323.7206,0.7972,416.4117,0.9909,137436,0.7169,1.6566,0.8602,0.7765,0.0039,0.0024,0.6029,0.9988,133.9527,136.4339,117.6208,36.1539,29.2834,26.6625,-1.1898,-1.5608,-0.8164,3.9605,5.9608,3.9635,-26162874368,-26388185088,-19162105856,66.9823,68.2199,58.8154,"SUKKARI"
163097,1527.1021,569.0895,366.1877,0.7655,455.699,0.9885,164998,0.7754,1.5541,0.8789,0.8008,0.0035,0.0022,0.6412,0.9965,117.9215,116.5512,110.1317,39.1296,37.7421,29.8772,0.0709,0.1504,0.187,1.9378,1.8446,2.2112,-24762406912,-23992227840,-20408354816,58.9653,58.2801,55.0705,"SUKKARI"
219822,1819.8311,719.0757,392.0395,0.8383,529.0426,0.9887,222332,0.6801,1.8342,0.8341,0.7357,0.0033,0.0018,0.5413,0.9928,116.9087,104.9077,105.8488,30.2778,24.2176,21.834,-0.2516,0.2781,0.4566,2.4601,2.4437,3.0428,-31118913536,-24103757824,-24259950592,58.4552,52.4561,52.9273,"SUKKARI"
164567,1487.1,534.5702,393.8198,0.6762,457.748,0.9923,165851,0.8022,1.3574,0.9351,0.8563,0.0032,0.0024,0.7332,0.9953,91.3863,92.7191,99.0692,28.699,24.5498,25.4002,-0.3171,0.2653,0.1568,2.4141,2.8779,2.5941,-14026025984,-14014118912,-16140537856,45.6957,46.3607,49.5348,"SUKKARI"
137347,1413.416,538.478,328.7764,0.792,418.1813,0.9912,138563,0.8289,1.6378,0.864,0.7766,0.0039,0.0024,0.6031,0.9878,141.5468,141.1918,126.0752,29.0135,16.2099,18.1721,-1.3498,-0.5837,-0.1366,4.3849,3.5771,3.0493,-28723490816,-27570794496,-21692766208,70.7684,70.5944,63.0347,"SUKKARI"
86213,1096.823,384.0147,286.8239,0.6649,331.3152,0.9863,87412,0.7599,1.3389,0.9006,0.8628,0.0045,0.0033,0.7444,0.9966,128.0791,132.0382,128.1861,33.9071,25.8739,30.5054,-0.9187,-0.2473,-0.0953,3.2571,2.6035,2.2506,-14963954688,-15412930560,-14767569920,64.0398,66.0221,64.0946,"SUKKARI"
131633,1361.001,523.6849,320.7245,0.7905,409.3902,0.9946,132350,0.7173,1.6328,0.893,0.7817,0.004,0.0024,0.6111,0.9979,140.412,146.1667,120.724,33.2685,26.5972,30.2893,-1.2537,-0.9379,-0.7316,4.0844,3.3333,2.6515,-27505881088,-29232230400,-19893506048,70.201,73.082,60.3587,"SUKKARI"
162413,1540.894,588.4892,352.1533,0.8012,454.7424,0.9883,164338,0.7888,1.6711,0.8596,0.7727,0.0036,0.0022,0.5971,0.9978,104.3719,106.077,99.5672,32.3361,29.965,32.7584,-0.0593,0.2299,0.3929,2.4099,2.6886,2.5289,-18525579264,-18846535680,-16949679104,52.1823,53.0364,49.7803,"SUKKARI"
152861,1474.135,548.472,356.6191,0.7598,441.1674,0.9832,155467,0.7432,1.538,0.884,0.8044,0.0036,0.0023,0.647,0.9951,140.0859,141.3672,112.449,33.8589,27.2044,30.1274,-1.1076,-0.8177,-0.2643,3.4693,2.9983,2.521,-31869728768,-31696930816,-19971598336,70.0434,70.6863,56.2308,"SUKKARI"
79063,1031.912,368.2993,273.6987,0.6691,317.2793,0.9911,79772,0.7706,1.3456,0.933,0.8615,0.0047,0.0035,0.7421,0.9986,124.2196,120.6049,115.2032,29.5704,22.8102,27.2444,-0.9161,-0.2633,-0.0741,3.3129,2.6799,2.3059,-12626919424,-11538566144,-10692658176,62.1074,60.3029,57.5994,"SUKKARI"
156886,1507.4919,592.6061,338.0879,0.8213,446.9379,0.993,157985,0.8113,1.7528,0.8675,0.7542,0.0038,0.0022,0.5688,0.997,112.6683,110.5582,112.6755,26.9942,22.8193,27.6876,-0.5164,-0.0634,-0.2612,2.6686,2.5359,2.4098,-20228263936,-19058726912,-20309366784,56.3367,55.2845,56.3424,"SUKKARI"
142575,1429.6121,551.2555,331.1201,0.7995,426.0659,0.9896,144067,0.7905,1.6648,0.8766,0.7729,0.0039,0.0023,0.5974,0.9945,122.5967,127.4633,116.8129,36.1958,34.146,30.5776,-0.5307,-0.7168,-0.6998,2.3883,2.3417,2.7115,-22939207680,-24542578688,-20170919936,61.2985,63.7344,58.4079,"SUKKARI"
142214,1424.568,526.2787,345.5464,0.7543,425.5261,0.9906,143567,0.6836,1.523,0.8806,0.8086,0.0037,0.0024,0.6538,0.9957,138.2036,141.054,120.0515,34.2693,27.0881,27.5256,-0.9727,-0.5929,-0.2757,3.1515,2.4925,2.3078,-28889290752,-29343639552,-20975187968,69.1077,70.5254,60.0301,"SUKKARI"
155568,1460.313,532.6481,372.7497,0.7143,445.0565,0.993,156657,0.7966,1.429,0.9167,0.8356,0.0034,0.0024,0.6982,0.9976,129.0173,122.4161,126.602,29.2429,25.8179,28.2153,-0.665,-0.252,-0.4096,3.3682,2.8233,2.7539,-26843707392,-23717097472,-25701896192,64.5115,61.2097,63.3051,"SUKKARI"
163093,1531.929,581.2218,358.1298,0.7876,455.6934,0.9904,164682,0.6698,1.6229,0.8733,0.784,0.0036,0.0022,0.6147,0.9976,98.7675,91.2506,99.879,29.5767,25.4717,28.5671,-0.2066,0.191,0.2628,2.4353,3.7608,2.7967,-16340675584,-13530089472,-16607783936,49.3794,45.6244,49.9393,"SUKKARI"
146923,1447.576,534.4625,351.8184,0.7528,432.5138,0.9827,149508,0.7877,1.5191,0.8811,0.8092,0.0036,0.0024,0.6549,0.9949,106.2999,100.6399,105.415,27.4353,23.6344,27.4004,-0.482,0.2283,0.0242,2.8056,2.8178,2.2416,-16844092416,-14728862720,-16565671936,53.1483,50.3207,52.706,"SUKKARI"
103302,1190.031,440.8981,299.0482,0.7348,362.6682,0.9917,104165,0.7662,1.4743,0.9166,0.8226,0.0043,0.0029,0.6766,0.9976,125.2727,120.7123,110.2522,38.1853,35.425,35.4503,-0.0363,0.2193,0.5226,2.2797,2.3516,2.6996,-17561995264,-16063511552,-13429844992,62.6374,60.3576,55.1273,"SUKKARI"
146017,1420.212,530.3442,350.9143,0.7498,431.1782,0.9947,146796,0.7812,1.5113,0.9097,0.813,0.0036,0.0024,0.661,0.999,86.8348,84.8184,92.2493,25.6164,24.5587,25.5173,-0.2748,0.6788,0.2708,2.5891,3.5236,3.0671,-10963424256,-10383427584,-12390780928,43.4114,42.4066,46.1221,"SUKKARI"
137515,1405.913,499.2482,351.661,0.7098,418.437,0.9814,140115,0.757,1.4197,0.8743,0.8381,0.0036,0.0026,0.7025,0.9973,118.0307,116.4183,116.4908,32.6033,29.0659,32.3829,-0.2312,0.0178,-0.0713,2.5851,2.3997,2.2439,-20101292032,-19183765504,-19555231744,59.0189,58.2141,58.2492,"SUKKARI"
114987,1249.179,455.7418,321.8139,0.7081,382.6304,0.9915,115968,0.7675,1.4162,0.926,0.8396,0.004,0.0028,0.7049,0.9982,107.3572,97.9051,102.4415,27.3645,20.8958,22.1535,-0.9381,-0.2003,0.0992,3.1671,5.2429,3.7437,-13440612352,-10712332288,-11863322624,53.6758,48.9533,51.2198,"SUKKARI"
134094,1444.811,541.8755,358.6036,0.7497,413.1994,0.9223,145397,0.7292,1.5111,0.8072,0.7625,0.004,0.0027,0.5815,0.8786,159.6494,163.3493,137.3333,33.0396,24.1597,26.3978,-1.7242,-1.8344,-0.7703,5.8826,7.479,3.3739,-36557438976,-37481897984,-26087032832,79.8289,81.6792,68.6722,"SUKKARI"
166665,1540.965,583.5817,364.5487,0.7809,460.6566,0.9902,168309,0.7839,1.6008,0.882,0.7894,0.0035,0.0022,0.6231,0.9975,131.7993,133.5096,123.1233,37.6682,35.5831,27.4687,-0.1947,-0.0323,0.2783,2.1123,1.8904,2.4854,-31265529856,-31771285504,-25911873536,65.903,66.7591,61.5661,"SUKKARI"
112034,1249.8781,460.5971,310.5606,0.7385,377.6852,0.9903,113126,0.7699,1.4831,0.9012,0.82,0.0041,0.0028,0.6724,0.9972,112.0662,106.7013,107.017,29.4154,21.8392,23.0192,-0.5463,-0.0164,-0.056,2.626,3.3154,3.2403,-14472572928,-12571635712,-12722688000,56.0249,53.3474,53.504,"SUKKARI"
156087,1497.073,560.2502,356.9697,0.7707,445.7983,0.9894,157758,0.7376,1.5695,0.8752,0.7957,0.0036,0.0023,0.6332,0.9937,140.1319,139.8937,121.3883,31.0559,23.6013,24.1142,-1.1076,-0.6134,-0.5087,3.8029,2.6801,2.5482,-32207605760,-31298217984,-23210608640,70.0655,69.9469,60.6948,"SUKKARI"
102162,1191.2061,429.3986,303.5874,0.7072,360.6615,0.9877,103431,0.73,1.4144,0.9047,0.8399,0.0042,0.003,0.7055,0.9978,115.489,108.6169,108.5555,33.5112,26.8291,31.1429,-0.5815,-0.0611,-0.0131,2.6304,2.5456,2.2119,-14358069248,-12207517696,-12508828672,57.7605,54.3177,54.2919,"SUKKARI"
151963,1477.179,551.4623,352.008,0.7698,439.8696,0.9918,153220,0.6908,1.5666,0.8751,0.7976,0.0036,0.0023,0.6362,0.9967,145.5526,148.0503,127.905,28.1266,18.2415,22.6733,-1.4576,-1.2269,-0.8133,5.1776,5.0023,3.4537,-33599162368,-33943552000,-25104467968,72.7737,74.0258,63.9547,"SUKKARI"
148267,1455.217,564.1047,334.9029,0.8047,434.4875,0.9936,149229,0.7871,1.6844,0.8798,0.7702,0.0038,0.0023,0.5932,0.9993,131.1028,130.5082,116.9128,31.7956,24.0512,24.6278,-0.7973,-0.3313,-0.1311,2.8932,2.1577,2.2139,-26738601984,-25692524544,-20422023168,65.5501,65.2547,58.4582,"SUKKARI"
169030,1550.98,570.1261,377.9843,0.7486,463.9135,0.9896,170811,0.7589,1.5083,0.883,0.8137,0.0034,0.0022,0.6621,0.9987,115.4393,108.9392,114.5476,32.2416,26.7258,24.4651,-0.2126,0.2409,-0.3091,2.5468,2.8966,2.8927,-23575756800,-20315744256,-22285780992,57.7269,54.4736,57.2819,"SUKKARI"
102142,1223.502,441.7251,296.504,0.7412,360.6262,0.9863,103559,0.7847,1.4898,0.8574,0.8164,0.0043,0.0029,0.6665,0.993,137.4242,138.8559,131.8009,31.9179,24.9323,26.7356,-1.0933,-0.8542,-0.5385,3.7325,3.9749,3.0696,-20307597312,-20240594944,-18247018496,68.7153,69.4312,65.9034,"SUKKARI"
167497,1580.825,606.2756,353.0795,0.8129,461.8049,0.9827,170443,0.7464,1.7171,0.8423,0.7617,0.0036,0.0021,0.5802,0.9963,130.2023,127.3372,100.9668,32.4467,26.7424,25.9022,-0.6039,-0.1185,0.2506,2.7519,2.1186,2.4622,-29873858560,-27844012032,-17135848448,65.1033,63.6669,50.484,"SUKKARI"
182795,1646.9449,629.4767,374.9311,0.8033,482.4332,0.9895,184729,0.7597,1.6789,0.8469,0.7664,0.0034,0.0021,0.5874,0.9862,103.142,94.2675,102.5959,25.0149,21.0093,23.1096,-0.5164,-0.0177,-0.0628,2.8838,3.9862,3.3547,-19421341696,-15742282752,-19013509120,51.5781,47.1419,51.3071,"SUKKARI"
165248,1592.061,612.0599,344.4518,0.8266,458.6941,0.9874,167352,0.7768,1.7769,0.8193,0.7494,0.0037,0.0021,0.5616,0.998,128.4576,131.2182,117.0016,37.1724,34.3982,29.7047,-0.4371,-0.2684,0.0967,2.3264,2.203,2.5016,-29354602496,-30230966272,-23370696704,64.2372,65.614,58.5088,"SUKKARI"
131994,1386.02,525.6892,320.6077,0.7925,409.9512,0.9887,133507,0.7832,1.6397,0.8634,0.7798,0.004,0.0024,0.6081,0.9972,137.2201,122.8357,116.8634,29.9653,25.8189,24.3902,-0.9543,-0.4569,-0.2824,3.4248,2.5286,2.7084,-25965365248,-20265728000,-18143352832,68.6124,61.4209,58.4346,"SUKKARI"
145774,1451.353,550.7023,337.9216,0.7896,430.8192,0.9918,146972,0.7785,1.6297,0.8696,0.7823,0.0038,0.0023,0.612,0.9974,145.733,140.5726,121.5095,29.6956,22.7672,27.9595,-1.2607,-0.6872,-0.5669,4.6352,3.1495,2.7713,-32485650432,-29460496384,-22084593664,72.8577,70.2813,60.7504,"SUKKARI"
142744,1442.903,557.3111,326.9862,0.8098,426.3183,0.9893,144288,0.7639,1.7044,0.8616,0.765,0.0039,0.0023,0.5852,0.9973,128.42,124.235,116.8849,30.1771,26.3935,24.3249,-0.5898,-0.2427,-0.2809,2.8129,2.2971,2.6192,-24495747072,-22500065280,-19623020544,64.2114,62.1176,58.441,"SUKKARI"
125081,1317.364,484.117,329.4612,0.7327,399.0715,0.9909,126226,0.7868,1.4694,0.9057,0.8243,0.0039,0.0026,0.6795,0.9985,121.8147,110.7108,106.0745,31.7995,28.3572,29.4264,-0.683,-0.2543,-0.0395,2.8975,2.7532,2.5135,-19401383936,-15673366528,-14459362304,60.9065,55.3582,53.0428,"SUKKARI"
194301,1671.417,615.8516,403.3667,0.7557,497.3849,0.987,196863,0.7669,1.5268,0.874,0.8076,0.0032,0.0021,0.6523,0.9959,106.7222,95.4996,103.2612,30.7012,26.0391,24.9828,-0.4074,0.0162,0.0759,2.668,2.8191,3.1837,-22908229632,-17749594112,-20701300736,53.3621,47.7523,51.6339,"SUKKARI"
155595,1507.019,567.617,349.976,0.7873,445.0952,0.9909,157030,0.7799,1.6219,0.8609,0.7841,0.0036,0.0022,0.6149,0.9973,148.2013,148.9814,127.5139,32.073,24.6897,23.5272,-1.2116,-1.1152,-0.6176,4.0002,4.1126,3.4344,-36210061312,-35781738496,-25616431104,74.0971,74.4895,63.7563,"SUKKARI"
162925,1511.9821,564.2595,368.63,0.7571,455.4586,0.9937,163952,0.7956,1.5307,0.8956,0.8072,0.0035,0.0023,0.6515,0.9973,138.594,138.2541,114.914,32.4448,27.5736,24.5349,-1.3972,-1.2732,-0.6074,4.4776,4.5211,3.4492,-33025585152,-32267192320,-21627172864,69.2971,69.1276,57.4579,"SUKKARI"
100471,1186.373,437.8452,292.6243,0.7439,357.6642,0.9891,101577,0.7662,1.4963,0.897,0.8169,0.0044,0.0029,0.6673,0.9984,132.33,125.221,118.6024,30.1531,21.354,24.4045,-0.6555,-0.1665,0.2505,3.0952,3.1183,2.5561,-18344544256,-15797143552,-14251051008,66.1617,62.6151,59.306,"SUKKARI"
112914,1257.132,471.8904,305.1801,0.7627,379.1656,0.9897,114094,0.7093,1.5463,0.8978,0.8035,0.0042,0.0027,0.6456,0.9983,111.3843,108.5332,103.6353,26.7518,21.2803,23.7532,-0.9972,-0.3868,-0.3515,3.2475,3.3438,3.2577,-14192421888,-13097157632,-12033326080,55.6976,54.2674,51.8205,"SUKKARI"
98903,1172.512,430.8867,292.512,0.7343,354.8622,0.9893,99970,0.7751,1.4731,0.904,0.8236,0.0044,0.003,0.6783,0.9991,113.6538,111.8168,103.9329,34.0955,28.846,27.7873,-0.4491,-0.1454,-0.0011,2.5036,2.1761,2.4585,-13511262208,-12684662784,-10858406912,56.8117,55.9049,51.9636,"SUKKARI"
167858,1528.949,581.9219,368.1325,0.7745,462.3023,0.9924,169138,0.7733,1.5807,0.9023,0.7944,0.0035,0.0022,0.6311,0.9977,140.4962,142.3019,121.3455,29.766,21.4184,22.8903,-1.2133,-0.3808,-0.3912,4.7969,2.7521,2.7824,-34654572544,-34695901184,-24823287808,70.2496,71.1544,60.6769,"SUKKARI"
147204,1447.647,546.0123,343.9355,0.7767,432.9272,0.993,148249,0.7057,1.5875,0.8827,0.7929,0.0037,0.0023,0.6287,0.998,145.164,149.3952,127.0337,29.7252,22.0188,28.1649,-1.3996,-1.3516,-0.9884,4.7848,4.688,3.3308,-32536786944,-33815445504,-24476739584,72.5807,74.6999,63.5188,"SUKKARI"
110930,1244.495,440.5929,321.4334,0.6839,375.8197,0.9881,112271,0.7556,1.3707,0.9001,0.853,0.004,0.0029,0.7276,0.9973,140.6417,144.2048,130.3549,30.3873,22.0274,23.8098,-0.9977,-0.6082,-0.1263,3.5521,3.1271,2.3509,-23008167936,-23627732992,-19159949312,70.3174,72.1042,65.1778,"SUKKARI"
155520,1496.624,567.7551,349.5084,0.7881,444.9879,0.987,157562,0.7162,1.6244,0.8725,0.7838,0.0037,0.0022,0.6143,0.9979,107.7497,101.7451,106.1632,27.5655,22.2895,24.4456,-0.512,-0.0913,-0.1985,2.5916,3.2248,2.815,-18345455616,-15827006464,-17494286336,53.8751,50.8733,53.0826,"SUKKARI"
149646,1468.194,570.3056,335.8156,0.8083,436.5034,0.9912,150969,0.7818,1.6983,0.8724,0.7654,0.0038,0.0022,0.5858,0.9949,141.4013,144.9038,125.9421,35.062,26.8986,28.4307,-1,-0.688,-0.3366,3.3721,2.971,2.4352,-31966009344,-32661825536,-24480458752,70.7018,72.4538,62.9747,"SUKKARI"
154497,1491.624,579.3937,340.1177,0.8096,443.5219,0.9934,155530,0.7546,1.7035,0.8726,0.7655,0.0038,0.0022,0.586,0.9982,138.4197,139.8263,112.4425,34.6755,28.9496,26.7472,-0.7722,-0.4922,-0.3561,3.0111,2.3353,2.4409,-31546406912,-31502854144,-19815661568,69.2089,69.9133,56.2231,"SUKKARI"
162849,1592.699,624.2347,333.1545,0.8457,455.3524,0.9847,165383,0.745,1.8737,0.8067,0.7295,0.0038,0.002,0.5321,0.997,99.3345,99.4131,98.0964,30.6494,29.684,22.893,0.0988,0.1479,0.366,1.9809,2.0745,3.4237,-16642662400,-16554817536,-15414438912,49.6674,49.7081,49.0491,"SUKKARI"
192953,1681.762,665.5488,372.4787,0.8287,495.6565,0.9926,194383,0.7623,1.7868,0.8573,0.7447,0.0034,0.0019,0.5546,0.991,117.6504,115.9168,114.8585,29.8148,24.6431,27.6621,-0.3425,0.5291,0.293,3.1966,3.3343,2.8265,-27600273408,-26116403200,-25997262848,58.8212,57.9572,57.4273,"SUKKARI"
132721,1397.782,522.2059,324.7898,0.7831,411.0786,0.9877,134379,0.7197,1.6078,0.8536,0.7872,0.0039,0.0024,0.6197,0.9963,128.7902,112.6047,109.1306,27.2722,22.2289,21.8368,-1.0212,-0.4644,-0.2971,3.5358,3.3741,3.5904,-22627620864,-16710221824,-15614217216,64.3993,56.3087,54.57,"SUKKARI"
144815,1432.645,530.4765,348.3135,0.7542,429.3998,0.9923,145945,0.7378,1.523,0.8866,0.8095,0.0037,0.0024,0.6552,0.9979,154.0656,153.903,141.1264,30.7624,23.6363,25,-1.2988,-0.7564,-0.5594,4.4744,2.9591,2.7645,-36393275392,-35600490496,-29711974400,77.0256,76.9543,70.5632,"SUKKARI"
142955,1454.557,558.9067,326.4683,0.8117,426.6333,0.9876,144755,0.7504,1.712,0.8491,0.7633,0.0039,0.0023,0.5827,0.9975,140.7593,142.7711,127.7278,34.2505,27.8082,24.6304,-0.8908,-0.5913,-0.0412,3.0693,2.5545,2.8724,-30155466752,-30331496448,-23721494528,70.3759,71.3824,63.8628,"SUKKARI"
125374,1320.2679,492.9375,324.2897,0.7531,399.5387,0.9935,126194,0.7258,1.5201,0.9038,0.8105,0.0039,0.0026,0.657,0.9986,129.5031,125.5865,108.7054,37.1497,34.5642,31.675,-0.5059,-0.0671,-0.0164,2.5959,2.1386,2.1907,-22630578176,-21004429312,-15445172224,64.7484,62.7905,54.3519,"SUKKARI"
160709,1508.494,561.2164,366.1832,0.7578,452.3506,0.9892,162470,0.7876,1.5326,0.8875,0.806,0.0035,0.0023,0.6497,0.9957,148.3164,150.2576,130.4827,31.9677,23.3397,24.4435,-1.1803,-0.742,-0.2616,4.1403,3.0082,2.6433,-37447786496,-37505753088,-27876096000,74.162,75.134,65.2471,"SUKKARI"
204508,1704.656,612.2499,429.9135,0.712,510.282,0.9841,207810,0.775,1.4241,0.8844,0.8335,0.003,0.0021,0.6946,0.9893,86.7197,82.294,95.467,32.0025,28.227,29.6899,0.765,1.1135,0.6239,3.5259,4.2019,3.4149,-16249767936,-14173490176,-19193047040,43.3599,41.1496,47.7369,"SUKKARI"
162728,1511.626,568.4935,365.8966,0.7653,455.1832,0.9932,163847,0.8158,1.5537,0.8949,0.8007,0.0035,0.0022,0.6411,0.9961,145.6967,147.2663,121.0193,35.9217,30.2364,29.3607,-1.2989,-0.8785,-0.5976,4.0863,3.1285,2.8413,-37080555520,-37146513408,-24608387072,72.8502,73.6361,60.5138,"SUKKARI"
102533,1198.348,427.9125,306.0871,0.6988,361.3157,0.9871,103878,0.7234,1.398,0.8972,0.8444,0.0042,0.003,0.713,0.9967,133.1886,128.9128,121.6643,30.1732,19.8848,23.7238,-0.8456,-0.151,0.0731,3.3462,3.0034,2.4758,-18972741632,-17073910784,-15300801536,66.5942,64.4598,60.8364,"SUKKARI"
135777,1436.8719,554.0663,317.0632,0.8201,415.7844,0.9818,138291,0.7463,1.7475,0.8264,0.7504,0.0041,0.0023,0.5631,0.9841,144.4103,147.6186,133.8505,38.2381,29.5822,29.532,-1.1659,-1.1672,-0.7623,3.3571,3.8939,2.7341,-30679252992,-31076628480,-25321754624,72.2044,73.811,66.9246,"SUKKARI"
152960,1476.855,548.2127,358.0435,0.7573,441.3102,0.9893,154608,0.7532,1.5311,0.8813,0.805,0.0036,0.0023,0.648,0.9922,140.3079,145.715,120.8575,36.3946,31.4587,32.1839,-0.7738,-0.571,-0.2494,2.8307,2.4455,2.203,-32349526016,-34305236992,-23407439872,70.1557,72.8618,60.433,"SUKKARI"
159858,1503.392,560.9233,364.1994,0.7605,451.1513,0.9875,161889,0.8037,1.5402,0.8888,0.8043,0.0035,0.0023,0.6469,0.9963,117.0464,115.5217,110.4324,30.8156,26.6509,28.0967,-0.5792,-0.1402,-0.2611,2.9403,2.545,2.3726,-22739851264,-21678555136,-19899525120,58.5187,57.7586,55.2128,"SUKKARI"
186236,1628.151,615.6091,385.9771,0.779,486.9528,0.9896,188192,0.6839,1.5949,0.8828,0.791,0.0033,0.0021,0.6257,0.9979,107.021,100.7121,108.8448,31.1978,25.5311,24.9414,-0.312,0.1155,0.1071,2.4252,2.5213,2.5376,-22155165696,-18908143616,-22129031168,53.5082,50.3549,54.42,"SUKKARI"
158157,1510.033,591.0096,340.9958,0.8168,448.7446,0.9947,158995,0.7892,1.7332,0.8716,0.7593,0.0037,0.0022,0.5765,0.9992,126.866,121.1181,116.2913,33.2748,26.8473,24.9182,-0.5511,-0.3076,-0.587,2.6119,2.8771,3.2298,-26854944768,-23685324800,-21562945536,63.4329,60.5601,58.1464,"SUKKARI"
145733,1461.642,570.0002,326.5131,0.8197,430.7587,0.9898,147231,0.794,1.7457,0.8572,0.7557,0.0039,0.0022,0.5711,0.997,115.449,112.8717,109.3377,30.1541,28.1161,25.0016,-0.0069,0.2952,0.132,2.5233,2.2842,2.5747,-20099866624,-18987509760,-17485762560,57.7199,56.434,54.6661,"SUKKARI"
151209,1482.381,544.0471,356.7963,0.7549,438.777,0.9842,153636,0.7315,1.5248,0.8647,0.8065,0.0036,0.0024,0.6505,0.9918,83.2987,75.0434,86.3073,29.4053,27.3335,28.8205,0.4474,1.0156,0.649,2.8051,4.316,3.6684,-10835238912,-8688261120,-11549764608,41.65,37.5235,43.1511,"SUKKARI"
95906,1125.9041,400.1798,305.4454,0.6461,349.4443,0.994,96484,0.7773,1.3102,0.9507,0.8732,0.0042,0.0032,0.7625,0.999,127.5491,131.3761,115.1617,30.5834,24.2483,22.9927,-0.7858,-0.4209,-0.0717,2.9831,2.7621,2.7936,-16254498816,-16864809984,-12705938432,63.775,65.6909,57.583,"SUKKARI"
170267,1617.582,614.0543,354.0693,0.817,465.6078,0.983,173207,0.7196,1.7343,0.8177,0.7583,0.0036,0.0021,0.5749,0.9971,107.0208,100.1189,110.3781,34.8653,30.7398,30.6285,-0.0775,0.0768,-0.2409,2.001,2.1731,2.649,-20769906688,-17685381120,-21484394496,53.5126,50.0612,55.1913,"SUKKARI"
166212,1553.136,571.5416,373.4686,0.757,460.0301,0.9845,168829,0.6771,1.5304,0.8659,0.8049,0.0034,0.0022,0.6479,0.9914,132.9693,133.5494,125.4424,36.0779,28.8753,25.3151,-0.5856,-0.3748,-0.2424,2.5509,2.5038,2.6465,-31475689472,-30780651520,-26618515456,66.4821,66.7748,62.7214,"SUKKARI"
143168,1438.64,522.2192,350.9828,0.7405,426.951,0.9856,145262,0.7836,1.4879,0.8693,0.8176,0.0036,0.0025,0.6684,0.9945,152.3455,150.0145,125.333,34.03,28.8981,30.6818,-1.2669,-0.9577,-0.3983,4.0834,3.5771,2.3895,-35526877184,-33827332096,-23423404032,76.1693,75.0057,62.6653,"SUKKARI"
199707,1711.678,663.8049,384.2429,0.8154,504.2567,0.9924,201232,0.7172,1.7276,0.8566,0.7596,0.0033,0.0019,0.5771,0.9969,139.1584,142.896,135.0905,35.9152,33.1582,30.818,-0.7091,-0.7655,-0.7426,2.4812,2.6765,2.7931,-41450606592,-43275087872,-38162923520,69.5798,71.4512,67.5481,"SUKKARI"
162404,1544.915,608.9265,340.2279,0.8293,454.7298,0.9935,163459,0.7684,1.7898,0.8551,0.7468,0.0037,0.0021,0.5577,0.9981,122.1667,113.1837,109.5339,40.9354,36.8258,32.5798,-0.6827,-0.6001,-0.5187,2.3852,2.371,2.3435,-26668843008,-22380625920,-20412338176,61.0872,56.5926,54.7705,"SUKKARI"
174168,1574.934,587.6588,378.6228,0.7648,470.9114,0.991,175750,0.7985,1.5521,0.8824,0.8013,0.0034,0.0022,0.6421,0.9967,113.6092,108.4231,114.5306,38.0915,33.9242,34.2779,-0.4445,-0.3806,-0.111,2.2814,2.5423,2.4968,-24390127616,-21642842112,-24203325440,56.8031,54.2096,57.2677,"SUKKARI"
143409,1442.124,532.1603,345.7256,0.7602,427.3102,0.9857,145496,0.7043,1.5393,0.8665,0.803,0.0037,0.0024,0.6448,0.9925,131.6851,131.5246,123.3686,27.3193,21.1407,26.0132,-1.0524,-0.3928,-0.2718,4.2144,3.3318,2.7361,-25619701760,-25022607360,-22239576064,65.8422,65.7617,61.6867,"SUKKARI"
96664,1145.434,419.3492,293.6552,0.7139,350.8225,0.9938,97268,0.7939,1.428,0.9258,0.8366,0.0043,0.003,0.6999,0.9995,127.3178,127.0159,113.9956,32.7959,27.5824,29.7622,-0.8973,-0.6974,-0.3969,2.8811,2.7877,2.3993,-16488028160,-16033016832,-12958060544,63.6643,63.5115,57.002,"SUKKARI"
151173,1433.1801,493.1908,390.8281,0.6099,438.7248,0.9886,152921,0.7972,1.2619,0.9249,0.8896,0.0033,0.0026,0.7913,0.9986,102.9134,99.9012,107.7734,34.668,29.9455,30.3418,-0.0277,0.2367,0.1609,2.1517,2.4594,2.358,-17058483200,-15549703168,-18155364352,51.4584,49.9569,53.8931,"SUKKARI"
150399,1482.847,570.9537,336.8778,0.8074,437.6002,0.9878,152253,0.7694,1.6948,0.8595,0.7664,0.0038,0.0022,0.5874,0.9956,142.2562,143.0105,120.6156,34.4488,29.4381,27.5631,-0.8345,-0.5661,-0.6636,3.0465,2.466,2.6738,-32452358144,-32203806720,-22396153856,71.1313,71.5089,60.3126,"SUKKARI"
163973,1515.802,542.8138,386.6868,0.7018,456.9211,0.9848,166510,0.7216,1.4038,0.8968,0.8418,0.0033,0.0024,0.7086,0.9947,110.4333,96.1057,101.3019,26.3694,22.7434,24.0944,-0.4765,0.2827,0.1475,2.7664,3.3375,3.081,-20217860096,-14859089920,-16706228224,55.2172,48.0547,50.6551,"SUKKARI"
107981,1239.067,447.3554,308.2379,0.7247,370.7906,0.9899,109086,0.7703,1.4513,0.8838,0.8289,0.0041,0.0029,0.687,0.9971,134.5973,127.6462,119.7145,39.3168,33.514,34.0395,-0.468,-0.4318,-0.2534,2.0904,2.1685,2.1099,-21296152576,-18590947328,-16373058560,67.2932,63.8242,59.8603,"SUKKARI"
180788,1605.7841,604.344,381.6076,0.7754,479.7775,0.9922,182203,0.785,1.5837,0.8811,0.7939,0.0033,0.0021,0.6302,0.9981,142.2404,141.6842,125.2375,36.0145,31.8832,27.963,-0.8693,-0.2869,-0.5789,3.1145,2.0808,2.4686,-39250636800,-38316040192,-29166972928,71.1161,70.8435,62.6178,"SUKKARI"
137914,1475.6281,570.014,311.584,0.8374,419.0436,0.9835,140228,0.6089,1.8294,0.7959,0.7351,0.0041,0.0023,0.5404,0.9887,143.5222,146.1507,133.2268,40.0318,31.0159,29.4333,-1.056,-1.2398,-0.8692,3.0088,4.0293,3.2276,-31021238272,-31060172800,-25458591744,71.7611,73.0755,66.6119,"SUKKARI"
148517,1463.246,549.3091,346.6294,0.7758,434.8537,0.9918,149749,0.6992,1.5847,0.8717,0.7916,0.0037,0.0023,0.6267,0.9931,139.9318,144.4145,118.8965,33.5968,24.5406,28.1336,-0.8158,-0.3572,-0.0956,3.1494,2.4435,2.1092,-30869807104,-31957917696,-21535674368,69.9621,72.2082,59.4504,"SUKKARI"
179732,1645.203,647.8385,354.4339,0.8371,478.3742,0.9898,181575,0.7411,1.8278,0.8344,0.7384,0.0036,0.002,0.5453,0.9966,93.6029,87.136,95.4295,24.7571,22.5976,21.9017,0.0181,0.8094,0.6843,2.6476,4.6123,4.4744,-15622845440,-13297488896,-15972971520,46.7959,43.5682,47.7134,"SUKKARI"
169147,1569.068,587.965,367.5672,0.7805,464.074,0.9923,170461,0.7039,1.5996,0.8634,0.7893,0.0035,0.0022,0.623,0.9965,116.9435,113.0817,107.3184,27.2325,23.2467,24.3618,-0.6918,-0.1221,-0.1205,3.1199,2.985,3.2159,-23582701568,-21588574208,-19453181952,58.4746,56.5442,53.6629,"SUKKARI"
153048,1523.577,607.1192,321.9273,0.8478,441.4372,0.9922,154253,0.725,1.8859,0.8285,0.7271,0.004,0.0021,0.5287,0.997,122.6003,116.1673,120.8722,28.2341,23.3603,23.2925,-0.7821,-0.5612,-0.6737,3.2017,3.9588,3.7213,-23645988864,-20677664768,-22478458880,61.3006,58.0856,60.4387,"SUKKARI"
154245,1503.598,546.4366,361.8018,0.7494,443.1601,0.9883,156070,0.742,1.5103,0.8573,0.811,0.0035,0.0023,0.6577,0.9934,96.4055,93.7044,92.7976,31.6154,30.2844,32.9301,-0.0573,0.3228,0.3657,2.4202,2.9624,3.0045,-14960579584,-14010061824,-14057613312,48.2049,46.8561,46.4054,"SUKKARI"
144207,1455.647,561.3004,328.1891,0.8113,428.4974,0.9906,145573,0.7559,1.7103,0.8552,0.7634,0.0039,0.0023,0.5828,0.9967,133.4077,128.6071,117.0294,33.0429,26.2763,26.2053,-0.867,-0.422,-0.1656,3.277,2.7337,2.4833,-27102058496,-24426137600,-20047519744,66.7034,64.3021,58.5145,"SUKKARI"
172379,1647.4351,621.3907,354.2521,0.8216,468.4867,0.9804,175830,0.6888,1.7541,0.7981,0.7539,0.0036,0.0021,0.5684,0.9971,102.4928,90.2735,105.8421,29.4885,25.7219,25.3809,-0.0485,0.4872,0.0707,2.3748,3.822,3.4777,-18598156288,-14025698304,-19371372544,51.2499,45.1382,52.925,"SUKKARI"
112819,1255.413,476.7512,301.7341,0.7742,379.0061,0.9933,113578,0.7677,1.58,0.8995,0.795,0.0042,0.0027,0.632,0.9986,133.4311,135.4254,120.672,34.7921,29.2846,32.1839,-0.3021,0.0545,0.4712,2.5769,2.4183,2.2998,-21393035264,-21550960640,-17226102784,66.7188,67.7163,60.3393,"SUKKARI"
201551,1724.1591,673.0964,382.4955,0.8228,506.5794,0.9917,203247,0.7886,1.7598,0.852,0.7526,0.0033,0.0019,0.5664,0.9968,141.0568,139.7514,131.0454,29.1274,24.7309,21.7775,-1.0971,-0.4826,-0.5788,4.043,2.7163,3.3124,-41868271616,-40468987904,-34961629184,70.5276,69.8768,65.5227,"SUKKARI"
143957,1452.262,523.1368,352.3305,0.7392,428.1259,0.9844,146236,0.7746,1.4848,0.8577,0.8184,0.0036,0.0024,0.6697,0.9944,154.6815,150.4548,125.8076,34.9626,29.1245,30.816,-1.3092,-0.8756,-0.3565,4.1478,3.4278,2.4134,-36987568128,-34249711616,-23752157184,77.3446,75.2287,62.9057,"SUKKARI"
156030,1566.979,595.6793,384.2388,0.7641,445.7169,0.9118,171132,0.6319,1.5503,0.7985,0.7482,0.0038,0.0025,0.5599,0.868,141.4377,142.7195,126.9296,38.3508,31.8403,25.6405,-0.6426,-0.4117,-0.3529,2.5952,2.3904,2.6668,-33837977600,-33563627520,-25646532608,70.7212,71.3609,63.4659,"SUKKARI"
175894,1587.17,591.8867,379.7294,0.7671,473.239,0.9932,177106,0.7506,1.5587,0.8774,0.7995,0.0034,0.0022,0.6393,0.9964,100.727,90.2282,95.3538,29.1361,24.8822,27.7008,-0.2323,0.4332,0.3049,2.7883,3.9974,3.2716,-18274963456,-14205623296,-16215183360,50.3612,45.1162,47.6783,"SUKKARI"
167208,1579.176,604.1566,353.461,0.811,461.4064,0.9907,168773,0.6696,1.7093,0.8426,0.7637,0.0036,0.0021,0.5833,0.997,140.124,127.7612,123.9796,33.2891,21.9735,25.6632,-1.2833,-0.7079,-0.588,4.2584,3.787,2.7344,-34792914944,-27492392960,-26157553664,70.0679,63.8854,61.9965,"SUKKARI"
101772,1190.234,437.8928,296.5733,0.7357,359.9724,0.9921,102580,0.7604,1.4765,0.9028,0.8221,0.0043,0.0029,0.6758,0.9978,131.3954,133.3802,119.1755,37.2765,29.9762,30.8305,-0.7477,-0.573,-0.4697,2.489,2.294,2.265,-18920585216,-18878216192,-15024681984,65.6997,66.6945,59.5944,"SUKKARI"
145435,1468.962,529.6494,351.6841,0.7477,430.318,0.9834,147893,0.7516,1.506,0.8469,0.8125,0.0036,0.0024,0.6601,0.9941,122.5559,117.5275,111.1964,29.7007,25.5538,25.7403,-0.5277,0.0919,0.2684,3.5449,3.8267,3.3664,-22610163712,-20339697664,-18142521344,61.2849,58.7703,55.6061,"SUKKARI"
146017,1440.998,536.7607,346.9765,0.763,431.1782,0.9883,147745,0.7445,1.547,0.8837,0.8033,0.0037,0.0024,0.6453,0.9982,120.0754,115.3086,118.904,33.3115,28.6767,28.2241,-0.2223,0.274,0.2238,2.5621,2.6921,2.9658,-22185627648,-19937153024,-21190301696,60.0381,57.6532,59.4519,"SUKKARI"
163469,1513.738,536.2514,391.1683,0.684,456.2184,0.9853,165909,0.7838,1.3709,0.8965,0.8508,0.0033,0.0024,0.7238,0.9922,113.0191,102.0469,102.2376,27.052,23.963,23.4273,-0.2639,0.433,0.306,2.831,3.344,3.5861,-21224015872,-16901419008,-16914098176,56.5079,51.0232,51.118,"SUKKARI"
159802,1530.787,564.7152,362.0923,0.7674,451.0723,0.992,161095,0.6801,1.5596,0.857,0.7988,0.0035,0.0023,0.638,0.995,147.3548,148.1867,122.9946,36.0944,28.684,25.8574,-0.8871,-0.5527,-0.3546,3.0208,2.3733,2.4878,-37314162688,-36777943040,-24607793152,73.6747,74.0935,61.4998,"SUKKARI"
109175,1236.871,438.3364,317.6122,0.6892,372.835,0.991,110166,0.729,1.3801,0.8968,0.8506,0.004,0.0029,0.7235,0.9985,141.0727,138.4075,126.2758,34.8828,24.4166,28.2893,-0.9273,-0.4417,-0.4465,3.1331,2.5458,2.5022,-23194517504,-21455044608,-17945880576,70.5398,69.2101,63.145,"SUKKARI"
175680,1575.722,595.6695,376.3405,0.7751,472.9511,0.9924,177017,0.8067,1.5828,0.8891,0.794,0.0034,0.0021,0.6304,0.9978,141.5457,139.0851,120.8597,33.0225,26.9466,22.1577,-0.7772,-0.2389,-0.0346,3.1069,2.2446,2.7943,-37306486784,-35179409408,-25691805696,70.7764,69.5455,60.4341,"SUKKARI"
132384,1351.8929,480.408,352.3761,0.6797,410.5564,0.991,133593,0.7465,1.3633,0.9103,0.8546,0.0036,0.0027,0.7303,0.9957,127.3763,124.0964,113.0031,34.6467,26.5664,29.0945,-0.974,-0.4174,-0.2715,3.3897,2.5421,2.4274,-22802462720,-20830996480,-17370918912,63.6872,62.0522,56.5056,"SUKKARI"
132872,1375.502,525.5175,322.7784,0.7891,411.3124,0.9906,134127,0.6819,1.6281,0.8825,0.7827,0.004,0.0024,0.6126,0.9974,130.3589,131.7452,110.737,37.47,32.6432,34.454,-0.5377,-0.2393,-0.1995,2.3749,1.8173,1.7672,-24343719936,-24311257088,-17286033408,65.1842,65.8714,55.3698,"SUKKARI"
100547,1172.319,418.8293,306.666,0.6811,357.7994,0.9895,101619,0.7294,1.3658,0.9194,0.8543,0.0042,0.003,0.7298,0.9967,95.0976,86.3199,81.425,31.2549,27.0485,24.3046,-0.147,0.328,0.4785,2.1784,2.8148,3.9101,-9465405440,-7558367232,-6569412096,47.5488,43.1636,40.7164,"SUKKARI"
121786,1302.6949,484.1827,321.4019,0.7479,393.7801,0.9919,122784,0.744,1.5065,0.9018,0.8133,0.004,0.0026,0.6614,0.9964,142.1679,137.3577,127.5787,32.4765,25.4313,26.4096,-1.0564,-0.3753,-0.4389,3.7669,2.3839,2.4107,-26035867648,-23628724224,-20294352896,71.0907,68.6796,63.792,"SUKKARI"
155766,1501.9449,568.3051,351.1553,0.7863,445.3397,0.9876,157724,0.7586,1.6184,0.8677,0.7836,0.0036,0.0023,0.6141,0.9938,91.9429,86.9384,93.9146,21.8202,21.7793,21.5236,0.458,1.2333,0.4307,4.4044,6.2715,4.3607,-12802355200,-11406902272,-13355455488,45.9735,43.4701,46.9607,"SUKKARI"
77054,1010.373,358.0397,274.449,0.6422,313.2223,0.993,77599,0.8018,1.3046,0.9485,0.8748,0.0046,0.0036,0.7653,0.9984,130.3774,124.8933,111.0892,32.5603,22.8696,29.7671,-1.2085,-0.5998,-0.1346,3.8163,3.255,2.2688,-13778324480,-12110615552,-9802575872,65.1898,62.4501,55.5499,"SUKKARI"
139996,1425.17,537.9441,333.2377,0.785,422.1948,0.9928,141018,0.6418,1.6143,0.8661,0.7848,0.0038,0.0024,0.616,0.9943,147.7563,144.3669,129.0181,35.0461,28.8694,31.3251,-1.055,-0.5101,-0.1734,3.396,2.3479,2.0546,-32734414848,-30516697088,-24391043072,73.875,72.1836,64.509,"SUKKARI"
156391,1521.604,569.9616,352.0856,0.7864,446.2322,0.9887,158181,0.6528,1.6188,0.8488,0.7829,0.0036,0.0023,0.613,0.9923,131.9944,121.7788,115.2589,31.2749,28.6816,27.4572,-0.8036,-0.3219,-0.3953,3.3103,2.4362,2.7165,-28535818240,-23887327232,-21187725312,66.0092,60.8989,57.6397,"SUKKARI"
146521,1461.604,551.5557,340.1752,0.7872,431.9217,0.986,148604,0.7464,1.6214,0.8619,0.7831,0.0038,0.0023,0.6132,0.9943,129.6434,119.0465,117.1773,29.8601,24.676,25.6242,-0.949,-0.3844,-0.3875,3.5828,2.7067,2.9111,-25598953472,-20963225600,-20364500992,64.8108,59.5172,58.5842,"SUKKARI"
117648,1276.293,471.5745,318.4257,0.7376,387.0324,0.9931,118469,0.6914,1.481,0.9076,0.8207,0.004,0.0027,0.6736,0.9976,112.1301,110.324,104.7731,36.1849,30.4579,30.9367,-0.6521,-0.1589,-0.1195,2.5888,2.1195,2.3181,-15848130560,-14817743872,-13393996800,56.0748,55.1676,52.3955,"SUKKARI"
60039,911.828,336.7227,228.1414,0.7355,276.4851,0.989,60705,0.7502,1.4759,0.9074,0.8211,0.0056,0.0038,0.6742,0.9951,122.5751,116.0332,123.1962,33.0311,25.5728,29.89,-0.4906,0.2374,-0.0519,2.8271,2.3589,2.2462,-9493458944,-8177310208,-9448558592,61.2796,58.0136,61.5922,"SUKKARI"
129066,1361.24,477.3502,345.5285,0.69,405.3788,0.9846,131091,0.73,1.3815,0.8753,0.8492,0.0037,0.0027,0.7212,0.9963,133.6268,131.456,106.0831,40.0582,36.1178,27.2536,-0.6501,-0.8052,-0.0217,2.4131,2.9627,2.714,-25174841344,-23877249024,-14727612416,66.8138,65.731,53.0454,"SUKKARI"
154464,1463.5551,544.9724,361.5594,0.7482,443.4745,0.9944,155339,0.7135,1.5073,0.9062,0.8138,0.0035,0.0023,0.6622,0.9981,95.0583,93.566,115.5094,37.5116,35.6618,35.1989,-0.1327,0.0294,-0.4976,2.451,2.4448,2.6853,-15321194496,-14636263424,-21938829312,47.5314,46.7847,57.7551,"SUKKARI"
137472,1386.525,511.1523,343.4671,0.7406,418.3716,0.9922,138558,0.7031,1.4882,0.8986,0.8185,0.0037,0.0025,0.6699,0.997,138.4303,137.6562,118.1714,35.1653,31.9543,30.0176,-0.4705,-0.1506,0.1202,2.4551,1.8629,2.4095,-28144125952,-27455727616,-19875577856,69.2153,68.8281,59.0882,"SUKKARI"
142394,1410.396,510.8343,357.1331,0.715,425.7953,0.9844,144650,0.7777,1.4304,0.8995,0.8335,0.0036,0.0025,0.6948,0.9938,128.6478,123.0326,117.8043,37.0876,32.5317,33.2895,-0.1647,0.4203,0.2173,2.4587,2.3263,2.0741,-25369184256,-22655565824,-20829034496,64.3239,61.5135,58.8998,"SUKKARI"
129848,1379.568,509.356,325.7892,0.7687,406.605,0.9846,131885,0.7602,1.5635,0.8574,0.7983,0.0039,0.0025,0.6372,0.9963,157.4149,161.0358,135.7596,28.2615,21.3227,27.0232,-1.1962,-0.3715,-0.0827,4.317,2.3232,2.2412,-33897039872,-34997358592,-24718620672,78.7111,80.5215,67.8836,"SUKKARI"
154111,1503.441,574.9857,341.8783,0.804,442.9675,0.9861,156286,0.7706,1.6818,0.8568,0.7704,0.0037,0.0022,0.5935,0.9982,128.1961,125.4873,116.6464,37.1115,36.083,31.8108,-0.0664,0.1949,0.1055,2.1689,2.0141,2.2152,-27272318976,-25996677120,-21909579776,64.1036,62.746,58.3263,"SUKKARI"
150802,1466.821,553.0468,347.8298,0.7775,438.1861,0.9924,151958,0.7516,1.59,0.8808,0.7923,0.0037,0.0023,0.6278,0.9981,124.372,119.6505,116.3302,34.4341,29.5727,31.6314,-0.7808,-0.5049,-0.4318,2.5315,2.5147,2.5185,-24730392576,-22301835264,-21284450304,62.1784,59.8247,58.1628,"SUKKARI"
174388,1591.974,603.1065,370.933,0.7885,471.2088,0.9887,176384,0.8372,1.6259,0.8647,0.7813,0.0035,0.0021,0.6104,0.9925,133.3566,125.4757,117.6473,34.2672,31.3296,25.6388,-0.347,-0.1042,0.032,2.2618,1.8738,2.4589,-32949585920,-28695267328,-24450680832,66.6753,62.7382,58.8232,"SUKKARI"
169788,1561.29,587.5886,369.6528,0.7773,464.9525,0.9877,171905,0.8115,1.5896,0.8753,0.7913,0.0035,0.0022,0.6261,0.9953,88.7368,81.1818,94.1828,26.7496,24.5074,31.4037,-0.2141,0.4201,0.0735,2.5984,3.6606,2.4445,-13437931520,-11046041600,-15710578688,44.3696,40.594,47.0939,"SUKKARI"
150870,1445.879,537.6102,358.1697,0.7458,438.2849,0.9904,152327,0.713,1.501,0.9069,0.8152,0.0036,0.0024,0.6646,0.9976,122.6048,124.846,120.0798,35.5586,30.5521,31.5222,-0.1636,0.0792,0.0462,2.3663,2.2462,2.1154,-24205848576,-24482635776,-22715193344,61.3043,62.4264,60.0458,"SUKKARI"
191640,1645.98,612.0375,401.4839,0.7548,493.9672,0.991,193385,0.7397,1.5244,0.8889,0.8071,0.0032,0.0021,0.6514,0.993,142.2871,136.8827,115.5671,43.2832,39.3391,31.5011,-0.5624,-0.4522,-0.0949,2.1739,2.1993,1.949,-43052699648,-39097274368,-26683346944,71.1365,68.4399,57.7803,"SUKKARI"
146398,1445.1949,542.8766,344.2591,0.7732,431.7404,0.989,148022,0.7767,1.5769,0.8808,0.7953,0.0037,0.0024,0.6325,0.9974,109.2434,100.7923,102.5657,31.3831,28.4991,28.1038,-0.2811,-0.1478,0.0585,2.4363,2.8043,2.768,-18173194240,-15167342592,-15677341696,54.6219,50.3978,51.2863,"SUKKARI"
79187,1047.858,375.3784,269.2061,0.6969,317.528,0.9885,80108,0.74,1.3944,0.9063,0.8459,0.0047,0.0034,0.7155,0.9977,135.7574,132.1248,128.1628,41.1943,36.0866,39.0378,-0.4817,-0.1893,-0.1602,2.1325,1.9894,1.8957,-16038514688,-14812362752,-14150983680,67.8821,66.0672,64.0849,"SUKKARI"
161855,1551.741,606.4048,341.1171,0.8268,453.9606,0.992,163156,0.7202,1.7777,0.8447,0.7486,0.0037,0.0021,0.5604,0.9963,140.1652,144.2649,126.4928,33.6918,24.3661,23.6378,-0.8811,-0.6031,-0.1673,3.1288,2.9865,2.9026,-33768984576,-34730512384,-26213009408,70.0847,72.1365,63.251,"SUKKARI"
329691,2811.9971,899.2563,475.1783,0.849,647.9009,0.9651,341597,0.8048,1.8925,0.5239,0.7205,0.0027,0.0014,0.5191,0.9824,55.1948,55.0188,71.6564,24.7997,24.1594,23.2171,1.8102,1.9327,0.5693,8.5491,8.8791,4.0039,-10364742656,-10194311168,-16526111744,27.5958,27.5094,35.827,"SAFAWI"
334283,2307.666,868.3939,492.134,0.8239,652.3974,0.9803,340999,0.7825,1.7645,0.7888,0.7513,0.0026,0.0015,0.5644,0.9959,52.3402,54.9537,66.3049,20.3842,20.0122,20.2404,1.2906,2.2032,0.3136,7.7618,12.1367,3.5067,-8792924160,-9612582912,-13889314816,26.1737,27.4799,33.1552,"SAFAWI"
346537,2315.5601,910.2367,486.0287,0.8455,664.2474,0.9851,351786,0.6474,1.8728,0.8122,0.7298,0.0026,0.0014,0.5325,0.9973,52.8539,59.0432,74.9159,22.1789,21.5187,20.4873,1.2794,1.4635,0.3763,6.0069,7.094,3.4491,-9585511424,-11683753984,-18485772288,26.4261,29.5218,37.4574,"SAFAWI"
345062,2668.8879,944.9453,468.3525,0.8685,662.8322,0.9694,355967,0.6318,2.0176,0.6088,0.7015,0.0027,0.0014,0.492,0.9927,72.7064,65.7007,82.6103,33.044,30.4632,35.0643,0.2072,0.5789,0.1861,2.4313,2.9895,2.0872,-19990108160,-16136648704,-25802205184,36.3536,32.8508,41.3054,"SAFAWI"
332213,2502.166,887.0002,480.4225,0.8406,650.3743,0.9675,343374,0.62,1.8463,0.6668,0.7332,0.0027,0.0014,0.5376,0.9926,44.9283,47.0434,59.424,25.1013,24.1637,23.0898,2.304,2.166,0.4598,11.562,9.9313,3.1435,-7434828800,-7833347584,-11570802688,22.4648,23.524,29.7132,"SAFAWI"
360895,2317.3181,879.8793,523.5499,0.8037,677.8685,0.986,366019,0.7472,1.6806,0.8445,0.7704,0.0024,0.0015,0.5935,0.9975,52.2066,52.1164,64.4119,25.3756,22.7962,22.1169,1.8781,1.9753,0.1906,9.0722,9.3498,3.4061,-10405740544,-9868716032,-14470272000,26.1046,26.0596,32.2073,"SAFAWI"
261748,2147.834,843.7059,399.5622,0.8808,577.2936,0.9724,269176,0.7465,2.1116,0.713,0.6842,0.0032,0.0015,0.4682,0.9886,54.0509,57.8454,77.003,21.0299,22.1376,22.5101,1.0568,1.6609,0.0928,7.1398,8.3481,2.8931,-7389626880,-8570613248,-15031180288,27.0255,28.9254,38.5023,"SAFAWI"
272004,2183.8789,899.807,391.8441,0.9002,588.4949,0.9647,281945,0.8275,2.2963,0.7167,0.654,0.0033,0.0014,0.4277,0.9823,63.5463,65.2283,83.4892,23.4035,24.6105,27.7791,0.0961,0.7948,0.017,2.7891,4.7009,2.1672,-10798853120,-11559923712,-19257657344,31.771,32.6126,41.7418,"SAFAWI"
310636,2172.677,799.2029,499.2812,0.7808,628.899,0.9778,317703,0.7144,1.6007,0.8269,0.7869,0.0026,0.0016,0.6192,0.9912,43.8584,49.4347,64.1167,16.4393,19.5599,19.6374,1.0565,2.4231,0.3997,7.1514,13.9665,4.491,-5417550336,-7256268288,-11985079296,21.9262,24.7167,32.0571,"SAFAWI"
390161,2501.55,961.1851,518.9106,0.8418,704.818,0.9819,397351,0.6189,1.8523,0.7835,0.7333,0.0025,0.0013,0.5377,0.996,65.669,60.0333,75.2862,21.9695,20.4559,20.0695,0.0862,1.6781,0.3607,2.979,8.7927,3.1978,-16216041472,-13387341824,-20946847744,32.8364,30.0211,37.6468,"SAFAWI"
1987,2289.3059,1222.723,2.2832,1,50.2984,0.8804,2257,0.8528,535.5257,0.0048,0.0411,0.6154,0.0011,0.0017,0.9062,94.5053,166.1354,148.2114,7.3038,8.6557,5.1486,1.146,0.1605,1.2258,7.3693,2.0304,7.4326,-162731632,-562772672,-437043456,47.2597,83.0649,74.1046,"SAFAWI"
324871,2196.303,817.7822,518.3866,0.7734,643.1474,0.9747,333319,0.6839,1.5776,0.8463,0.7865,0.0025,0.0016,0.6185,0.9757,40.8348,48.279,61.9356,16.1565,19.6335,19.5176,0.6735,2.5658,0.5626,4.8305,14.3906,4.4915,-4909298688,-7276200960,-11683367936,20.4188,24.1386,30.9678,"SAFAWI"
296641,2042.588,760.566,498.9828,0.7547,614.569,0.9866,300676,0.7493,1.5242,0.8935,0.808,0.0026,0.0017,0.6529,0.9952,47.3027,54.7855,70.0336,15.7786,19.0082,18.6123,0.9931,2.4788,0.7297,6.5989,13.6256,4.8479,-5920520704,-8351776256,-13553997824,23.6501,27.3917,35.0164,"SAFAWI"
315981,2314.436,923.5089,441.0663,0.8786,634.2866,0.9608,328868,0.6834,2.0938,0.7413,0.6868,0.0029,0.0014,0.4717,0.9877,43.954,51.3202,64.055,15.1091,20.2198,17.2545,2.2263,2.7274,0.9212,14.9436,14.1444,5.8064,-5405278720,-8023837696,-11861241856,21.9758,25.661,32.0275,"SAFAWI"
316348,2251.885,888.2238,461.0983,0.8547,634.6548,0.9827,321905,0.614,1.9263,0.7839,0.7145,0.0028,0.0015,0.5105,0.9835,46.0515,49.4092,60.4665,20.8067,22.2212,20.9183,1.5,2.2245,0.6077,7.1419,10.78,3.6425,-6639056384,-7781384704,-11051146240,23.0272,24.7079,30.2362,"SAFAWI"
307075,2120.0061,757.7748,517.7811,0.7301,625.2839,0.9861,311412,0.7108,1.4635,0.8586,0.8252,0.0025,0.0017,0.6809,0.9965,44.1403,53.2524,64.1334,18.1975,20.3986,19.8575,1.0291,2.1089,0.6466,5.8204,11.3433,4.5862,-5624521216,-8368526336,-11890652160,22.0716,26.6284,32.0685,"SAFAWI"
342249,2263.8721,861.6223,507.2628,0.8083,660.1249,0.9805,349053,0.7618,1.6986,0.8392,0.7661,0.0025,0.0015,0.587,0.997,63.9911,64.9474,78.4979,28.8098,25.8543,23.0273,2.1235,1.7056,0.2475,9.6566,6.8923,2.7117,-14995620864,-14721031168,-20530765824,31.9926,32.474,39.2479,"SAFAWI"
319486,2155.209,811.8257,503.8588,0.7841,637.7948,0.9873,323609,0.6774,1.6112,0.8643,0.7856,0.0025,0.0016,0.6172,0.9945,63.6229,55.578,62.599,25.8722,20.8633,21.0361,0.0101,1.5425,0.3069,1.9543,8.4926,3.0217,-13147740160,-9499850752,-11954546688,31.8097,27.789,31.2988,"SAFAWI"
338159,2412.6431,885.6038,489.3434,0.8335,656.1688,0.966,350043,0.6469,1.8098,0.73,0.7409,0.0026,0.0014,0.549,0.9935,52.2396,57.8312,72.9717,21.1315,20.9682,19.5904,2.1524,2.2116,0.4796,11.4125,10.8061,4.0795,-9007709184,-10887040000,-16958703616,26.1204,28.9183,36.4883,"SAFAWI"
336865,2580.1411,882.9647,488.4337,0.8331,654.9121,0.9601,350873,0.7419,1.8077,0.6359,0.7417,0.0026,0.0014,0.5501,0.9945,55.6321,60.0696,71.3194,28.396,25.3144,23.2793,1.6872,1.5174,0.3405,7.5115,6.4382,3.3465,-11477377024,-12436102144,-16732371968,27.8189,30.0402,35.6642,"SAFAWI"
343471,2252.614,836.8517,533.9788,0.77,661.3024,0.9752,352200,0.6598,1.5672,0.8506,0.7902,0.0024,0.0016,0.6245,0.9787,38.8952,48.1811,60.1799,15.915,21.3649,20.0559,0.9004,2.9764,0.9172,5.3466,15.8872,4.9999,-4714169344,-7956724736,-11758208000,19.4499,24.0934,30.0921,"SAFAWI"
305281,2094.0471,784.4472,497.3204,0.7734,623.4548,0.9875,309133,0.7156,1.5773,0.8749,0.7948,0.0026,0.0016,0.6317,0.9963,51.191,56.8972,70.7398,15.5416,20.101,17.5933,0.3896,2.7297,0.877,3.874,14.825,5.029,-7100284416,-9410835456,-14110714880,25.5967,28.4491,35.3703,"SAFAWI"
343837,2401.0491,932.5298,474.1729,0.8611,661.6547,0.9685,355036,0.8021,1.9666,0.7495,0.7095,0.0027,0.0014,0.5034,0.9901,56.5183,65.708,81.4493,20.3704,21.9034,19.6815,0.9527,1.7932,0.0097,6.6299,9.3426,3.3793,-10459079680,-14348042240,-21640226816,28.2569,32.8537,40.7231,"SAFAWI"
368888,2340.272,900.6602,522.6354,0.8144,685.334,0.99,372629,0.7344,1.7233,0.8464,0.7609,0.0024,0.0014,0.579,0.9978,40.841,45.4799,51.3948,24.0216,24.0033,21.5202,2.0636,2.2492,1.1581,9.2513,10.2464,5.1451,-6891756544,-8196511744,-9573191680,20.4211,22.7406,25.6979,"SAFAWI"
304269,2135.521,799.3446,485.4948,0.7944,622.4205,0.9914,306911,0.6788,1.6465,0.8384,0.7787,0.0026,0.0016,0.6063,0.9983,47.635,59.1219,68.9566,20.517,23.3752,22.7324,0.8304,1.7837,0.5837,4.4193,8.2433,3.5398,-6725733888,-10587577344,-14064463872,23.8187,29.5629,34.48,"SAFAWI"
344693,2275.437,859.6257,513.2087,0.8022,662.4777,0.9834,350497,0.7568,1.675,0.8366,0.7707,0.0025,0.0015,0.5939,0.9948,60.0411,60.7612,70.5142,20.9597,23.0358,21.3536,0.918,1.6986,0.533,5.5589,8.2337,3.6791,-11891206144,-12558572544,-16406525952,30.019,30.3796,35.2554,"SAFAWI"
329844,2263.136,830.3763,511.5652,0.7877,648.0513,0.9747,338410,0.675,1.6232,0.8093,0.7804,0.0025,0.0016,0.6091,0.9887,63.0183,60.9726,69.0749,29.3464,25.7847,23.6979,1.2982,1.6105,0.5289,6.0715,6.8099,3.5194,-14132529152,-12610872320,-15466329088,31.5099,30.489,34.5399,"SAFAWI"
379392,2423.8159,923.5928,526.172,0.8219,695.0229,0.98,387151,0.7523,1.7553,0.8115,0.7525,0.0024,0.0014,0.5663,0.994,59.0066,65.2204,79.5346,24.5348,24.9825,23.8254,1.267,1.4786,0.3794,6.9256,6.5075,3.4621,-13369960448,-16235952128,-23542093824,29.5009,32.6087,39.7651,"SAFAWI"
369552,2425.3091,907.0522,520.784,0.8188,685.9506,0.9777,377965,0.7579,1.7417,0.7895,0.7562,0.0025,0.0014,0.5719,0.9961,57.3441,64.9994,79.6146,19.7735,22.4423,22.3683,0.5711,1.514,-0.1526,5.1509,8.6022,3.3219,-11451468800,-15191005184,-22665852928,28.6713,32.4982,39.806,"SAFAWI"
348682,2230.7729,868.1721,514.5999,0.8054,666.3,0.9939,350832,0.728,1.6871,0.8805,0.7675,0.0025,0.0015,0.589,0.9937,55.0291,61.2082,70.0694,19.769,19.2138,20.7082,0.0607,1.5356,0.5185,2.7297,7.6516,3.4094,-9958213632,-12224260096,-16277473280,27.5123,30.6035,35.033,"SAFAWI"
333946,2397.759,899.7597,479.4367,0.8462,652.0684,0.9794,340983,0.6802,1.8767,0.7299,0.7247,0.0027,0.0014,0.5252,0.9857,55.821,61.5875,76.7154,18.8382,19.4483,19.5183,0.4775,1.3187,-0.0112,5.219,8.1749,3.4798,-9682460672,-11881192448,-18540623872,27.9104,30.7944,38.3571,"SAFAWI"
390524,2520.322,880.0991,570.349,0.7616,705.1458,0.9661,404228,0.7113,1.5431,0.7726,0.8012,0.0023,0.0015,0.6419,0.9906,44.9479,54.911,64.5858,20.0027,20.7984,19.7407,1.1627,1.9049,0.5472,6.769,10.2481,4.7325,-7694805504,-11349405696,-15312654336,22.4723,27.4565,32.2931,"SAFAWI"
314958,2248.6421,868.9798,464.3831,0.8452,633.259,0.9764,322579,0.6113,1.8713,0.7827,0.7287,0.0028,0.0015,0.5311,0.9937,39.8418,52.0252,59.7291,19.496,21.3575,19.3123,1.8087,2.1847,0.9181,9.682,10.4501,5.3167,-4969856000,-8364455936,-10519228416,19.9202,26.0131,29.864,"SAFAWI"
260563,1975.374,762.5055,437.851,0.8187,575.9854,0.9871,263977,0.6648,1.7415,0.8391,0.7554,0.0029,0.0017,0.5706,0.9937,32.4549,44.7659,57.7666,13.9994,16.9298,19.8521,0.8734,2.4167,0.3581,7.7778,16.2644,3.6606,-2424508160,-4791147520,-8197618688,16.2304,22.386,28.886,"SAFAWI"
305013,2128.178,791.0696,492.8919,0.7822,623.181,0.9855,309501,0.7714,1.605,0.8463,0.7878,0.0026,0.0016,0.6206,0.996,53.1636,61.2338,75.927,17.2981,19.1911,19.48,0.5948,1.6604,0.4106,5.1884,8.666,3.3644,-7854916608,-10701174784,-16580510720,26.5796,30.6155,37.9618,"SAFAWI"
309308,2247.3501,849.9919,470.8614,0.8325,627.5533,0.9662,320141,0.6401,1.8052,0.7696,0.7383,0.0027,0.0015,0.5451,0.984,48.96,59.4153,65.0704,23.5012,21.8566,17.0098,2.27,2.0519,0.7244,9.8107,8.3675,5.3568,-7697161728,-10626008064,-11959480320,24.4771,29.7054,32.5322,"SAFAWI"
292394,2104.054,786.5365,476.3308,0.7958,610.1537,0.979,298663,0.6981,1.6512,0.83,0.7757,0.0027,0.0016,0.6018,0.9937,49.3462,59.046,70.9125,16.9336,19.484,20.8922,0.2936,1.3343,-0.0041,3.2897,7.9099,2.9726,-6457776640,-9574863872,-13996268544,24.6749,29.5237,35.458,"SAFAWI"
299508,2159.3999,831.4197,466.0862,0.8281,617.5317,0.9714,308330,0.7548,1.7838,0.8071,0.7427,0.0028,0.0016,0.5517,0.9841,43.3731,53.1238,57.127,18.0668,18.6397,17.987,0.3873,2.3998,0.9086,3.2238,13.4734,5.0416,-5281233408,-7895278592,-8995084288,21.6859,26.5615,28.5634,"SAFAWI"
438181,2603.1021,946.6895,593.0048,0.7795,746.9333,0.9774,448303,0.6904,1.5964,0.8126,0.789,0.0022,0.0014,0.6225,0.9938,56.4215,58.2065,69.8423,19.2022,19.2578,18.9943,0.6096,1.8932,0.1125,4.7339,11.2955,4.2787,-13048867840,-13920427008,-19964092416,28.2083,29.103,34.9201,"SAFAWI"
306542,2415.4199,885.6404,446.5649,0.8636,624.7411,0.9659,317373,0.6177,1.9832,0.6603,0.7054,0.0029,0.0015,0.4976,0.9869,47.4447,57.6652,74.2627,19.7529,20.1111,18.8685,2.2011,2.2754,0.2081,12.8595,12.0887,4.4165,-6655090176,-9690033152,-15831255040,23.7233,28.8357,37.1339,"SAFAWI"
298963,2119.7129,722.8275,544.2319,0.6581,616.9696,0.9424,317248,0.6671,1.3282,0.8361,0.8536,0.0024,0.0018,0.7285,0.9676,63.3068,65.8565,74.385,28.102,24.0695,22.9453,2.1074,1.6993,0.8237,8.7354,6.6662,3.9821,-12710694912,-12882736128,-16103895040,31.6534,32.928,37.1924,"SAFAWI"
341948,2344.6541,915.7393,480.3995,0.8513,659.8346,0.9747,350834,0.607,1.9062,0.7817,0.7205,0.0027,0.0014,0.5192,0.9897,48.7616,57.3043,68.5695,32.1986,27.4921,21.9902,2.5518,2.0925,0.4145,10.5376,8.4426,3.8862,-10393005056,-12080470016,-15494039552,24.3849,28.6558,34.2879,"SAFAWI"
266271,1979.91,765.7112,444.7476,0.814,582.2601,0.9917,268512,0.654,1.7217,0.8536,0.7604,0.0029,0.0017,0.5782,0.9955,35.7135,48.7046,63.5592,14.384,18.3537,20.3778,0.492,2.2612,0.2226,4.4464,14.1668,3.1325,-2989908224,-5908135936,-10182017024,17.8575,24.3544,31.7812,"SAFAWI"
324322,2206.6931,836.2029,495.7765,0.8053,642.6038,0.986,328911,0.7366,1.6867,0.837,0.7685,0.0026,0.0015,0.5906,0.9961,72.645,76.6908,95.0792,22.5095,23.5206,26.3405,-0.037,0.6066,-0.0829,3.5628,4.1848,2.2788,-16560805888,-18664175616,-29422188544,36.3219,38.3441,47.5386,"SAFAWI"
358061,2341.7161,898.2679,510.7881,0.8226,675.2018,0.9781,366070,0.6509,1.7586,0.8205,0.7517,0.0025,0.0014,0.565,0.9936,50.8599,58.4114,67.5393,23.4874,22.3502,17.9987,2.1938,2.0998,0.8526,9.5045,8.7717,4.7832,-9515106304,-12000510976,-15098835968,25.4295,29.2063,33.769,"SAFAWI"
305436,2113.0339,785.2101,497.2452,0.7739,623.613,0.9848,310166,0.6879,1.5791,0.8596,0.7942,0.0026,0.0016,0.6308,0.996,37.0365,48.7107,60.935,14.4926,18.7513,18.6723,0.6169,3.1043,0.8127,5.1732,18.4264,5.3609,-3686725888,-6846967808,-10527415296,18.5202,24.359,30.4704,"SAFAWI"
324333,2251.9519,872.6161,480.502,0.8347,642.6147,0.9786,331440,0.7528,1.8161,0.8037,0.7364,0.0027,0.0015,0.5423,0.9849,47.8461,53.6601,64.0714,17.2031,19.3057,17.3379,0.5649,2.7514,0.9276,4.1183,15.6161,6.1003,-6780293632,-8819916800,-12191748096,23.9241,26.8325,32.038,"SAFAWI"
363949,2395.4839,910.101,514.1874,0.8251,680.7307,0.9783,372012,0.7982,1.77,0.797,0.748,0.0025,0.0014,0.5595,0.9902,43.5877,53.1977,62.8324,16.707,19.3127,16.5566,2.0383,2.4124,0.7347,10.3539,11.5812,5.6042,-6328694784,-9729642496,-13031230464,21.7942,26.6002,31.4164,"SAFAWI"
359736,2309.425,885.5075,519.3417,0.81,676.7792,0.9869,364513,0.6721,1.7051,0.8476,0.7643,0.0025,0.0014,0.5841,0.996,39.3553,48.7091,56.0089,17.3151,18.9538,15.6563,2.3919,2.6801,0.9777,13.2184,12.8071,5.5445,-5257520128,-8089211392,-10071282688,19.6799,24.3567,28.0063,"SAFAWI"
346812,2241.5271,822.7707,541.0915,0.7533,664.5109,0.9836,352609,0.7827,1.5206,0.8674,0.8077,0.0024,0.0016,0.6523,0.9919,45.9449,53.242,59.5133,18.7615,18.8781,16.1328,2.1651,2.4096,0.6789,11.6669,11.7971,4.6748,-6952758272,-9219633152,-11053977600,22.9718,26.6223,29.7571,"SAFAWI"
291741,2173.8501,825.0677,453.8622,0.8351,609.472,0.9622,303203,0.6333,1.8179,0.7758,0.7387,0.0028,0.0016,0.5457,0.992,38.5562,49.1006,58.1802,26.1813,24.0676,19.8278,2.5556,2.109,1.0364,10.7791,8.2456,5.7711,-5372660224,-7382062080,-9319202816,19.2796,24.5542,29.0926,"SAFAWI"
285591,2033.105,769.5074,475.9642,0.7858,603.0139,0.9893,288679,0.6437,1.6167,0.8682,0.7836,0.0027,0.0017,0.6141,0.9928,38.925,46.8114,53.1881,13.9735,17.2349,16.4905,0.2598,2.9764,0.7104,3.2975,16.8012,5.0654,-3744430848,-5763748864,-7277686784,19.4633,23.4081,26.5951,"SAFAWI"
405080,2529.947,908.9462,572.9896,0.7763,718.1671,0.9643,420062,0.6678,1.5863,0.7953,0.7901,0.0022,0.0014,0.6243,0.9903,43.4994,50.4965,54.8695,19.3277,20.3956,18.5708,1.8275,2.2146,0.8452,9.487,10.8294,4.9576,-7431533056,-9997530112,-11323259904,21.7508,25.2506,27.4358,"SAFAWI"
324072,2286.123,910.458,458.4029,0.864,642.356,0.9674,334988,0.6596,1.9862,0.7792,0.7055,0.0028,0.0014,0.4978,0.9887,46.2701,53.0373,60.5982,23.4245,21.2276,18.4696,2.2708,2.2452,0.774,10.845,10.1677,4.5215,-7306404352,-8900652032,-11018844160,23.1353,26.5192,30.2998,"SAFAWI"
417042,2416.6079,900.7124,591.0679,0.7546,728.6936,0.9916,420594,0.6972,1.5239,0.8974,0.809,0.0022,0.0014,0.6545,0.9974,39.7193,49.0909,58.1494,15.4456,17.4788,18.7082,0.586,2.0037,0.5985,3.9905,10.9327,3.5445,-5883275776,-9243309056,-13094511616,19.8605,24.5469,29.076,"SAFAWI"
353934,2500.2959,1036.5886,444.3591,0.9035,671.2993,0.9426,375480,0.6608,2.3328,0.7115,0.6476,0.0029,0.0013,0.4194,0.9783,41.1155,53.6068,60.4243,16.1406,16.9752,18.2037,0.6265,2.0848,0.497,4.2178,12.0559,3.7734,-5416683520,-9249147904,-11920159744,20.5598,26.805,30.2141,"SAFAWI"
396005,2696.511,1070.647,481.6583,0.8931,710.0769,0.9431,419899,0.5898,2.2228,0.6844,0.6632,0.0027,0.0012,0.4399,0.9777,47.8278,50.327,55.4275,24.553,24.1157,18.7741,2.1987,2.7799,1.5439,8.6844,12.7264,8.0399,-9694430208,-10497154048,-11342642176,23.9125,25.164,27.7132,"SAFAWI"
429984,2502.5491,919.503,597.7715,0.7598,739.9139,0.9896,434508,0.6716,1.5382,0.8628,0.8047,0.0021,0.0014,0.6475,0.996,55.8859,57.1587,65.6959,17.9136,19.5944,20.5398,0.5676,2.6952,0.5708,5.176,15.6793,4.7997,-12336971776,-13269393408,-17604939776,27.9413,28.5788,32.8473,"SAFAWI"
314398,2301.7771,901.9976,449.2205,0.8672,632.6958,0.9603,327390,0.7426,2.0079,0.7457,0.7014,0.0029,0.0014,0.492,0.9879,48.8075,53.2575,58.4673,23.181,24.5037,22.2218,1.9018,2.3081,1.0395,9.469,10.86,4.9306,-7709745152,-9247447040,-10501228544,24.4001,26.6255,29.2304,"SAFAWI"
406895,2607.74,942.4899,555.5389,0.8078,719.7741,0.972,418597,0.7873,1.6965,0.7519,0.7637,0.0023,0.0014,0.5832,0.9895,54.2047,58.9548,65.795,21.2235,22.2972,22.3665,0.8631,2.0282,0.7061,4.5493,10.4426,3.9792,-11585471488,-13859176448,-17082999808,27.1019,29.4778,32.8972,"SAFAWI"
301865,2105.5049,781.5297,494.9785,0.7739,619.9568,0.9891,305204,0.6645,1.5789,0.8557,0.7933,0.0026,0.0016,0.6293,0.9936,49.8865,55.267,63.0709,21.0763,23.0181,23.8064,0.3426,1.7853,0.5515,3.2214,9.9272,3.5318,-7326598656,-9212645376,-11895553024,24.9439,27.6341,31.5359,"SAFAWI"
287242,2113.79,813.7664,452.3801,0.8312,604.7544,0.9777,293808,0.6455,1.7989,0.8079,0.7432,0.0028,0.0016,0.5523,0.9935,46.0125,58.2916,69.2732,26.8248,27.317,25.8927,1.6536,1.4887,0.519,7.5021,6.3064,3.3471,-6940698624,-10388342784,-13905584128,23.0093,29.1501,34.6408,"SAFAWI"
325494,2306.311,852.4514,502.0418,0.8082,643.7638,0.9389,346689,0.6117,1.698,0.769,0.7552,0.0026,0.0015,0.5703,0.9684,59.1452,66.3237,77.0271,28.9747,25.1277,20.4852,1.9537,1.8387,0.6516,7.9657,7.6431,4.9451,-12459809792,-14421492736,-18384814080,29.5736,33.1632,38.5148,"SAFAWI"
356651,2280.439,835.3093,546.3404,0.7564,673.871,0.9889,360665,0.7884,1.5289,0.8618,0.8067,0.0023,0.0015,0.6508,0.995,69.6371,70.6731,82.4581,27.0443,23.8642,24.2816,0.466,1.2033,0.1496,3.7078,6.1275,2.6594,-17684740096,-17547194368,-23884163072,34.8182,35.3389,41.23,"SAFAWI"
348293,2552.9199,855.3557,526.3486,0.7882,665.9282,0.9701,359035,0.7715,1.6251,0.6716,0.7785,0.0025,0.0015,0.6061,0.985,68.5606,72.5102,82.9854,24.8896,23.4831,20.5361,1.3648,1.7528,0.0123,7.5607,8.4042,4.0524,-16359649280,-17962299392,-22930520064,34.2827,36.2575,41.4942,"SAFAWI"
390961,2480.5339,991.6502,505.0957,0.8606,705.5402,0.9847,397037,0.6254,1.9633,0.7985,0.7115,0.0025,0.0013,0.5062,0.9938,57.091,61.1805,71.6292,25.3777,22.5469,18.4398,2.2459,2.0173,0.3582,10.4281,9.1581,4.6065,-13213769728,-14342359040,-18672896000,28.5434,30.5893,35.8131,"SAFAWI"
265688,2372.804,888.2209,387.3163,0.8999,581.6223,0.9603,276661,0.5237,2.2933,0.593,0.6548,0.0033,0.0015,0.4288,0.9833,50.7533,62.1773,74.1823,24.0383,24.8438,22.0387,1.7399,1.9391,0.5253,8.0099,8.3246,3.5337,-7096707584,-10391261184,-14098856960,25.3831,31.0941,37.0967,"SAFAWI"
371994,2623.8569,951.4442,502.8416,0.8489,688.2133,0.9679,384342,0.7634,1.8921,0.679,0.7233,0.0026,0.0014,0.5232,0.99,57.0918,62.7644,73.6707,20.6062,22.0033,19.2257,1.3162,2.125,0.385,7.6682,10.3624,4.1416,-11591696384,-14227479552,-18959800320,28.546,31.3804,36.8336,"SAFAWI"
340970,2301.739,902.88,483.9293,0.8442,658.8903,0.9895,344574,0.6506,1.8657,0.8087,0.7298,0.0026,0.0014,0.5326,0.9936,60.8139,61.5086,72.0111,31.1261,27.4014,22.2621,1.8751,1.8329,0.5569,7.7035,7.3015,4.1894,-14205517824,-13602154496,-17087275008,30.4026,30.7527,36.0019,"SAFAWI"
330662,2226.217,852.117,495.9751,0.8132,648.8543,0.9801,337365,0.6636,1.7181,0.8384,0.7615,0.0026,0.0015,0.5798,0.9962,43.1261,49.9916,61.0303,17.1966,21.7289,22.9741,0.3389,2.0505,0.4318,3.5027,11.4502,3.2484,-5660197888,-8215779840,-12093665280,21.5636,24.9978,30.516,"SAFAWI"
379834,2640.3721,937.067,524.6108,0.8286,695.4277,0.9692,391899,0.7519,1.7862,0.6847,0.7421,0.0025,0.0014,0.5508,0.9838,55.2277,59.0736,71.7671,21.4898,21.917,20.4574,1.4213,2.1677,0.3973,8.6183,11.1152,4.6831,-11267392512,-12916677632,-18559225856,27.6147,29.5396,35.8852,"SAFAWI"
354939,2431.9409,902.0753,504.1099,0.8293,672.2517,0.9701,365893,0.6958,1.7894,0.7541,0.7452,0.0025,0.0014,0.5554,0.9938,50.7353,57.9182,68.5621,25.2079,25.072,23.4903,1.8843,1.8645,0.5629,8.6567,8.1509,4.3243,-9713970176,-12229248000,-16362516480,25.3668,28.9573,34.2791,"SAFAWI"
376345,2531.1399,876.8118,553.4316,0.7756,692.2264,0.9688,388480,0.664,1.5843,0.7382,0.7895,0.0023,0.0015,0.6233,0.9875,59.6402,58.6451,67.6381,25.7492,23.5231,22.8199,1.0354,1.7026,0.5601,5.7658,8.0427,3.5003,-13777307648,-12925481984,-16764726272,29.8209,29.3236,33.82,"SAFAWI"
348611,2413.0229,902.8517,498.4926,0.8338,666.2322,0.9357,372583,0.6711,1.8112,0.7524,0.7379,0.0026,0.0014,0.5445,0.9862,51.4786,59.0049,67.6252,21.0192,21.9649,20.6823,1.0747,2.1418,0.4083,6.0659,10.6474,3.9277,-8984484864,-11838383104,-15144782848,25.743,29.5071,33.8162,"SAFAWI"
318189,2250.4331,848.323,483.1063,0.822,636.4989,0.9784,325221,0.6359,1.756,0.7895,0.7503,0.0027,0.0015,0.563,0.9885,45.0009,54.301,62.9096,27.624,27.5359,21.4752,2.5431,2.3191,0.9193,11.5974,9.3755,4.8811,-7641234432,-10277329920,-12106513408,22.4992,27.1519,31.4547,"SAFAWI"
342189,2271.408,864.2709,505.7227,0.8109,660.0671,0.9828,348180,0.6754,1.709,0.8335,0.7637,0.0025,0.0015,0.5833,0.9968,50.4845,57.8188,67.9017,19.2118,21.0277,17.8273,1.4527,2.3773,0.8022,7.4142,11.6872,5.2247,-8240922112,-11026751488,-14563277824,25.2406,28.9094,33.9495,"SAFAWI"
350325,2386.7781,963.5161,465.2725,0.8757,667.868,0.9867,355063,0.7847,2.0709,0.7728,0.6932,0.0028,0.0013,0.4805,0.995,52.2699,59.6734,71.4915,15.9294,20.1275,18.6601,0.1241,2.5331,0.2873,3.9222,14.4461,4.6742,-8540762112,-11844352000,-16696905728,26.1346,29.8383,35.7459,"SAFAWI"
346091,2297.6211,897.7186,496.3939,0.8332,663.8198,0.9896,349712,0.6365,1.8085,0.8238,0.7395,0.0026,0.0014,0.5468,0.9889,55.1005,60.7217,76.7728,17.4683,18.7819,18.9212,1.0853,2.133,0.1712,8.7273,12.8123,4.5997,-9602013184,-11886132224,-19155111936,27.5494,30.3596,38.3858,"SAFAWI"
275863,2157.9819,886.1564,400.3563,0.8921,592.6548,0.9792,281736,0.8018,2.2134,0.7444,0.6688,0.0032,0.0015,0.4473,0.99,56.6472,61.6551,74.85,20.0275,21.8225,23.1819,0.1337,1.5655,0.1549,3.1103,8.4591,3.1739,-8368459264,-10153965568,-15060761600,28.3208,30.8281,37.4247,"SAFAWI"
376776,2534.9299,964.1249,506.2896,0.851,692.6226,0.9753,386301,0.6188,1.9043,0.7368,0.7184,0.0026,0.0013,0.5161,0.9828,62.2751,62.0958,71.861,23.0209,20.3069,22.2886,0.2386,1.6223,0.1024,3.6145,10.1526,3.2472,-14320820224,-13781369856,-18790600704,31.1402,31.0516,35.933,"SAFAWI"
357359,2419.9121,913.3724,501.1158,0.8361,674.5396,0.9761,366103,0.6276,1.8227,0.7669,0.7385,0.0026,0.0014,0.5454,0.9941,51.4133,60.6734,72.7342,17.1907,19.8685,19.2268,0.8403,2.1157,0.4013,6.2613,11.6033,4.1747,-8602771456,-12429481984,-17741076480,25.7055,30.337,36.3668,"SAFAWI"
363778,2324.1609,857.509,541.6883,0.7752,680.5707,0.9859,368999,0.6962,1.583,0.8463,0.7937,0.0024,0.0015,0.6299,0.9971,58.7076,60.5725,69.1723,20.4179,21.1654,20.9689,0.7023,1.772,0.5565,4.1236,8.9859,4.0427,-11916909568,-12828743680,-16592906240,29.3568,30.2898,34.5888,"SAFAWI"
352817,2468.679,898.7985,505.8577,0.8266,670.2392,0.9407,375050,0.7027,1.7768,0.7275,0.7457,0.0025,0.0014,0.5561,0.988,52.2068,57.6739,64.7041,17.3952,18.8047,16.9343,0.7365,2.5529,0.7779,4.6145,14.803,6.6301,-8781953024,-10952224768,-13473278976,26.1037,28.8376,32.3524,"SAFAWI"
350607,2425.6589,916.2908,494.7873,0.8417,668.1367,0.9612,364764,0.618,1.8519,0.7488,0.7292,0.0026,0.0014,0.5317,0.9846,53.79,59.6135,73.8364,29.7785,27.0892,20.4089,2.365,2.0681,1.0433,9.1033,7.647,4.6901,-11681801216,-13179448320,-18160885760,26.8941,29.8067,36.9171,"SAFAWI"
333356,2242.688,880.4042,483.8072,0.8355,651.4922,0.9834,338967,0.648,1.8197,0.8329,0.74,0.0026,0.0015,0.5476,0.9965,41.0302,50.386,62.4698,28.5926,27.7682,20.183,3.2236,2.7667,1.0686,15.1736,11.5855,5.3592,-7259139584,-9597211648,-12309225472,20.5187,25.1953,31.237,"SAFAWI"
359297,2564.9961,931.986,495.4669,0.847,676.3661,0.9623,373376,0.6038,1.881,0.6863,0.7257,0.0026,0.0014,0.5267,0.9907,55.1644,61.2935,74.6469,19.0597,23.1346,20.0709,1.3895,2.1806,0.2147,8.0568,10.3894,4.3419,-10234776576,-13345133568,-18949410816,27.5826,30.6486,37.3245,"SAFAWI"
315682,2219.7009,832.1495,487.2321,0.8107,633.9865,0.9789,322493,0.644,1.7079,0.8051,0.7619,0.0026,0.0015,0.5804,0.9913,45.1776,55.1255,67.2807,21.5697,23.7948,20.8465,2.123,2.4406,0.5894,11.2662,11.3008,4.1289,-6533016576,-9749170176,-13604222976,22.5904,27.5652,33.643,"SAFAWI"
353128,2372.927,936.3535,482.3184,0.8571,670.5345,0.9823,359483,0.6619,1.9414,0.7881,0.7161,0.0027,0.0014,0.5128,0.9956,50.9144,54.8441,65.2358,29.7269,27.9258,23.1446,2.3404,2.1018,0.8032,10.2783,8.4092,4.1143,-10767624192,-11673603072,-14728344576,25.4581,27.4244,32.6198,"SAFAWI"
316583,2338.8291,837.3405,488.8563,0.8119,634.8906,0.9648,328126,0.5992,1.7129,0.7273,0.7582,0.0026,0.0015,0.5749,0.9847,58.447,60.5379,68.7374,20.7269,23.0234,22.2391,0.621,2.0074,0.3688,4.1845,10.2625,4.0884,-10324089856,-11460699136,-14452511744,29.2265,30.2732,34.3724,"SAFAWI"
338426,2288.4929,898.1483,484.7289,0.8419,656.4277,0.983,344272,0.6448,1.8529,0.812,0.7309,0.0027,0.0014,0.5342,0.9898,63.2808,59.2007,70.4024,19.8264,21.1235,20.411,0.5887,2.109,0.6938,4.0812,10.5504,3.9334,-12753201152,-11420077056,-15907184640,31.6428,29.6021,35.2033,"SAFAWI"
349290,2386.824,930.0695,482.6588,0.8548,666.8807,0.9736,358761,0.6304,1.927,0.7705,0.717,0.0027,0.0014,0.5141,0.9907,54.6703,60.7818,74.225,25.2564,25.7689,23.9296,1.5074,1.6023,0.6186,6.2582,6.6226,3.2619,-10876763136,-13275471872,-18916495360,27.3373,30.3928,37.1139,"SAFAWI"
389431,2594.9729,936.1578,538.0767,0.8183,704.1583,0.9586,406235,0.7635,1.7398,0.7267,0.7522,0.0024,0.0014,0.5658,0.9843,63.271,65.1374,71.8815,27.7773,24.9948,23.9506,0.5108,1.3558,0.3611,3.6438,6.9002,3.0965,-16342398976,-16619445248,-19790055424,31.6324,32.568,35.9386,"SAFAWI"
306975,2306.0681,903.5196,446.9451,0.8691,625.1821,0.9443,325082,0.5761,2.0215,0.7254,0.6919,0.0029,0.0015,0.4788,0.9679,44.5508,54.5298,67.784,26.8432,26.7636,21.5648,2.5867,2.1807,0.4741,12.2147,8.7686,3.7373,-7112043008,-9826971648,-13532218368,22.2769,27.2666,33.8929,"SAFAWI"
400224,2554.7119,915.1979,563.0368,0.7884,713.8494,0.9585,417546,0.6819,1.6255,0.7706,0.78,0.0023,0.0014,0.6084,0.9889,52.0266,57.4964,69.8029,18.5493,20.9711,18.9636,1.3051,2.308,0.4863,7.5252,11.6894,4.2364,-10091041792,-12743984128,-18218524672,26.0142,28.7491,34.9024,"SAFAWI"
322879,2275.9231,876.8048,473.0537,0.842,641.1726,0.9737,331585,0.6076,1.8535,0.7833,0.7313,0.0027,0.0015,0.5347,0.9911,48.6688,57.9718,70.9177,20.4321,23.1236,19.2703,1.7758,2.2008,0.4635,9.2815,10.0405,4.1701,-7437997568,-10802531328,-15226233856,24.3358,28.9873,35.4605,"SAFAWI"
320184,2268.2141,854.9136,488.2705,0.8209,638.4911,0.9747,328507,0.7904,1.7509,0.7821,0.7468,0.0027,0.0015,0.5578,0.9766,57.3068,62.1079,73.4038,23.2378,23.1686,23.0644,1.2317,1.7684,0.963,6.3558,8.3788,5.9663,-10468933632,-12187063296,-16819024896,28.6496,31.0536,36.6992,"SAFAWI"
308867,2263.426,922.5724,431.2169,0.884,627.1058,0.9867,313031,0.5709,2.1395,0.7576,0.6797,0.003,0.0014,0.462,0.9885,67.5435,62.2918,69.5624,19.6869,20.6275,18.3155,0.4583,1.7042,0.5497,4.1546,9.0695,4.4858,-13244678144,-11418725376,-13876035584,33.7719,31.1477,34.7819,"SAFAWI"
379575,2457.2781,911.2972,536.4752,0.8084,695.1906,0.9704,391167,0.6193,1.6987,0.7899,0.7629,0.0024,0.0014,0.582,0.9885,59.844,62.8755,71.4249,18.9269,20.4109,19.7768,0.5964,1.8147,0.4875,3.8085,9.2689,4.1914,-12654697472,-14256795648,-18250622976,29.9183,31.4367,35.7096,"SAFAWI"
357334,2371.709,915.1829,499.5417,0.8379,674.5159,0.972,367635,0.6436,1.832,0.7983,0.737,0.0026,0.0014,0.5432,0.9952,55.0456,57.6808,69.1132,26.6528,25.9715,23.8614,1.837,1.6036,0.3756,8.3943,6.8582,2.9896,-11576240128,-12398898176,-16800071680,27.5248,28.8426,34.5589,"SAFAWI"
295382,2141.585,836.4148,452.4544,0.8411,613.2634,0.9736,303392,0.6579,1.8486,0.8093,0.7332,0.0028,0.0015,0.5376,0.9938,32.9638,41.1127,44.3789,15.3807,16.3125,13.5886,2.2067,2.8505,1.634,10.7731,15.3977,10.5387,-2973753088,-4571823104,-5002450944,16.483,20.558,22.1913,"SAFAWI"
337999,2342.979,946.6573,459.5275,0.8743,656.0135,0.9799,344921,0.5916,2.0601,0.7737,0.693,0.0028,0.0014,0.4802,0.9893,49.4872,48.0962,52.7135,27.1007,22.8266,18.2416,2.0827,2.2605,0.7959,8.6252,9.5926,4.7826,-9265599488,-8036588544,-8689244160,24.7423,24.0481,26.3557,"SAFAWI"
382630,2509.5149,999.2378,491.9224,0.8704,697.9825,0.9644,396751,0.7346,2.0313,0.7635,0.6985,0.0026,0.0013,0.4879,0.9911,41.7686,41.048,45.721,15.4185,15.0756,16.4373,0.4308,2.4676,0.6633,5.2501,16.9771,5.4259,-5936221184,-5730884096,-7223017984,20.8846,20.5247,22.8617,"SAFAWI"
378755,2462.074,936.0067,520.477,0.8311,694.4392,0.9813,385968,0.5978,1.7984,0.7852,0.7419,0.0025,0.0014,0.5504,0.9899,51.4986,47.6865,59.2563,16.9203,15.9941,16.3063,1.2368,2.5843,0.683,9.4269,16.6608,7.5529,-9114793984,-7734809088,-11986599936,25.7489,23.8444,29.6299,"SAFAWI"
335932,2267.6841,881.6727,489.0849,0.832,654.0045,0.9777,343609,0.6307,1.8027,0.8209,0.7418,0.0026,0.0015,0.5502,0.9919,35.4128,43.15,52.6078,15.532,15.8517,16.9676,1.7915,2.8473,0.5846,13.299,17.248,4.5675,-3849968384,-5637977088,-8431365632,17.7084,21.5764,26.3051,"SAFAWI"
300103,2210.627,881.5925,438.5843,0.8675,618.1448,0.9662,310612,0.756,2.0101,0.7717,0.7012,0.0029,0.0015,0.4916,0.9882,38.7432,42.9862,53.0942,18.4091,18.1261,18.6114,2.22,2.6024,0.6971,14.0081,14.8091,4.36,-4386896896,-5256818688,-7868140544,19.3715,21.4959,26.5482,"SAFAWI"
336558,2423.491,850.3224,507.3458,0.8025,654.6136,0.9651,348725,0.7112,1.676,0.7201,0.7698,0.0025,0.0015,0.5927,0.9933,45.4151,50.2203,57.0102,16.7144,16.0478,17.7778,1.7186,2.0938,0.1658,12.5308,13.4913,4.0645,-6320412672,-7613640704,-10022953984,22.7069,25.1068,28.5028,"SAFAWI"
310788,2274.5811,860.0978,463.9492,0.842,629.0529,0.9557,325186,0.7114,1.8539,0.7549,0.7314,0.0028,0.0015,0.5349,0.9916,56.4051,53.7185,55.6287,29.9611,24.3307,20.0588,1.8393,2.1099,1.0812,7.1464,8.1611,4.7978,-11184157696,-9247220736,-9132711936,28.1997,26.8578,27.8125,"SAFAWI"
424101,2611.3301,1009.0076,539.5266,0.845,734.8348,0.9756,434696,0.6849,1.8702,0.7815,0.7283,0.0024,0.0013,0.5304,0.9919,44.5779,47.9836,58.5518,15.3231,15.673,17.7777,1.0655,1.9108,0.3534,7.3868,11.9562,3.7241,-7469869056,-8708638720,-13331203072,22.2905,23.9926,29.2774,"SAFAWI"
326996,2447.4109,852.5339,494.461,0.8146,645.2474,0.9681,337775,0.6228,1.7242,0.686,0.7569,0.0026,0.0015,0.5728,0.9877,50.271,58.7941,76.5047,21.4765,22.3188,21.0039,1.9903,1.976,0.2032,10.451,9.0337,3.4168,-8164108800,-11083887616,-18284953600,25.1333,29.3959,38.251,"SAFAWI"
384998,2386.5979,942.1682,521.4256,0.8329,700.139,0.9904,388735,0.6779,1.8069,0.8494,0.7431,0.0024,0.0014,0.5522,0.9978,54.8144,56.8093,62.9698,23.0036,22.201,18.7875,1.6265,1.8844,0.5446,7.8138,8.9654,4.6272,-11567794176,-12205597696,-14188639232,27.4069,28.4043,31.4852,"SAFAWI"
376389,2409.259,941.2642,509.9813,0.8405,692.2668,0.9852,382055,0.768,1.8457,0.8149,0.7355,0.0025,0.0014,0.5409,0.9983,53.6526,58.6775,66.6855,21.093,21.1398,19.0449,0.9572,2.3066,0.7969,5.8969,11.4115,4.8959,-10489750528,-12495067136,-15629351936,26.8268,29.3402,33.3437,"SAFAWI"
369053,2355.499,924.204,510.8777,0.8333,685.4873,0.9882,373474,0.6515,1.8091,0.8359,0.7417,0.0025,0.0014,0.5501,0.9952,60.8057,65.7577,78.6002,22.6583,21.5987,22.8785,0.2524,0.951,-0.1509,2.7832,5.9692,2.8681,-13334769664,-15339730944,-22153402368,30.4014,32.8779,39.299,"SAFAWI"
342828,2287.8721,844.0139,520.2556,0.7874,660.6831,0.9639,355683,0.6706,1.6223,0.823,0.7828,0.0025,0.0015,0.6128,0.9941,46.9433,52.6326,64.2881,22.2749,21.7307,20.8924,1.9778,2.1572,0.6541,10.1256,10.5755,4.3526,-7703043584,-9362766848,-13504945152,23.4737,26.3182,32.1465,"SAFAWI"
367743,2319.2041,909.394,517.7361,0.8221,684.2697,0.9925,370521,0.772,1.7565,0.8592,0.7524,0.0025,0.0014,0.5662,0.9945,47.5789,52.7546,66.5613,16.286,17.9844,17.722,0.8666,2.5924,0.811,6.7777,14.7225,5.5021,-7486598656,-9466376192,-15006459904,23.7914,26.3802,33.2833,"SAFAWI"
396837,2555.075,982.9867,518.2283,0.8497,710.8224,0.9768,406243,0.6292,1.8968,0.7639,0.7231,0.0025,0.0013,0.5229,0.9919,49.1532,56.9918,71.2011,19.4278,21.0273,23.0686,1.013,1.7441,0.1064,7.4948,10.0703,3.1434,-9105398784,-12418007040,-19591616512,24.5774,28.4968,35.6014,"SAFAWI"
276472,2094.603,769.9008,462.089,0.7999,593.3086,0.9778,282744,0.7728,1.6661,0.7919,0.7706,0.0028,0.0017,0.5939,0.9895,47.3925,59.8331,76.4786,16.2956,19.8162,17.1221,1.8252,2.2364,0.4199,11.0333,11.7386,4.9502,-5599286784,-9351615488,-14974920704,23.6976,29.9172,38.2387,"SAFAWI"
321037,2208.8621,886.9792,463.216,0.8528,639.3411,0.9898,324348,0.8046,1.9148,0.8269,0.7208,0.0028,0.0014,0.5196,0.9949,75.4571,68.0994,80.96,21.5353,19.0005,18.0669,-0.0201,1.5198,0.3797,2.3189,8.3348,3.6353,-17534924800,-13918539776,-19730227200,37.7274,34.0505,40.48,"SAFAWI"
329750,2236.6001,887.1417,474.9108,0.8446,647.9589,0.9913,332633,0.6811,1.868,0.8284,0.7304,0.0027,0.0014,0.5335,0.9965,49.7382,59.1934,77.5457,18.877,22.1704,22.8215,0.4943,1.6639,0.1733,4.3923,8.9968,3.191,-7649439744,-11283790848,-19262605312,24.8681,29.5966,38.7724,"SAFAWI"
359590,2390.23,962.7033,478.9148,0.8675,676.6418,0.984,365421,0.6287,2.0102,0.7909,0.7029,0.0027,0.0013,0.494,0.993,53.978,55.8501,62.9368,20.5256,21.9922,19.9415,1.3044,2.1169,0.7425,5.6295,9.7938,4.7334,-10056380416,-11013440512,-13426391040,26.9897,27.9255,31.4684,"SAFAWI"
367307,2557.634,930.2054,506.424,0.8388,683.8639,0.9774,375786,0.7573,1.8368,0.7056,0.7352,0.0025,0.0014,0.5405,0.9928,47.708,52.9042,63.984,20.6554,22.2068,20.3663,2.0615,2.3611,0.7345,11.106,11.4399,4.4714,-8204538880,-10223009792,-14246360064,23.8525,26.4504,31.9898,"SAFAWI"
331115,2316.8181,844.9014,503.534,0.803,649.2986,0.9495,348728,0.691,1.6779,0.7752,0.7685,0.0026,0.0015,0.5906,0.991,50.9019,56.7915,69.6704,24.633,23.9908,24.386,1.732,1.4942,0.2439,8.685,7.245,2.8352,-8995615744,-10791794688,-15904020480,25.4496,28.394,34.8344,"SAFAWI"
348793,2331.863,908.0755,499.5217,0.8351,666.4061,0.9678,360411,0.6261,1.8179,0.8061,0.7339,0.0026,0.0014,0.5386,0.979,66.8332,68.3227,75.7938,30.4461,25.7216,21.9936,1.1691,1.1495,0.0865,4.9365,5.3173,3.416,-16854707200,-16442027008,-19305512960,33.4147,34.161,37.8955,"SAFAWI"
367332,2357.595,904.4373,520.1105,0.8181,683.8871,0.9868,372244,0.8023,1.7389,0.8305,0.7561,0.0025,0.0014,0.5718,0.9942,43.0698,49.336,62.0708,18.1445,20.401,19.341,2.2459,2.8092,1.1568,13.5272,14.9626,6.3672,-6449855488,-8703578112,-13254550528,21.5329,24.6666,31.0335,"SAFAWI"
424394,2710.5901,1040.5283,524.012,0.8639,735.0886,0.9763,434694,0.626,1.9857,0.7259,0.7065,0.0025,0.0012,0.4991,0.991,56.0743,59.3276,74.9684,20.4824,20.336,23.3234,0.1516,1.3525,-0.1456,3.7399,9.0406,3.3499,-12707684352,-14191678464,-23261112320,28.0398,29.6659,37.4873,"SAFAWI"
291190,2207.376,786.9467,477.844,0.7945,608.8962,0.9722,299524,0.647,1.6469,0.751,0.7737,0.0027,0.0016,0.5987,0.986,63.9656,69.8309,88.5798,23.6015,24.1199,23.8197,1.0042,1.1128,0.0702,6.6875,6.25,3.669,-11766775808,-14033383424,-22461726720,31.979,34.9147,44.2876,"SAFAWI"
298760,2184.9109,842.4735,453.8198,0.8425,616.7601,0.9871,302671,0.8112,1.8564,0.7864,0.7321,0.0028,0.0015,0.5359,0.9949,52.6983,60.6077,79.1962,19.5668,20.9859,20.1446,1.8129,2.1149,0.479,11.801,10.4741,4.0698,-7861085184,-10529727488,-17813413888,26.3517,30.3071,39.6009,"SAFAWI"
382402,2575.439,914.6583,536.5853,0.8098,697.7746,0.9525,401472,0.7579,1.7046,0.7245,0.7629,0.0024,0.0014,0.582,0.992,35.996,45.0128,48.8883,19.3811,21.1148,18.7074,2.5456,2.5287,1.1866,11.9786,11.1113,6.1582,-5097521152,-7803381248,-8578378240,17.9978,22.5063,24.4442,"SAFAWI"
317955,2282.6021,857.2585,477.4725,0.8305,636.2648,0.9737,326544,0.7149,1.7954,0.7669,0.7422,0.0027,0.0015,0.5509,0.989,33.6721,43.2944,46.8044,29.7044,25.3649,17.6236,2.7651,2.4808,1.6234,10.7629,9.6638,7.3961,-5622555648,-6780615168,-6442150912,16.8351,21.6483,23.4018,"SAFAWI"
401589,2412.8311,841.7765,609.9025,0.6892,715.0657,0.9775,410843,0.7619,1.3802,0.8668,0.8495,0.0021,0.0015,0.7216,0.9959,43.5655,48.9218,55.0538,23.3863,21.7001,17.6454,2.6425,2.4648,0.9299,12.6614,10.8064,5.7335,-8203492352,-9613828096,-11150855168,21.7816,24.4608,27.5261,"SAFAWI"
338610,2722.6831,893.1884,491.8964,0.8347,656.6061,0.9451,358287,0.6878,1.8158,0.574,0.7351,0.0026,0.0015,0.5404,0.9813,35.1768,46.9729,49.4541,23.2926,20.9817,18.6623,2.2433,2.171,0.9827,9.7424,10.0834,5.7834,-4954373632,-7413314048,-7752578560,17.5892,23.487,24.7276,"SAFAWI"
373834,2328.502,857.2696,556.9949,0.7602,689.9132,0.9851,379487,0.7229,1.5391,0.8664,0.8048,0.0023,0.0015,0.6477,0.9968,30.5996,44.6036,54.9046,14.2505,18.64,18.506,1.3935,2.2625,0.7339,7.494,11.6573,4.1576,-3162116608,-7080940032,-10450691072,15.3006,22.3023,27.4528,"SAFAWI"
391376,2544.783,897.7682,557.4372,0.7839,705.9146,0.965,405582,0.7216,1.6105,0.7595,0.7863,0.0023,0.0014,0.6183,0.9957,40.1792,49.0953,54.4405,18.3966,17.6473,16.805,0.5411,2.24,0.8776,3.8065,12.7887,5.9955,-6051780608,-8706247680,-10500446208,20.0912,24.5493,27.2219,"SAFAWI"
310795,2429.0669,878.1395,455.6671,0.8548,629.06,0.966,321718,0.7103,1.9272,0.6619,0.7164,0.0028,0.0015,0.5132,0.9889,30.3826,42.1928,44.2569,14.8238,16.7724,13.6944,2.7987,3.6971,3.0923,26.1711,26.7367,32.2495,-2664330240,-5112987136,-5254019584,15.1911,21.0992,22.13,"SAFAWI"
364607,2297.5901,813.4385,573.2492,0.7095,681.3458,0.9806,371829,0.7628,1.419,0.8679,0.8376,0.0022,0.0016,0.7016,0.9956,39.6864,48.9473,55.2506,13.8354,14.8176,14.5022,0.4862,2.8059,0.9805,7.0273,19.3784,8.2148,-4952520192,-7691911680,-9783527424,19.8443,24.4745,27.6256,"SAFAWI"
325380,2254.8821,863.1747,483.1501,0.8287,643.6511,0.9708,335152,0.7249,1.7866,0.8042,0.7457,0.0027,0.0015,0.556,0.9934,38.6548,51.29,55.9642,19.0593,18.3192,16.8751,1.7315,1.9627,1.1919,8.4331,10.1266,6.7424,-4815613440,-7964525056,-9242575872,19.327,25.6448,27.9815,"SAFAWI"
343379,2360.467,919.113,479.2314,0.8533,661.2138,0.9657,355591,0.6926,1.9179,0.7744,0.7194,0.0027,0.0014,0.5175,0.9926,41.0743,55.5105,66.4196,22.1577,20.6369,17.6879,2.7797,2.4298,0.8084,13.2536,10.8915,5.0327,-6173152768,-10177111040,-13946608640,20.5354,27.7553,33.2095,"SAFAWI"
298236,2200.0559,868.1497,444.6231,0.8589,616.219,0.9761,305552,0.6723,1.9526,0.7743,0.7098,0.0029,0.0015,0.5038,0.9837,61.5876,75.3208,76.6394,30.5233,23.1703,16.854,2.1594,2.0401,1.418,7.3413,7.3267,7.3823,-12590134272,-16542261248,-16204929024,30.7929,37.6608,38.3194,"SAFAWI"
307420,2221.959,867.9562,457.0818,0.8501,625.6351,0.9758,315050,0.6145,1.8989,0.7825,0.7208,0.0028,0.0015,0.5196,0.9866,62.7738,70.3004,73.148,21.4614,20.6295,22.3599,0.5228,1.4647,0.3235,3.6032,7.2698,2.878,-11634758656,-14455312384,-15905784832,31.3836,35.1506,36.5733,"SAFAWI"
364261,2588.145,987.3378,478.3656,0.8748,681.0224,0.9535,382038,0.6303,2.064,0.6834,0.6898,0.0027,0.0013,0.4758,0.982,48.1373,57.4552,58.1571,18.0892,19.2391,16.9305,1.9835,3.0409,1.6597,12.4749,16.8987,9.2079,-7859506688,-11304577024,-11197806592,24.0658,28.7268,29.0767,"SAFAWI"
387240,2410.8999,920.8607,539.2838,0.8106,702.1747,0.9793,395412,0.7064,1.7076,0.8372,0.7625,0.0024,0.0014,0.5814,0.9928,60.9374,75.3337,83.0958,18.7865,18.9808,21.1414,0.6071,1.3445,0.278,3.9642,7.1275,2.854,-13362652160,-20644857856,-25689358336,30.468,37.667,41.5474,"SAFAWI"
351580,2424.6331,914.5834,494.2882,0.8414,669.0632,0.9741,360946,0.751,1.8503,0.7515,0.7315,0.0026,0.0014,0.5352,0.9902,91.7814,84.0416,85.2427,29.1557,23.5145,25.2907,-0.0599,1.1764,0.3414,3.5714,6.0995,3.0743,-30345447424,-24345434112,-25393334272,45.8912,42.0216,42.6223,"SAFAWI"
318125,2211.4131,838.0247,496.6458,0.8055,636.4349,0.9509,334564,0.6696,1.6874,0.8175,0.7594,0.0026,0.0016,0.5768,0.9732,57.1581,65.6399,72.2637,26.9349,22.2935,20.7287,2.0293,2.1181,0.751,8.7331,8.6832,3.7879,-11070031872,-13325257728,-15815351296,28.5782,32.8194,36.131,"SAFAWI"
325847,2354.845,853.3223,491.4482,0.8175,644.1128,0.962,338714,0.6968,1.7363,0.7384,0.7548,0.0026,0.0015,0.5698,0.9893,65.0075,78.4225,82.5774,20.296,17.9725,20.1406,0.8714,1.6774,0.1259,5.8951,9.1341,3.0831,-13035247616,-18737899520,-21176356864,32.5024,39.2104,41.2877,"SAFAWI"
417499,2586.47,1001.9357,534.8173,0.8456,729.0928,0.9761,427713,0.6757,1.8734,0.7842,0.7277,0.0024,0.0013,0.5295,0.992,59.1925,70.2497,78.5158,17.492,17.9825,19.6634,1.0478,1.8092,0.3943,6.1418,10.1431,3.3054,-13382586368,-19105130496,-24358719488,29.5977,35.1261,39.2592,"SAFAWI"
299458,2141.3279,841.7073,456.2444,0.8403,617.4802,0.9834,304514,0.8036,1.8449,0.8207,0.7336,0.0028,0.0015,0.5382,0.9929,66.6591,70.9795,75.3897,24.3771,20.2014,19.3708,0.5913,1.3356,0.2598,3.3253,7.4542,3.9798,-13218689024,-14292153344,-16023406592,33.3286,35.4887,37.6939,"SAFAWI"
364617,2623.2151,871.7518,540.7759,0.7843,681.3551,0.9742,374257,0.745,1.612,0.6659,0.7816,0.0024,0.0015,0.6109,0.9848,59.5544,70.2224,78.7821,20.1755,20.5153,19.9875,1.6346,2.1617,0.3066,9.0934,10.4169,3.784,-12266277888,-17103134720,-21475528704,29.7778,35.1111,39.3912,"SAFAWI"
354060,2492.134,871.677,525.1666,0.7981,671.4188,0.9562,370270,0.6896,1.6598,0.7164,0.7703,0.0025,0.0015,0.5933,0.9848,59.8986,78.461,85.2994,21.7815,18.3655,18.6997,1.9512,1.7865,0.2102,10.095,8.9887,4.0231,-12331413504,-20443701248,-24380073984,29.9522,39.2315,42.6504,"SAFAWI"
362684,2407.593,925.5394,506.546,0.8369,679.5466,0.9564,379206,0.7124,1.8272,0.7863,0.7342,0.0026,0.0014,0.5391,0.985,64.5,74.0138,76.9863,27.7048,22.7913,21.4668,1.9196,1.7225,0.779,8.409,7.4475,4.7268,-15833081856,-19342026752,-20644173824,32.2491,37.0055,38.4924,"SAFAWI"
310190,2223.6509,862.0129,464.774,0.8422,628.4474,0.9768,317572,0.6794,1.8547,0.7883,0.729,0.0028,0.0015,0.5315,0.9858,49.7398,61.9871,72.9668,17.4799,19.1072,18.5129,1.7472,2.5805,0.7022,10.081,13.0473,5.0061,-7047171584,-11157264384,-15409140736,24.8721,30.9974,36.4863,"SAFAWI"
333850,2349.7009,845.816,509.6266,0.7981,651.9747,0.9596,347911,0.6887,1.6597,0.7599,0.7708,0.0025,0.0015,0.5942,0.9861,45.3469,55.9499,58.5854,18.6113,19.4157,18.6577,1.9652,2.6113,1.4041,9.5319,13.3002,6.9494,-6509081088,-9857384448,-10647819264,22.6722,27.9749,29.2928,"SAFAWI"
306371,2160.9741,795.8485,498.9199,0.7791,624.5668,0.9746,314367,0.6712,1.5951,0.8244,0.7848,0.0026,0.0016,0.6159,0.9824,54.0973,70.3157,76.7963,20.7392,19.9928,19.6966,1.7727,2.1333,0.4504,9.2364,10.1972,3.4382,-8644071424,-14331637760,-17081430016,27.0476,35.1579,38.3973,"SAFAWI"
282259,2100.0061,808.4828,446.3885,0.8338,599.4859,0.9853,286469,0.7899,1.8112,0.8043,0.7415,0.0029,0.0016,0.5498,0.9958,51.4121,65.6768,77.9991,24.9009,22.3671,20.8414,2.5114,2.0283,0.5926,11.1589,8.3861,3.535,-7879576064,-11844771840,-16408154112,25.7076,32.8417,39.0018,"SAFAWI"
291259,2136.6079,825.5577,452.6159,0.8363,608.9684,0.9802,297143,0.682,1.824,0.8018,0.7376,0.0028,0.0016,0.5441,0.9925,73.8959,82.1043,95.2325,20.4818,17.9472,19.5398,0.1056,1.3653,0.0216,3.3299,7.4425,2.9472,-15101506560,-18432159744,-25415999488,36.9488,41.0543,47.6179,"SAFAWI"
362960,2485.04,932.6669,505.3012,0.8405,679.8051,0.956,379677,0.6921,1.8458,0.7386,0.7289,0.0026,0.0014,0.5313,0.9806,47.5164,61.6979,69.4207,24.128,22.2115,20.7074,2.76,2.6204,1.1441,13.2736,11.5809,5.3092,-8724019200,-13488086016,-16646494208,23.7588,30.8495,34.7105,"SAFAWI"
370661,2404.842,953.9807,498.8006,0.8524,686.9791,0.9802,378137,0.8009,1.9125,0.8054,0.7201,0.0026,0.0013,0.5186,0.9918,56.7692,61.3104,67.7697,23.6746,21.6822,23.6554,0.415,1.2826,0.6025,3.4422,6.8804,3.4942,-11957380096,-13461885952,-16742553600,28.3843,30.6554,33.8848,"SAFAWI"
370687,2481.958,917.0978,521.7222,0.8224,687.0032,0.9757,379925,0.7643,1.7578,0.7562,0.7491,0.0025,0.0014,0.5612,0.9864,61.8267,67.6422,79.9582,22.4018,20.5606,18.3005,1.6583,1.5805,-0.123,9.8677,8.1366,4.8484,-13828039680,-16122037248,-22220531712,30.9172,33.8245,39.9825,"SAFAWI"
361058,2397.439,904.1469,513.4807,0.8231,678.0216,0.977,369539,0.6466,1.7608,0.7894,0.7499,0.0025,0.0014,0.5624,0.9902,48.4222,58.5752,70.5834,17.5982,18.64,19.2598,1.0131,1.7933,0.3379,6.1464,9.8329,4.0366,-7788868608,-11515881472,-16857891840,24.2108,29.2864,35.2902,"SAFAWI"
334863,2282.0659,872.7985,490.8819,0.8268,652.9631,0.9816,341131,0.7844,1.778,0.808,0.7481,0.0026,0.0015,0.5597,0.9951,50.2657,54.4627,59.4627,22.9509,21.0088,20.3624,0.8557,1.616,0.8394,4.6889,9.3431,5.8903,-8566327296,-9606523904,-11240666112,25.1295,27.2318,29.7309,"SAFAWI"
289774,2146.249,812.8783,462.5508,0.8223,607.4139,0.979,295999,0.6439,1.7574,0.7905,0.7472,0.0028,0.0016,0.5584,0.9813,37.7159,46.2922,49.4502,17.4615,19.6015,17.6718,1.5402,2.5033,1.4779,8.1316,13.1004,7.786,-3925847040,-6004471808,-6527827456,18.8592,23.1482,24.7271,"SAFAWI"
310151,2237.895,812.6631,491.8975,0.796,628.4079,0.9741,318384,0.6735,1.6521,0.7782,0.7733,0.0026,0.0016,0.5979,0.9879,53.8908,62.5963,74.1868,24.1558,23.4312,22.9483,1.4701,1.4692,0.3363,6.8713,6.5011,3.4063,-9219829760,-12018157568,-16602292224,26.9454,31.2998,37.0948,"SAFAWI"
277447,2027.295,798.4498,444.0995,0.831,594.3538,0.988,280824,0.7696,1.7979,0.8483,0.7444,0.0029,0.0016,0.5541,0.9962,43.35,56.4619,67.5266,17.7179,19.914,19.9489,0.9488,1.7916,0.4764,5.7046,9.3015,3.8094,-4861062144,-8385276416,-11925044224,21.6749,28.2307,33.7627,"SAFAWI"
287291,2121.5859,836.7213,440.0023,0.8506,604.806,0.9798,293223,0.6605,1.9016,0.8021,0.7228,0.0029,0.0015,0.5225,0.9936,53.7006,60.2079,72.5149,22.9177,22.4951,18.7304,2.7335,2.3445,0.6487,14.7681,10.7013,4.1098,-8333841408,-10224510976,-14116061184,26.8506,30.1054,36.2583,"SAFAWI"
326670,2259.6599,888.6778,471.2458,0.8478,644.9257,0.9694,336982,0.7335,1.8858,0.804,0.7257,0.0027,0.0014,0.5267,0.9932,46.756,56.1666,62.0814,27.4434,24.4548,21.6518,1.7726,1.7595,0.4805,7.8033,7.6242,3.5321,-8226626048,-10530640896,-12127256576,23.3807,28.084,31.0418,"SAFAWI"
297174,2155.959,779.7753,488.4755,0.7795,615.1208,0.9716,305852,0.6638,1.5963,0.8034,0.7888,0.0026,0.0016,0.6223,0.9934,51.6469,56.9027,64.4892,28.1787,24.9235,18.4318,2.2396,2.0402,0.7421,8.8575,7.7524,4.782,-8952644608,-9902926848,-11451906048,25.8247,28.4548,32.2477,"SAFAWI"
305032,2311.6509,861.9067,455.7622,0.8488,623.2004,0.954,319728,0.6163,1.8911,0.7173,0.723,0.0028,0.0015,0.5228,0.9887,50.0512,55.5754,59.5947,22.6067,21.2044,16.8488,2.4682,2.6484,1.1523,12.3858,12.1031,6.5662,-7745521664,-9151037440,-9837160448,25.0276,27.7882,29.7988,"SAFAWI"
304948,2185.3789,829.9847,473.5959,0.8212,623.1146,0.9763,312363,0.6304,1.7525,0.8024,0.7508,0.0027,0.0016,0.5636,0.9878,43.8251,50.6586,57.5594,21.106,21.0052,16.3861,2.6712,2.6387,1.1713,12.1985,11.803,6.9039,-5941805568,-7673556992,-9110774784,21.9146,25.3314,28.7821,"SAFAWI"
309025,2163.1311,831.9025,477.1172,0.8192,627.2662,0.9812,314953,0.6833,1.7436,0.8299,0.754,0.0027,0.0015,0.5685,0.9913,38.9299,45.4508,51.6583,17.059,19.6798,18.9443,1.7349,2.6783,1.3365,10.3198,13.8434,5.9739,-4386319872,-6208119808,-7739253760,19.466,22.7285,25.8319,"SAFAWI"
276143,2079.627,820.3309,432.2186,0.8499,592.9554,0.9802,281714,0.6169,1.898,0.8024,0.7228,0.003,0.0016,0.5225,0.9916,38.314,47.9205,58.4815,15.301,19.7897,18.3146,1.5822,2.5823,0.9232,10.2355,13.6531,5.3801,-3638331136,-6121320960,-8728421376,19.1548,23.9607,29.2403,"SAFAWI"
338914,2247.1541,868.6652,498.7621,0.8187,656.9008,0.9877,343124,0.7934,1.7416,0.8434,0.7562,0.0026,0.0015,0.5719,0.996,57.2278,60.5528,67.6515,25.6349,22.3276,21.2683,1.3534,1.6601,0.7353,5.8509,7.4769,4.2094,-11514983424,-12141736960,-14840925184,28.6162,30.2787,33.8276,"SAFAWI"
355763,2424.814,990.7361,458.7359,0.8863,673.0316,0.9835,361727,0.6176,2.1597,0.7604,0.6793,0.0028,0.0013,0.4615,0.9967,55.2751,57.9314,66.3383,26.1152,21.7834,19.3968,1.5921,1.7955,0.3093,7.2805,8.1707,3.8845,-11476408320,-11623803904,-14661142528,27.6367,28.9668,33.169,"SAFAWI"
391450,2479.239,892.5263,560.6314,0.7781,705.9813,0.9846,397557,0.7111,1.592,0.8003,0.791,0.0023,0.0014,0.6257,0.9961,52.5844,58.4442,68.6574,18.9461,19.0423,18.149,1.6223,2.1939,0.8576,9.5972,11.4238,4.9391,-10148655104,-12508277760,-17098424320,26.2942,29.223,34.33,"SAFAWI"
304684,2173.7949,890.8111,437.7785,0.8709,622.8448,0.9891,308038,0.6176,2.0348,0.8103,0.6992,0.0029,0.0014,0.4889,0.9948,42.235,54.8726,64.0758,15.2899,17.1868,17.0003,0.606,2.038,0.3622,5.1194,11.9348,4.5128,-4819791872,-8366038528,-11406175232,21.1177,27.4371,32.039,"SAFAWI"
283770,2096.7639,775.8751,468.8516,0.7968,601.0883,0.9737,291436,0.6751,1.6548,0.8111,0.7747,0.0027,0.0017,0.6002,0.9932,41.0515,51.745,58.9619,18.1601,20.0125,17.8392,1.8668,2.3268,0.844,11.0456,12.1213,6.1299,-4560918528,-7281993216,-9060293632,20.5245,25.8721,29.4805,"SAFAWI"
275775,2000.7679,723.755,488.6776,0.7376,592.5602,0.9792,281629,0.7508,1.481,0.8657,0.8187,0.0026,0.0018,0.6703,0.9928,40.666,49.0597,52.7922,13.0441,17.1871,13.8202,1.3746,3.2252,1.9556,10.2174,18.4374,11.6739,-3876588032,-6089985536,-6685989376,20.3311,24.5301,26.3956,"SAFAWI"
286603,2058.97,782.1415,469.3111,0.8,604.0814,0.9843,291172,0.6825,1.6666,0.8496,0.7723,0.0027,0.0016,0.5965,0.9941,40.7009,51.5395,55.9645,17.1267,19.1487,18.073,1.3449,2.2863,0.8907,6.1146,11.2415,4.7723,-4415751680,-7188916736,-8271415296,20.3525,25.7707,27.9832,"SAFAWI"
326090,2386.698,803.0966,519.4846,0.7626,644.3529,0.9727,335242,0.7505,1.5459,0.7194,0.8023,0.0025,0.0016,0.6437,0.9952,45.5939,50.449,53.8254,21.449,20.7092,18.8733,2.0276,2.3584,1.3775,10.5173,11.6776,7.3866,-6836207104,-8087171072,-8830860288,22.7969,25.2255,26.9127,"SAFAWI"
272635,2195.2859,776.0174,450.5913,0.8142,589.1771,0.9776,278895,0.6495,1.7222,0.7109,0.7592,0.0028,0.0017,0.5764,0.9927,43.0227,55.7861,67.0447,21.0251,20.7248,19.9305,2.2133,1.9316,0.4265,11.8181,9.0027,3.3386,-5119906304,-8157199360,-11547350016,21.5091,27.8932,33.5209,"SAFAWI"
337948,2288.22,884.1144,492.5711,0.8304,655.964,0.9849,343113,0.7475,1.7949,0.8111,0.7419,0.0026,0.0015,0.5505,0.9881,42.3763,49.7058,55.3693,15.178,15.8664,16.7767,0.7548,2.2013,0.6537,4.6549,14.2027,4.6688,-5372502016,-7470068736,-9373638656,21.1897,24.8556,27.6875,"SAFAWI"
347931,2379.052,949.2151,468.3536,0.8698,665.5821,0.9817,354415,0.7216,2.0267,0.7725,0.7012,0.0027,0.0013,0.4917,0.9965,60.4464,58.6601,56.1995,24.847,18.7967,18.6389,0.248,1.8003,0.8659,3.3206,10.1066,5.4893,-12831958016,-11152902144,-10204946432,30.2223,29.3314,28.1003,"SAFAWI"
296161,2355.0471,884.1443,429.3063,0.8742,614.0716,0.9748,303819,0.5865,2.0595,0.671,0.6945,0.003,0.0014,0.4824,0.9935,44.9818,57.9147,66.7196,25.0886,21.4975,19.9875,2.604,2.1247,0.8092,12.2034,9.3964,4.116,-6656111104,-9638036480,-12437501952,22.4944,28.9605,33.3634,"SAFAWI"
361867,2681.0071,909.2697,510.2585,0.8277,678.7808,0.9594,377190,0.6609,1.782,0.6326,0.7465,0.0025,0.0014,0.5573,0.9931,46.9795,57.0954,63.4497,21.9458,19.9152,15.9896,2.7995,2.7677,1.0014,14.5366,14.03,8.4396,-8114013696,-11200927744,-13146814464,23.4922,28.5482,31.726,"SAFAWI"
283096,2134.1521,842.0992,431.0886,0.859,600.3741,0.9777,289539,0.7131,1.9534,0.7811,0.7129,0.003,0.0015,0.5083,0.9929,45.7506,52.153,61.2221,28.3332,26.6636,19.4998,2.7177,2.4999,1.1791,11.8506,10.0355,6.1038,-7113075200,-8404063232,-9958931456,22.8754,26.0772,30.6113,"SAFAWI"
282651,2115.1909,849.2612,427.8779,0.8638,599.902,0.9835,287385,0.5915,1.9848,0.7939,0.7064,0.003,0.0015,0.499,0.9904,48.5774,52.7239,63.2424,22.2649,24.6223,19.1766,2.4162,2.5293,1.1999,12.8604,11.4196,5.4117,-6756659712,-8196781056,-10568795136,24.2889,26.3619,31.6217,"SAFAWI"
382243,2515.0081,983.1814,498.3077,0.862,697.6295,0.976,391649,0.699,1.973,0.7594,0.7096,0.0026,0.0013,0.5035,0.9934,46.4613,54.6813,60.5168,26.7152,25.5282,23.0427,1.999,2.268,0.6998,9.2342,9.8192,3.9056,-9377435648,-12009822208,-13782104064,23.2338,27.3439,30.261,"SAFAWI"
328626,2411.4719,878.9201,485.9003,0.8333,646.8536,0.9425,348685,0.645,1.8088,0.7101,0.736,0.0027,0.0015,0.5416,0.9798,47.5289,54.5525,58.424,21.2672,23.7334,20.3659,0.8601,2.3395,1.0102,4.5461,11.2919,5.6832,-7348397568,-9943909376,-10663730176,23.7625,27.2765,29.2111,"SAFAWI"
351367,2301.5859,875.3801,513.9609,0.8095,668.8605,0.9842,357025,0.7041,1.7032,0.8335,0.7641,0.0025,0.0015,0.5838,0.9944,53.2869,58.0929,70.5447,19.3077,20.6361,19.9048,1.3532,2.2207,0.2026,8.6714,12.2225,4.6246,-9393368064,-11352113152,-16484915200,26.6448,29.049,35.2751,"SAFAWI"
306787,2205.3831,851.6366,461.404,0.8405,624.9907,0.9737,315074,0.6432,1.8458,0.7926,0.7339,0.0028,0.0015,0.5386,0.9941,51.6704,55.5419,62.8737,29.0992,25.0072,22.4039,2.0033,1.9359,0.5409,9.1156,8.5649,3.6387,-9414394880,-9796934656,-11791587328,25.838,27.7763,31.4409,"SAFAWI"
354813,2323.3391,908.402,502.3913,0.8331,672.1324,0.9804,361910,0.6669,1.8082,0.826,0.7399,0.0026,0.0014,0.5475,0.9899,59.7636,63.1707,72.9671,29.9274,26.0896,21.8404,1.6286,1.8398,0.4745,7.2434,8.0758,3.9727,-14031996928,-14552771584,-18175991808,29.8829,31.587,36.4851,"SAFAWI"
326893,2297.4441,889.015,473.2075,0.8466,645.1458,0.9709,336684,0.6225,1.8787,0.7783,0.7257,0.0027,0.0014,0.5266,0.9894,56.2064,61.048,71.4784,29.9701,25.1401,20.8255,2.3071,1.9388,0.2673,9.8454,7.9471,3.4074,-11727537152,-12416028672,-15897613312,28.1033,30.5241,35.7393,"SAFAWI"
335351,2445.8889,976.2505,441.572,0.8919,653.4387,0.9622,348539,0.5593,2.2109,0.7044,0.6693,0.0029,0.0013,0.448,0.9905,65.5055,67.4686,81.2583,24.6213,23.6119,24.4537,0.3541,1.1233,-0.0893,3.6734,6.4479,3.0186,-14347371520,-15024765952,-21827350528,32.7489,33.7295,40.6244,"SAFAWI"
288470,2170.512,916.8247,406.8782,0.8961,606.0457,0.9822,293705,0.5752,2.2533,0.7695,0.661,0.0032,0.0014,0.437,0.9846,50.6937,59.5583,71.2286,24.2778,23.6042,17.8918,2.7484,2.4898,0.9298,13.5008,10.5851,5.1249,-7765239296,-10237080576,-13561868288,25.3467,29.7814,35.6149,"SAFAWI"
347731,2383.332,952.7579,471.4235,0.869,665.3907,0.9711,358093,0.6145,2.021,0.7693,0.6984,0.0027,0.0014,0.4877,0.9857,46.8276,54.4937,61.2217,19.0801,20.8463,18.3735,0.626,2.8124,0.85,4.4443,14.314,5.0054,-7228691456,-9994105856,-12056366080,23.4129,27.2472,30.611,"SAFAWI"
266928,2126.3701,798.1915,433.349,0.8398,582.978,0.9638,276944,0.6284,1.8419,0.7419,0.7304,0.003,0.0016,0.5334,0.9826,37.5878,48.6602,59.6916,21.0771,23.3041,17.68,3.2058,2.9541,1.3111,16.7628,13.5175,6.186,-4040930304,-6566044160,-8726996992,18.7945,24.3313,29.8471,"SAFAWI"
290186,2331.5811,912.2787,424.2137,0.8853,607.8456,0.9255,313562,0.5635,2.1505,0.6708,0.6663,0.0031,0.0015,0.4439,0.9547,54.6269,60.3099,63.9771,35.1198,29.3833,23.8836,2.0651,1.6622,0.8905,7.4883,5.8375,4.2846,-11074491392,-11555644416,-11775356928,27.3123,30.1529,31.9871,"SAFAWI"
333228,2300.667,856.532,500.6767,0.8114,651.3671,0.9812,339597,0.6937,1.7107,0.7911,0.7605,0.0026,0.0015,0.5783,0.9894,40.5219,50.1715,58.714,19.6409,21.7024,20.2501,1.9354,2.4784,0.9757,10.1762,11.9589,4.6673,-5439325184,-8345632256,-10900799488,20.2619,25.0872,29.3583,"SAFAWI"
320409,2200.635,861.2217,477.5822,0.8322,638.7155,0.9749,328674,0.6545,1.8033,0.8314,0.7416,0.0027,0.0015,0.55,0.9919,42.6459,49.7131,60.2787,18.4339,20.9462,21.3694,0.9666,1.968,0.4809,5.8239,10.2713,3.7002,-5533850112,-7757913600,-11189478400,21.3231,24.8544,30.138,"SAFAWI"
321312,2204.2451,888.2299,464.3716,0.8525,639.6149,0.9873,325458,0.6595,1.9128,0.831,0.7201,0.0028,0.0014,0.5185,0.9919,56.4948,57.1812,63.5132,20.3269,19.3297,17.0598,0.5672,2.3282,1.2834,3.8051,12.3117,7.2073,-9751510016,-9878406144,-11833720832,28.2489,28.593,31.759,"SAFAWI"
340479,2652.927,998.5767,442.5258,0.8964,658.4158,0.9432,360967,0.5123,2.2565,0.6079,0.6594,0.0029,0.0013,0.4347,0.981,76.6685,73.4529,82.5525,27.655,23.127,25.5668,0.5439,0.9714,-0.1194,4.9687,5.2824,2.7441,-20420972544,-17921497088,-23097014272,38.3343,36.728,41.277,"SAFAWI"
356344,2462.323,886.2712,521.8904,0.8082,673.5809,0.9594,371435,0.6456,1.6982,0.7386,0.76,0.0025,0.0015,0.5776,0.9809,49.5095,57.972,69.7411,17.738,20.6682,18.4206,2.1171,2.3879,0.5131,11.5394,11.3779,4.1907,-8067236864,-11480095744,-16109070336,24.7544,28.9861,34.8703,"SAFAWI"
