"Sex","Breed","Weight"
"Male","Domestic Long Hair",10.9608
"Female","Domestic Long Hair",11.4153
"Male","Domestic Long Hair",10.7996
"Male","Domestic Long Hair",11.9849
"Female","Domestic Medium Hair",8.1307
"Male","Domestic Long Hair",9.9327
"Male","Domestic Short Hair",8.679
"Female","Domestic Medium Hair",11.2021
"Female","Domestic Short Hair",8.9628
"Female","Domestic Short Hair",9.7138
"Male","Domestic Long Hair",11.6038
"Male","Domestic Long Hair",11.4118
"Male","Domestic Long Hair",12.7666
"Female","Domestic Short Hair",8.3365
"Female","Domestic Long Hair",7.8644
"Male","Domestic Long Hair",10.6106
"Male","Domestic Medium Hair",10.0088
"Female","Domestic Medium Hair",10.4244
"Male","Domestic Short Hair",8.3047
"Female","Domestic Long Hair",10.179
"Female","Domestic Short Hair",7.5638
"Female","Domestic Medium Hair",9.6797
"Female","Domestic Medium Hair",9.5648
"Female","Domestic Short Hair",9.0615
"Male","Domestic Short Hair",9.5227
"Male","Domestic Short Hair",7.7106
"Male","Domestic Long Hair",11.5704
"Male","Domestic Short Hair",6.8099
"Female","Domestic Short Hair",8.2322
"Female","Domestic Long Hair",8.9246
"Female","Domestic Short Hair",6.7781
"Male","Domestic Short Hair",10.3815
"Female","Domestic Long Hair",9.3638
"Male","Domestic Long Hair",11.1394
"Male","Domestic Medium Hair",9.9412
"Male","Domestic Short Hair",9.8449
"Male","Domestic Medium Hair",10.5218
"Female","Domestic Short Hair",9.5443
"Female","Domestic Long Hair",9.7359
"Female","Domestic Short Hair",7.7158
"Female","Domestic Long Hair",9.6119
"Female","Domestic Long Hair",10.193
"Male","Domestic Medium Hair",9.7284
"Female","Domestic Medium Hair",9.6693
"Male","Domestic Short Hair",8.8373
"Female","Domestic Long Hair",8.8215
"Female","Domestic Medium Hair",10.6719
"Female","Domestic Medium Hair",11.7762
"Female","Domestic Long Hair",8.4645
"Male","Domestic Short Hair",7.7989
"Male","Domestic Short Hair",8.9529
"Male","Domestic Short Hair",7.8707
"Female","Domestic Short Hair",8.1288
"Female","Domestic Medium Hair",8.692
"Female","Domestic Short Hair",7.1518
"Female","Domestic Long Hair",10.025
"Female","Domestic Long Hair",9.4027
"Female","Domestic Medium Hair",9.569
"Male","Domestic Long Hair",10.9945
"Male","Domestic Medium Hair",10.711
"Female","Domestic Short Hair",8.7681
"Female","Domestic Short Hair",9.3907
"Male","Domestic Long Hair",10.2104
"Female","Domestic Long Hair",10.0197
"Male","Domestic Long Hair",11.0167
"Female","Domestic Short Hair",6.0553
"Female","Domestic Medium Hair",9.9775
"Male","Domestic Long Hair",11.7493
"Male","Domestic Short Hair",9.4367
"Male","Domestic Short Hair",9.6232
"Female","Domestic Short Hair",8.5083
"Male","Domestic Long Hair",12.1043
"Male","Domestic Short Hair",10.0565
"Male","Domestic Short Hair",7.8431
"Male","Domestic Short Hair",6.4238
"Female","Domestic Short Hair",8.4002
"Female","Domestic Medium Hair",7.3891
"Female","Domestic Short Hair",7.5616
"Female","Domestic Medium Hair",9.0092
"Male","Domestic Short Hair",8.528
"Male","Domestic Short Hair",8.3323
"Male","Domestic Long Hair",9.9959
"Female","Domestic Long Hair",12.4386
"Male","Domestic Medium Hair",10.2106
"Female","Domestic Medium Hair",9.6269
"Female","Domestic Long Hair",11.771
"Male","Domestic Short Hair",8.671
"Female","Domestic Short Hair",8.3966
"Male","Domestic Short Hair",8.2359
"Female","Domestic Medium Hair",10.021
"Male","Domestic Short Hair",9.4337
"Female","Domestic Long Hair",10.8391
"Female","Domestic Long Hair",9.6149
"Male","Domestic Medium Hair",10.1103
"Male","Domestic Medium Hair",10.604
"Female","Domestic Long Hair",9.8306
"Female","Domestic Short Hair",7.7901
"Female","Domestic Long Hair",10.878
"Female","Domestic Medium Hair",8.5977
"Female","Domestic Short Hair",9.3872
"Female","Domestic Short Hair",10.0255
"Male","Domestic Long Hair",11.1059
"Female","Domestic Medium Hair",7.9195
"Female","Domestic Medium Hair",9.5675
"Male","Domestic Short Hair",9.5511
"Female","Domestic Medium Hair",9.2667
"Male","Domestic Short Hair",8.5238
"Female","Domestic Short Hair",8.5988
"Female","Domestic Long Hair",10.0286
"Male","Domestic Medium Hair",11.1928
"Male","Domestic Short Hair",11.4113
"Male","Domestic Short Hair",9.9847
"Female","Domestic Short Hair",11.207
"Female","Domestic Medium Hair",7.9348
"Male","Domestic Long Hair",10.8345
"Female","Domestic Short Hair",5.278
"Female","Domestic Short Hair",8.6184
"Male","Domestic Short Hair",7.1099
"Male","Domestic Short Hair",11.8279
"Male","Domestic Short Hair",10.7152
"Male","Domestic Long Hair",10.5755
"Female","Domestic Short Hair",9.3454
"Male","Domestic Long Hair",10.6092
"Female","Domestic Long Hair",10.4993
"Male","Domestic Short Hair",9.5779
"Female","Domestic Medium Hair",9.4828
"Male","Domestic Medium Hair",11.3894
"Female","Domestic Long Hair",10.8095
"Female","Domestic Short Hair",7.2945
"Female","Domestic Long Hair",8.7426
"Male","Domestic Medium Hair",11.4763
"Female","Domestic Medium Hair",9.1026
"Male","Domestic Medium Hair",9.3282
"Female","Domestic Short Hair",9.3901
"Female","Domestic Short Hair",8.2315
"Female","Domestic Medium Hair",9.2469
"Male","Domestic Short Hair",9.6128
"Female","Domestic Medium Hair",8.562
"Female","Domestic Medium Hair",9.7899
"Male","Domestic Short Hair",9.152
"Female","Domestic Medium Hair",8.6282
"Male","Domestic Medium Hair",11.9492
"Female","Domestic Long Hair",10.4591
"Female","Domestic Long Hair",10.4338
"Male","Domestic Short Hair",8.3558
"Female","Domestic Medium Hair",9.6863
"Male","Domestic Long Hair",9.5881
"Male","Domestic Medium Hair",11.3506
"Female","Domestic Long Hair",9.8766
"Female","Domestic Medium Hair",8.9492
"Male","Domestic Short Hair",8.5661
"Male","Domestic Short Hair",9.4104
"Male","Domestic Medium Hair",11.3378
"Female","Domestic Medium Hair",11.4168
"Female","Domestic Medium Hair",10.5359
"Female","Domestic Medium Hair",10.0446
"Female","Domestic Medium Hair",9.2254
"Male","Domestic Medium Hair",9.6001
"Male","Domestic Long Hair",13.0384
"Female","Domestic Long Hair",10.3606
"Female","Domestic Short Hair",7.1228
"Female","Domestic Long Hair",9.7751
"Female","Domestic Medium Hair",9.8609
"Female","Domestic Long Hair",9.661
"Male","Domestic Medium Hair",10.9341
"Male","Domestic Long Hair",12.3596
"Male","Domestic Long Hair",11.1905
"Female","Domestic Medium Hair",9.7684
"Female","Domestic Short Hair",10.0298
"Female","Domestic Long Hair",8.3805
"Male","Domestic Medium Hair",10.5414
"Female","Domestic Short Hair",6.8642
"Female","Domestic Medium Hair",9.4662
"Female","Domestic Medium Hair",8.5758
"Female","Domestic Long Hair",8.2644
"Female","Domestic Short Hair",6.1895
"Male","Domestic Short Hair",9.8751
"Female","Domestic Short Hair",7.6112
"Male","Domestic Medium Hair",12.4121
"Male","Domestic Long Hair",10.6534
"Male","Domestic Short Hair",8.2856
"Male","Domestic Medium Hair",10.1001
"Female","Domestic Short Hair",9.4151
"Male","Domestic Long Hair",11.1657
"Female","Domestic Short Hair",8.6614
"Male","Domestic Medium Hair",10.7413
"Female","Domestic Long Hair",9.0619
"Male","Domestic Short Hair",10.1086
"Male","Domestic Long Hair",10.4255
"Male","Domestic Long Hair",11.8372
"Female","Domestic Long Hair",10.8937
"Female","Domestic Long Hair",9.3722
"Female","Domestic Short Hair",7.9827
"Male","Domestic Short Hair",8.446
"Female","Domestic Long Hair",10.001
"Male","Domestic Long Hair",10.8959
"Male","Domestic Long Hair",12.0099
"Female","Domestic Medium Hair",8.7667
"Female","Domestic Medium Hair",11.4916
"Female","Domestic Long Hair",9.422
"Male","Domestic Long Hair",11.3093
"Female","Domestic Long Hair",9.2625
"Male","Domestic Short Hair",9.6509
"Female","Domestic Long Hair",9.675
"Female","Domestic Medium Hair",9.6754
"Female","Domestic Medium Hair",9.5572
"Male","Domestic Medium Hair",10.6639
"Female","Domestic Short Hair",9.3766
"Male","Domestic Medium Hair",9.763
"Male","Domestic Long Hair",10.9291
"Male","Domestic Long Hair",10.9706
"Male","Domestic Medium Hair",10.1174
"Male","Domestic Medium Hair",11.1216
"Female","Domestic Long Hair",10.0196
"Male","Domestic Short Hair",8.5867
"Female","Domestic Medium Hair",10.4948
"Female","Domestic Short Hair",9.1028
"Male","Domestic Long Hair",11.8452
"Female","Domestic Long Hair",10.5026
"Female","Domestic Long Hair",9.0001
"Male","Domestic Medium Hair",9.032
"Female","Domestic Medium Hair",8.0442
"Male","Domestic Long Hair",10.5457
"Male","Domestic Medium Hair",11.5061
"Female","Domestic Medium Hair",9.5925
"Female","Domestic Medium Hair",10.4333
"Female","Domestic Medium Hair",8.1071
"Female","Domestic Long Hair",8.11
"Female","Domestic Long Hair",10.1759
"Male","Domestic Medium Hair",9.3549
"Female","Domestic Short Hair",7.8611
"Male","Domestic Short Hair",9.795
"Female","Domestic Short Hair",9.603
"Male","Domestic Long Hair",9.6205
"Female","Domestic Medium Hair",9.201
"Female","Domestic Medium Hair",9.1796
"Male","Domestic Long Hair",11.6311
"Female","Domestic Long Hair",10.6255
"Female","Domestic Short Hair",9.6621
"Male","Domestic Short Hair",9.3678
"Male","Domestic Long Hair",9.8706
"Female","Domestic Medium Hair",9.2982
"Female","Domestic Medium Hair",9.5027
"Male","Domestic Long Hair",11.682
"Female","Domestic Medium Hair",10.8138
"Male","Domestic Long Hair",10.3188
"Female","Domestic Short Hair",9.8809
"Female","Domestic Long Hair",11.191
"Female","Domestic Short Hair",9.647
"Female","Domestic Medium Hair",8.855
"Male","Domestic Short Hair",9.0914
"Female","Domestic Long Hair",9.0862
"Male","Domestic Short Hair",9.2471
"Male","Domestic Medium Hair",12.2806
"Male","Domestic Short Hair",6.7052
"Female","Domestic Long Hair",9.836
"Female","Domestic Short Hair",8.5166
"Female","Domestic Short Hair",8.3102
"Male","Domestic Long Hair",11.8499
"Male","Domestic Long Hair",11.9259
"Female","Domestic Short Hair",9.1656
"Male","Domestic Long Hair",10.7896
"Male","Domestic Long Hair",9.6916
"Female","Domestic Long Hair",8.9617
"Female","Domestic Short Hair",7.722
"Female","Domestic Long Hair",9.3206
"Male","Domestic Long Hair",8.8365
"Male","Domestic Short Hair",9.9531
"Female","Domestic Long Hair",9.3155
"Male","Domestic Long Hair",11.534
"Male","Domestic Long Hair",11.4861
"Male","Domestic Medium Hair",10.1828
"Male","Domestic Medium Hair",10.1226
"Female","Domestic Medium Hair",8.5552
"Male","Domestic Long Hair",11.0076
"Female","Domestic Short Hair",7.8775
"Male","Domestic Long Hair",11.5518
"Female","Domestic Medium Hair",10.7288
"Male","Domestic Short Hair",9.2568
"Female","Domestic Long Hair",8.6415
"Female","Domestic Short Hair",9.1141
"Male","Domestic Long Hair",10.1618
"Female","Domestic Long Hair",10.9457
"Female","Domestic Short Hair",9.3071
"Female","Domestic Short Hair",7.8649
"Female","Domestic Long Hair",9.912
"Female","Domestic Long Hair",9.0857
"Male","Domestic Short Hair",8.4168
"Female","Domestic Long Hair",8.1809
"Female","Domestic Medium Hair",9.1657
"Female","Domestic Long Hair",11.0666
"Female","Domestic Medium Hair",10.0733
"Male","Domestic Short Hair",7.8827
"Male","Domestic Short Hair",8.608
"Female","Domestic Medium Hair",11.0449
"Male","Domestic Long Hair",12.1051
"Male","Domestic Long Hair",12.4934
"Male","Domestic Short Hair",7.0943
"Male","Domestic Long Hair",10.5734
"Female","Domestic Long Hair",9.557
"Female","Domestic Long Hair",9.8663
"Male","Domestic Short Hair",8.5961
"Female","Domestic Long Hair",10.6788
"Male","Domestic Short Hair",9.3705
"Female","Domestic Long Hair",10.008
"Male","Domestic Medium Hair",10.9502
"Female","Domestic Long Hair",9.286
"Female","Domestic Long Hair",8.6973
"Male","Domestic Medium Hair",10.2931
"Female","Domestic Long Hair",7.9619
"Male","Domestic Short Hair",8.5793
"Female","Domestic Long Hair",9.2539
"Male","Domestic Long Hair",10.8797
"Female","Domestic Short Hair",8.3024
"Male","Domestic Long Hair",12.1551
"Male","Domestic Medium Hair",8.7848
"Male","Domestic Short Hair",9.5543
"Female","Domestic Short Hair",8.7738
"Male","Domestic Long Hair",12.294
"Female","Domestic Medium Hair",11.3065
"Female","Domestic Long Hair",11.5115
"Male","Domestic Short Hair",10.1182
"Female","Domestic Long Hair",8.7426
"Male","Domestic Medium Hair",9.3528
"Female","Domestic Medium Hair",8.7821
"Female","Domestic Long Hair",10.0652
"Female","Domestic Medium Hair",9.0105
"Female","Domestic Medium Hair",9.8312
"Female","Domestic Short Hair",10.1529
"Female","Domestic Short Hair",9.7384
"Female","Domestic Long Hair",10.3189
"Female","Domestic Medium Hair",8.4502
"Female","Domestic Long Hair",10.7456
"Male","Domestic Medium Hair",9.4476
"Male","Domestic Medium Hair",10.8564
"Female","Domestic Short Hair",7.108
"Female","Domestic Medium Hair",8.2885
"Female","Domestic Medium Hair",8.7248
"Female","Domestic Medium Hair",10.9453
"Female","Domestic Long Hair",10.3561
"Female","Domestic Short Hair",10.2432
"Male","Domestic Medium Hair",8.3646
"Male","Domestic Short Hair",9.9445
"Male","Domestic Short Hair",10.3405
"Female","Domestic Long Hair",10.7133
"Male","Domestic Short Hair",9.4174
"Female","Domestic Medium Hair",9.0927
"Female","Domestic Long Hair",10.3428
"Male","Domestic Medium Hair",10.1863
"Female","Domestic Short Hair",7.5984
"Female","Domestic Medium Hair",10.3258
"Female","Domestic Medium Hair",10.1504
"Female","Domestic Short Hair",10.0547
"Female","Domestic Medium Hair",11.3342
"Female","Domestic Medium Hair",10.15
"Female","Domestic Long Hair",10.2045
"Female","Domestic Medium Hair",8.2687
"Female","Domestic Medium Hair",10.1916
"Male","Domestic Medium Hair",10.921
"Male","Domestic Medium Hair",9.3526
"Female","Domestic Medium Hair",11.0864
"Female","Domestic Short Hair",7.4483
"Male","Domestic Short Hair",9.1923
"Female","Domestic Short Hair",8.4606
"Female","Domestic Medium Hair",10.5337
"Female","Domestic Short Hair",8.411
"Male","Domestic Short Hair",10.7856
"Female","Domestic Medium Hair",9.6941
"Female","Domestic Short Hair",9.0805
"Female","Domestic Short Hair",10.073
"Female","Domestic Short Hair",8.9276
"Male","Domestic Medium Hair",10.8603
"Female","Domestic Medium Hair",8.2636
"Female","Domestic Short Hair",9.7435
"Male","Domestic Short Hair",9.088
"Female","Domestic Long Hair",8.6496
"Female","Domestic Long Hair",10.4768
"Female","Domestic Short Hair",9.3144
"Female","Domestic Short Hair",9.8293
"Male","Domestic Short Hair",8.1652
"Female","Domestic Short Hair",9.2461
"Female","Domestic Short Hair",9.6853
"Male","Domestic Short Hair",8.6505
"Female","Domestic Short Hair",5.9976
"Male","Domestic Long Hair",12.2257
"Female","Domestic Medium Hair",10.909
"Female","Domestic Medium Hair",9.9225
"Male","Domestic Medium Hair",11.8682
"Female","Domestic Medium Hair",6.8941
"Female","Domestic Medium Hair",10.9043
"Male","Domestic Short Hair",9.6115
"Male","Domestic Long Hair",11.9773
"Male","Domestic Short Hair",9.3743
"Male","Domestic Short Hair",9.8356
"Female","Domestic Short Hair",8.201
"Female","Domestic Long Hair",8.6467
"Female","Domestic Short Hair",6.4453
"Male","Domestic Medium Hair",9.9889
"Male","Domestic Short Hair",8.8704
"Female","Domestic Long Hair",9.8533
"Female","Domestic Short Hair",8.6156
"Male","Domestic Long Hair",10.3215
"Female","Domestic Long Hair",8.7333
"Male","Domestic Short Hair",9.5173
"Female","Domestic Short Hair",8.5757
"Male","Domestic Medium Hair",10.4767
"Male","Domestic Long Hair",10.4415
"Male","Domestic Short Hair",10.7586
"Male","Domestic Long Hair",11.4405
"Female","Domestic Medium Hair",9.9611
"Female","Domestic Long Hair",10.9757
"Male","Domestic Long Hair",11.5848
"Male","Domestic Long Hair",12.6253
"Female","Domestic Long Hair",11.2103
"Male","Domestic Short Hair",8.397
"Male","Domestic Short Hair",9.8408
"Female","Domestic Medium Hair",7.9026
"Female","Domestic Long Hair",9.9984
"Male","Domestic Short Hair",9.6471
"Male","Domestic Long Hair",11.6643
"Female","Domestic Short Hair",7.9663
"Female","Domestic Short Hair",7.767
"Female","Domestic Medium Hair",9.5872
"Female","Domestic Short Hair",7.9148
"Male","Domestic Short Hair",10.1216
"Female","Domestic Long Hair",10.0045
"Male","Domestic Long Hair",9.4653
"Female","Domestic Medium Hair",8.4721
"Male","Domestic Long Hair",11.4808
"Female","Domestic Short Hair",6.9008
"Male","Domestic Medium Hair",8.5867
"Male","Domestic Medium Hair",11.2655
"Female","Domestic Short Hair",9.7553
"Female","Domestic Short Hair",10.0013
"Male","Domestic Short Hair",6.8281
"Female","Domestic Short Hair",7.9926
"Male","Domestic Long Hair",13.3196
"Female","Domestic Medium Hair",10.5946
"Male","Domestic Medium Hair",9.452
"Male","Domestic Long Hair",11.9969
"Female","Domestic Long Hair",11.0546
"Female","Domestic Long Hair",12.0617
"Female","Domestic Short Hair",7.6986
"Male","Domestic Short Hair",8.7629
"Male","Domestic Short Hair",10.5283
"Male","Domestic Short Hair",8.1811
"Male","Domestic Medium Hair",9.4817
"Male","Domestic Short Hair",10.0827
"Male","Domestic Medium Hair",9.4724
"Female","Domestic Medium Hair",9.8252
"Female","Domestic Medium Hair",8.4497
"Male","Domestic Long Hair",10.764
"Female","Domestic Short Hair",8.825
"Male","Domestic Long Hair",10.3883
"Female","Domestic Medium Hair",7.4512
"Female","Domestic Long Hair",10.4277
"Female","Domestic Medium Hair",10.5388
"Female","Domestic Short Hair",8.3668
"Male","Domestic Medium Hair",9.8162
"Female","Domestic Short Hair",8.6728
"Female","Domestic Short Hair",7.9825
"Female","Domestic Short Hair",8.4543
"Female","Domestic Medium Hair",8.2186
"Female","Domestic Medium Hair",8.8165
"Male","Domestic Short Hair",9.5183
"Female","Domestic Short Hair",8.15
"Male","Domestic Medium Hair",10.6916
"Male","Domestic Short Hair",7.8915
"Female","Domestic Long Hair",13.1323
"Male","Domestic Short Hair",9.5135
"Female","Domestic Short Hair",8.8796
"Female","Domestic Long Hair",9.8472
"Male","Domestic Medium Hair",11.4647
"Male","Domestic Short Hair",9.8151
"Male","Domestic Short Hair",9.0315
"Female","Domestic Short Hair",9.8313
"Female","Domestic Long Hair",9.5972
"Female","Domestic Long Hair",10.8122
"Female","Domestic Medium Hair",11.0954
"Male","Domestic Short Hair",9.5786
"Male","Domestic Long Hair",11.0372
"Male","Domestic Medium Hair",10.6733
"Female","Domestic Long Hair",11.4496
"Male","Domestic Medium Hair",11.4597
"Male","Domestic Medium Hair",11.8979
"Female","Domestic Medium Hair",10.0861
"Female","Domestic Medium Hair",9.0986
"Female","Domestic Long Hair",11.6961
"Female","Domestic Long Hair",11.1087
"Female","Domestic Short Hair",8.1574
"Female","Domestic Long Hair",9.919
"Male","Domestic Short Hair",8.5775
"Male","Domestic Medium Hair",7.8557
"Female","Domestic Medium Hair",10.4599
"Male","Domestic Long Hair",11.177
"Male","Domestic Long Hair",10.6162
"Male","Domestic Short Hair",8.6023
"Male","Domestic Short Hair",10.3683
"Male","Domestic Medium Hair",8.8508
"Male","Domestic Long Hair",9.5628
"Female","Domestic Medium Hair",10.5744
"Female","Domestic Medium Hair",10.2434
"Female","Domestic Short Hair",10.9492
"Female","Domestic Short Hair",7.6893
"Male","Domestic Short Hair",11.8269
"Male","Domestic Medium Hair",9.1436
"Female","Domestic Medium Hair",10.0031
"Female","Domestic Short Hair",8.7375
"Female","Domestic Long Hair",10.1615
"Male","Domestic Medium Hair",9.1991
"Female","Domestic Medium Hair",8.0479
"Male","Domestic Short Hair",9.2406
"Female","Domestic Short Hair",10.9458
"Male","Domestic Long Hair",11.993
"Female","Domestic Medium Hair",7.7005
"Female","Domestic Short Hair",7.7778
"Female","Domestic Short Hair",7.5472
"Female","Domestic Medium Hair",9.7893
"Male","Domestic Short Hair",9.2483
"Female","Domestic Short Hair",8.4095
"Male","Domestic Short Hair",8.2896
"Female","Domestic Medium Hair",9.6866
"Male","Domestic Short Hair",8.2745
"Female","Domestic Medium Hair",7.2644
"Male","Domestic Short Hair",7.9487
"Male","Domestic Short Hair",7.1035
"Male","Domestic Long Hair",12.8439
"Male","Domestic Short Hair",9.2797
"Male","Domestic Long Hair",9.87
"Female","Domestic Short Hair",8.6076
"Female","Domestic Long Hair",9.0296
"Male","Domestic Short Hair",9.427
"Male","Domestic Long Hair",11.7637
"Male","Domestic Short Hair",10.1841
"Female","Domestic Medium Hair",10.4413
"Female","Domestic Medium Hair",9.9801
"Female","Domestic Medium Hair",10.3037
"Female","Domestic Medium Hair",10.0668
"Female","Domestic Short Hair",8.4559
"Female","Domestic Medium Hair",11.9451
"Female","Domestic Medium Hair",10.5866
"Male","Domestic Long Hair",12.0082
"Female","Domestic Short Hair",6.1191
"Female","Domestic Short Hair",8.9611
"Male","Domestic Long Hair",11.5369
"Male","Domestic Long Hair",9.6445
"Female","Domestic Medium Hair",8.4288
"Female","Domestic Short Hair",8.3992
"Female","Domestic Medium Hair",10.1921
"Male","Domestic Long Hair",10.2254
"Male","Domestic Long Hair",12.8935
"Female","Domestic Long Hair",11.061
"Female","Domestic Medium Hair",9.2101
"Male","Domestic Short Hair",8.3843
"Female","Domestic Medium Hair",9.9865
"Female","Domestic Short Hair",9.42
"Female","Domestic Medium Hair",10.3168
"Male","Domestic Long Hair",11.6577
"Female","Domestic Short Hair",8.6386
"Male","Domestic Long Hair",11.5299
"Female","Domestic Medium Hair",10.4331
"Male","Domestic Medium Hair",8.1309
"Female","Domestic Medium Hair",8.4378
"Female","Domestic Short Hair",9.3493
"Male","Domestic Short Hair",7.3148
"Female","Domestic Short Hair",8.7501
"Male","Domestic Long Hair",11.2769
"Male","Domestic Short Hair",9.7169
"Male","Domestic Medium Hair",8.636
"Female","Domestic Long Hair",8.8702
"Female","Domestic Medium Hair",9.5671
"Female","Domestic Long Hair",8.495
"Female","Domestic Long Hair",11.8026
"Female","Domestic Short Hair",8.6533
"Male","Domestic Short Hair",8.7384
"Female","Domestic Short Hair",9.1529
"Male","Domestic Long Hair",10.3966
"Male","Domestic Short Hair",10.6269
"Female","Domestic Short Hair",9.4344
"Male","Domestic Long Hair",11.8166
"Female","Domestic Long Hair",10.8562
"Female","Domestic Long Hair",10.1937
"Female","Domestic Medium Hair",10.1041
"Male","Domestic Short Hair",9.8641
"Male","Domestic Short Hair",9.3691
"Female","Domestic Long Hair",7.9685
"Female","Domestic Long Hair",9.1647
"Male","Domestic Medium Hair",9.9266
"Female","Domestic Medium Hair",9.5491
"Male","Domestic Short Hair",9.5451
"Male","Domestic Long Hair",11.2553
"Female","Domestic Medium Hair",11.2147
"Female","Domestic Short Hair",7.8091
"Male","Domestic Long Hair",9.1163
"Female","Domestic Short Hair",9.3051
"Female","Domestic Short Hair",9.1286
"Male","Domestic Short Hair",8.6398
"Male","Domestic Short Hair",9.0242
"Female","Domestic Medium Hair",9.872
"Female","Domestic Medium Hair",10.3097
"Male","Domestic Medium Hair",8.5125
"Male","Domestic Long Hair",11.1506
"Female","Domestic Long Hair",11.0402
"Male","Domestic Short Hair",8.5015
"Male","Domestic Medium Hair",10.2306
"Female","Domestic Medium Hair",11.4731
"Female","Domestic Long Hair",9.0944
"Female","Domestic Long Hair",9.1716
"Male","Domestic Long Hair",11.297
"Female","Domestic Medium Hair",10.0982
"Male","Domestic Long Hair",13.9204
"Male","Domestic Short Hair",10.8298
"Female","Domestic Medium Hair",9.5358
"Female","Domestic Medium Hair",9.3366
"Female","Domestic Short Hair",8.0997
"Male","Domestic Short Hair",10.2038
"Female","Domestic Medium Hair",8.9494
"Female","Domestic Long Hair",10.839
"Female","Domestic Short Hair",9.1963
"Male","Domestic Long Hair",12.0199
"Female","Domestic Short Hair",8.7886
"Female","Domestic Long Hair",8.2942
"Female","Domestic Long Hair",9.5422
"Male","Domestic Short Hair",7.9376
"Male","Domestic Medium Hair",13.0267
"Female","Domestic Medium Hair",9.7066
"Male","Domestic Medium Hair",9.9512
"Female","Domestic Long Hair",10.6965
"Female","Domestic Short Hair",6.6926
"Female","Domestic Short Hair",7.3116
"Female","Domestic Medium Hair",8.1102
"Female","Domestic Short Hair",7.7579
"Female","Domestic Short Hair",9.0009
"Male","Domestic Short Hair",8.446
"Male","Domestic Medium Hair",9.4262
"Female","Domestic Long Hair",9.298
"Male","Domestic Long Hair",11.9162
"Female","Domestic Medium Hair",10.0022
"Male","Domestic Long Hair",9.2737
"Female","Domestic Long Hair",11.3067
"Female","Domestic Long Hair",10.5727
"Female","Domestic Long Hair",10.8982
"Female","Domestic Short Hair",9.2999
"Female","Domestic Long Hair",11.701
"Male","Domestic Short Hair",9.4144
"Male","Domestic Long Hair",9.3199
"Male","Domestic Long Hair",9.9844
"Female","Domestic Long Hair",9.9827
"Female","Domestic Short Hair",8.8381
"Female","Domestic Long Hair",11.194
"Male","Domestic Short Hair",8.4457
"Female","Domestic Medium Hair",8.4923
"Female","Domestic Long Hair",10.3191
"Female","Domestic Short Hair",7.1541
"Male","Domestic Medium Hair",11.5973
"Male","Domestic Short Hair",9.4238
"Female","Domestic Long Hair",9.132
"Male","Domestic Medium Hair",9.9108
"Male","Domestic Long Hair",12.2184
"Male","Domestic Short Hair",8.9605
"Male","Domestic Long Hair",11.4797
"Male","Domestic Short Hair",8.3284
"Female","Domestic Long Hair",9.8589
"Female","Domestic Long Hair",8.3718
"Female","Domestic Long Hair",8.4978
"Female","Domestic Short Hair",7.4151
"Male","Domestic Long Hair",10.0994
"Female","Domestic Short Hair",8.4471
"Male","Domestic Short Hair",9.0322
"Male","Domestic Medium Hair",9.71
"Male","Domestic Long Hair",9.7188
"Male","Domestic Short Hair",9.891
"Female","Domestic Long Hair",8.8723
"Male","Domestic Medium Hair",11.1989
"Male","Domestic Long Hair",10.5379
"Male","Domestic Short Hair",6.4236
"Male","Domestic Medium Hair",11.0704
"Female","Domestic Short Hair",5.8555
"Female","Domestic Short Hair",8.5503
"Male","Domestic Long Hair",9.4055
"Male","Domestic Short Hair",9.0823
"Male","Domestic Short Hair",7.0256
"Male","Domestic Short Hair",9.4444
"Female","Domestic Long Hair",10.3334
"Male","Domestic Long Hair",11.1826
"Female","Domestic Short Hair",8.8922
"Female","Domestic Short Hair",8.9946
"Male","Domestic Long Hair",11.1886
"Female","Domestic Medium Hair",9.3526
"Male","Domestic Medium Hair",8.3088
"Male","Domestic Long Hair",10.6911
"Female","Domestic Short Hair",9.1819
"Male","Domestic Medium Hair",11.531
"Female","Domestic Long Hair",9.0721
"Male","Domestic Long Hair",10.1638
"Male","Domestic Medium Hair",10.6325
"Female","Domestic Short Hair",7.714
"Male","Domestic Short Hair",9.976
"Female","Domestic Short Hair",5.9847
"Male","Domestic Short Hair",9.6827
"Female","Domestic Medium Hair",7.9088
"Male","Domestic Medium Hair",10.5219
"Female","Domestic Short Hair",6.5671
"Female","Domestic Medium Hair",9.8195
"Male","Domestic Long Hair",12.0583
"Female","Domestic Long Hair",10.7554
"Male","Domestic Short Hair",7.0074
"Female","Domestic Medium Hair",10.2688
"Female","Domestic Medium Hair",9.7039
"Female","Domestic Short Hair",9.6083
"Female","Domestic Medium Hair",9.8933
"Male","Domestic Medium Hair",9.7907
"Male","Domestic Short Hair",7.5764
"Male","Domestic Medium Hair",9.1596
"Female","Domestic Medium Hair",9.1501
"Female","Domestic Short Hair",8.6758
"Female","Domestic Long Hair",7.9463
"Female","Domestic Long Hair",9.688
"Male","Domestic Long Hair",12.6289
"Male","Domestic Long Hair",11.2678
"Female","Domestic Medium Hair",9.7079
"Female","Domestic Short Hair",8.2171
"Female","Domestic Medium Hair",11.7051
"Male","Domestic Short Hair",7.5611
"Male","Domestic Long Hair",11.5169
"Female","Domestic Medium Hair",11.5282
"Female","Domestic Medium Hair",9.7789
"Male","Domestic Medium Hair",11.4851
"Female","Domestic Short Hair",8.0362
"Female","Domestic Short Hair",6.9102
"Female","Domestic Long Hair",9.7523
"Female","Domestic Medium Hair",9.9301
"Female","Domestic Short Hair",8.4689
"Female","Domestic Medium Hair",10.0308
"Female","Domestic Long Hair",12.8301
"Female","Domestic Long Hair",9.6547
"Male","Domestic Long Hair",11.208
"Female","Domestic Long Hair",9.0304
"Male","Domestic Long Hair",10.4287
"Male","Domestic Long Hair",9.7153
"Female","Domestic Long Hair",8.9111
"Male","Domestic Short Hair",9.7079
"Male","Domestic Medium Hair",9.077
"Female","Domestic Long Hair",10.5138
"Female","Domestic Medium Hair",9.3343
"Female","Domestic Medium Hair",8.9689
"Female","Domestic Short Hair",10.4188
"Female","Domestic Short Hair",6.877
"Female","Domestic Medium Hair",9.0738
"Male","Domestic Short Hair",9.6817
"Female","Domestic Long Hair",10.1772
"Female","Domestic Medium Hair",9.7587
"Female","Domestic Short Hair",7.8173
"Female","Domestic Medium Hair",8.0996
"Female","Domestic Long Hair",10.6244
"Male","Domestic Long Hair",10.9918
"Female","Domestic Medium Hair",8.5588
"Female","Domestic Short Hair",8.1596
"Female","Domestic Medium Hair",9.4552
"Female","Domestic Medium Hair",9.9309
"Male","Domestic Short Hair",7.6088
"Female","Domestic Short Hair",8.2984
"Female","Domestic Medium Hair",8.5818
"Male","Domestic Medium Hair",8.8925
"Female","Domestic Medium Hair",10.498
"Female","Domestic Medium Hair",9.7089
"Female","Domestic Long Hair",10.5759
"Female","Domestic Medium Hair",12.2163
"Male","Domestic Long Hair",12.3355
"Male","Domestic Short Hair",9.8277
"Male","Domestic Medium Hair",8.7354
"Female","Domestic Short Hair",9.0099
"Male","Domestic Medium Hair",9.7462
"Female","Domestic Medium Hair",11.8041
"Female","Domestic Medium Hair",9.6182
"Female","Domestic Short Hair",9.9214
"Male","Domestic Long Hair",10.6698
"Female","Domestic Short Hair",8.9501
"Male","Domestic Long Hair",11.1119
"Female","Domestic Long Hair",11.3493
"Female","Domestic Medium Hair",9.3308
"Male","Domestic Short Hair",8.6292
"Female","Domestic Short Hair",9.7499
"Female","Domestic Short Hair",8.1673
"Male","Domestic Short Hair",9.3345
"Female","Domestic Medium Hair",10.842
"Male","Domestic Short Hair",8.9537
"Male","Domestic Short Hair",8.9494
"Male","Domestic Long Hair",11.7161
"Female","Domestic Short Hair",8.3826
"Male","Domestic Long Hair",10.9946
"Female","Domestic Long Hair",10.2132
"Male","Domestic Medium Hair",10.6729
"Female","Domestic Short Hair",8.367
"Male","Domestic Medium Hair",10.9382
"Female","Domestic Medium Hair",9.1673
"Female","Domestic Short Hair",9.6015
"Female","Domestic Medium Hair",11.6955
"Male","Domestic Short Hair",11.0697
"Female","Domestic Medium Hair",10.1759
"Female","Domestic Short Hair",7.9599
"Male","Domestic Short Hair",9.3014
"Female","Domestic Short Hair",8.9156
"Male","Domestic Long Hair",11.4042
"Female","Domestic Short Hair",8.4559
"Female","Domestic Medium Hair",9.4141
"Female","Domestic Short Hair",7.6675
"Female","Domestic Short Hair",8.8845
"Female","Domestic Long Hair",11.1785
"Female","Domestic Short Hair",7.3192
"Male","Domestic Short Hair",10.5721
"Female","Domestic Long Hair",10.2197
"Male","Domestic Short Hair",8.7986
"Male","Domestic Medium Hair",9.2111
"Female","Domestic Medium Hair",9.3014
"Male","Domestic Medium Hair",11.3096
"Female","Domestic Medium Hair",11.3329
"Male","Domestic Medium Hair",11.8884
"Female","Domestic Short Hair",7.0367
"Female","Domestic Long Hair",9.6156
"Male","Domestic Short Hair",8.5467
"Female","Domestic Short Hair",10.0921
"Female","Domestic Long Hair",11.0987
"Male","Domestic Medium Hair",9.9491
"Female","Domestic Medium Hair",8.9781
"Female","Domestic Long Hair",10.1777
"Male","Domestic Long Hair",10.7428
"Female","Domestic Short Hair",9.634
"Female","Domestic Short Hair",7.8813
"Female","Domestic Long Hair",7.8688
"Female","Domestic Short Hair",8.324
"Female","Domestic Long Hair",10.5344
"Male","Domestic Long Hair",11.1557
"Male","Domestic Short Hair",11.3195
"Male","Domestic Long Hair",8.6786
"Female","Domestic Short Hair",6.9935
"Male","Domestic Long Hair",10.5237
"Female","Domestic Medium Hair",8.5966
"Female","Domestic Short Hair",8.6893
"Male","Domestic Medium Hair",9.5086
"Female","Domestic Long Hair",8.5945
"Female","Domestic Medium Hair",9.6995
"Male","Domestic Medium Hair",9.1604
"Female","Domestic Long Hair",10.2224
"Male","Domestic Long Hair",11.3515
"Female","Domestic Medium Hair",10.1761
"Female","Domestic Short Hair",7.6248
"Female","Domestic Long Hair",11.3279
"Female","Domestic Medium Hair",9.8553
"Female","Domestic Short Hair",8.409
"Female","Domestic Medium Hair",9.9841
"Female","Domestic Medium Hair",9.9662
"Female","Domestic Medium Hair",8.2958
"Female","Domestic Medium Hair",10.9933
"Female","Domestic Short Hair",9.7169
"Male","Domestic Long Hair",12.5538
"Male","Domestic Short Hair",10.2922
"Male","Domestic Short Hair",7.1717
"Female","Domestic Medium Hair",10.2162
"Male","Domestic Short Hair",8.0853
"Female","Domestic Medium Hair",9.0966
"Male","Domestic Short Hair",9.3848
"Female","Domestic Long Hair",12.0005
"Female","Domestic Short Hair",8.5993
"Male","Domestic Short Hair",8.9387
"Male","Domestic Short Hair",8.0685
"Female","Domestic Long Hair",10.2778
"Female","Domestic Medium Hair",10.7277
"Male","Domestic Short Hair",7.8893
"Male","Domestic Long Hair",10.591
"Male","Domestic Medium Hair",9.3922
"Male","Domestic Medium Hair",11.134
"Female","Domestic Long Hair",10.7343
"Male","Domestic Short Hair",10.1862
"Female","Domestic Long Hair",11.2514
"Male","Domestic Medium Hair",10.795
"Male","Domestic Medium Hair",10.0769
"Female","Domestic Long Hair",8.1215
"Female","Domestic Long Hair",10.732
"Female","Domestic Short Hair",7.7799
"Female","Domestic Long Hair",9.9437
"Female","Domestic Medium Hair",10.6368
"Female","Domestic Short Hair",7.9398
"Female","Domestic Medium Hair",9.3865
"Female","Domestic Short Hair",5.4153
"Male","Domestic Long Hair",11.1989
"Male","Domestic Long Hair",10.8928
"Male","Domestic Long Hair",11.3316
"Female","Domestic Short Hair",8.1835
"Male","Domestic Medium Hair",9.7522
"Male","Domestic Short Hair",8.3954
"Male","Domestic Medium Hair",9.1506
"Female","Domestic Medium Hair",9.5163
"Male","Domestic Long Hair",11.4435
"Female","Domestic Short Hair",6.3678
"Female","Domestic Medium Hair",9.458
"Female","Domestic Medium Hair",10.3709
"Male","Domestic Medium Hair",9.1195
"Male","Domestic Short Hair",9.3009
"Female","Domestic Short Hair",7.7696
"Male","Domestic Short Hair",8.0753
"Male","Domestic Long Hair",12.777
"Male","Domestic Medium Hair",12.0673
"Female","Domestic Short Hair",9.0446
"Male","Domestic Medium Hair",8.572
"Female","Domestic Short Hair",8.3513
"Female","Domestic Medium Hair",9.5044
"Female","Domestic Long Hair",11.2087
"Male","Domestic Short Hair",9.1918
"Male","Domestic Short Hair",7.7424
"Male","Domestic Long Hair",10.1426
"Female","Domestic Long Hair",8.6182
"Female","Domestic Long Hair",9.2153
"Female","Domestic Short Hair",7.5553
"Female","Domestic Short Hair",8.0478
"Female","Domestic Medium Hair",10.1654
"Female","Domestic Long Hair",8.3708
"Female","Domestic Long Hair",8.4558
"Female","Domestic Medium Hair",9.8086
"Female","Domestic Medium Hair",9.8823
"Male","Domestic Medium Hair",9.0597
"Female","Domestic Short Hair",8.0348
"Male","Domestic Long Hair",10.9348
"Female","Domestic Medium Hair",8.2583
"Male","Domestic Long Hair",12.6557
"Female","Domestic Short Hair",8.4419
"Female","Domestic Short Hair",7.78
"Female","Domestic Long Hair",9.9214
"Male","Domestic Long Hair",11.0035
"Female","Domestic Short Hair",11.6065
"Male","Domestic Short Hair",10.7875
"Female","Domestic Long Hair",9.5198
"Male","Domestic Long Hair",10.3144
"Male","Domestic Long Hair",10.4725
"Female","Domestic Medium Hair",9.2888
"Female","Domestic Short Hair",8.4827
"Female","Domestic Medium Hair",9.789
"Male","Domestic Short Hair",11.4813
"Female","Domestic Medium Hair",8.9135
"Female","Domestic Long Hair",9.8626
"Female","Domestic Short Hair",7.896
"Female","Domestic Short Hair",8.4848
"Female","Domestic Short Hair",8.3901
"Female","Domestic Medium Hair",11.2862
"Male","Domestic Long Hair",10.6161
"Female","Domestic Short Hair",9.1508
"Male","Domestic Long Hair",10.8342
"Female","Domestic Short Hair",7.3522
"Male","Domestic Medium Hair",10.2033
"Female","Domestic Medium Hair",8.8417
"Male","Domestic Short Hair",9.8734
"Male","Domestic Long Hair",11.023
"Male","Domestic Medium Hair",10.5675
"Male","Domestic Medium Hair",11.1002
"Male","Domestic Short Hair",11.4103
"Male","Domestic Short Hair",10.7938
"Female","Domestic Long Hair",8.6828
"Male","Domestic Short Hair",7.7327
"Male","Domestic Medium Hair",8.5559
"Male","Domestic Short Hair",10.7424
"Female","Domestic Short Hair",8.9449
"Female","Domestic Long Hair",10.0594
"Female","Domestic Short Hair",8.7616
"Female","Domestic Long Hair",8.8112
"Male","Domestic Long Hair",11.5544
"Female","Domestic Medium Hair",9.4896
"Male","Domestic Short Hair",9.1984
"Female","Domestic Medium Hair",10.9253
"Male","Domestic Short Hair",7.6169
"Female","Domestic Medium Hair",9.528
"Male","Domestic Long Hair",10.113
"Female","Domestic Medium Hair",9.2822
"Male","Domestic Medium Hair",10.6168
"Male","Domestic Long Hair",11.1717
"Male","Domestic Long Hair",10.8044
"Male","Domestic Short Hair",7.766
"Male","Domestic Medium Hair",11.4704
"Female","Domestic Long Hair",9.7357
"Male","Domestic Short Hair",9.2234
"Female","Domestic Medium Hair",9.9599
"Male","Domestic Long Hair",12.0196
"Male","Domestic Short Hair",7.9369
"Male","Domestic Short Hair",8.0504
"Female","Domestic Medium Hair",10.6948
"Male","Domestic Long Hair",11.5563
"Female","Domestic Short Hair",10.5481
"Female","Domestic Short Hair",7.8954
"Male","Domestic Long Hair",10.5209
"Female","Domestic Short Hair",8.5199
"Male","Domestic Long Hair",9.9595
"Male","Domestic Short Hair",8.7666
"Female","Domestic Short Hair",7.7808
"Female","Domestic Medium Hair",9.688
"Female","Domestic Long Hair",8.6118
"Female","Domestic Short Hair",8.7585
"Female","Domestic Long Hair",9.6853
"Female","Domestic Long Hair",9.385
"Female","Domestic Long Hair",9.724
"Male","Domestic Short Hair",6.9586
"Female","Domestic Short Hair",8.4889
"Male","Domestic Long Hair",10.9426
"Male","Domestic Short Hair",9.7819
"Male","Domestic Long Hair",11.0494
"Male","Domestic Long Hair",9.6446
"Male","Domestic Medium Hair",11.248
"Female","Domestic Short Hair",7.1163
"Male","Domestic Long Hair",10.683
"Male","Domestic Long Hair",11.9475
"Female","Domestic Short Hair",6.454
"Female","Domestic Short Hair",8.3533
"Female","Domestic Short Hair",8.7265
"Female","Domestic Short Hair",8.1808
"Male","Domestic Medium Hair",9.5354
"Female","Domestic Short Hair",7.6082
"Male","Domestic Short Hair",8.2085
"Male","Domestic Long Hair",11.0231
"Female","Domestic Long Hair",9.0985
"Male","Domestic Short Hair",8.1844
"Male","Domestic Medium Hair",9.2252
"Female","Domestic Short Hair",7.5895
"Male","Domestic Short Hair",10.5276
"Female","Domestic Short Hair",8.882
"Female","Domestic Medium Hair",9.4245
"Male","Domestic Medium Hair",9.5021
"Female","Domestic Short Hair",8.9123
"Male","Domestic Short Hair",8.8258
"Female","Domestic Long Hair",11.1526
"Female","Domestic Short Hair",9.2699
"Male","Domestic Long Hair",10.7721
"Male","Domestic Long Hair",9.5128
"Male","Domestic Short Hair",8.6724
"Female","Domestic Long Hair",10.2116
"Male","Domestic Long Hair",11.4772
"Female","Domestic Medium Hair",9.9325
"Female","Domestic Medium Hair",9.2058
"Female","Domestic Long Hair",9.0904
"Female","Domestic Long Hair",10.9553
"Female","Domestic Medium Hair",7.8805
"Female","Domestic Short Hair",8.6752
"Male","Domestic Medium Hair",9.4447
"Male","Domestic Short Hair",10.0281
"Female","Domestic Medium Hair",10.1337
"Female","Domestic Long Hair",11.5989
"Male","Domestic Long Hair",10.7517
"Female","Domestic Long Hair",10.7137
"Male","Domestic Short Hair",11.0868
"Male","Domestic Long Hair",13.1654
"Female","Domestic Medium Hair",9.1586
"Male","Domestic Long Hair",12.0168
"Male","Domestic Short Hair",9.0548
"Female","Domestic Short Hair",10.8251
"Female","Domestic Short Hair",9.6761
"Male","Domestic Short Hair",8.5763
"Male","Domestic Short Hair",7.7779
"Male","Domestic Medium Hair",9.9593
"Female","Domestic Long Hair",10.5779
"Female","Domestic Medium Hair",10.2425
"Male","Domestic Long Hair",10.9579
"Male","Domestic Short Hair",9.8082
"Female","Domestic Short Hair",7.73
"Female","Domestic Long Hair",10.3734
"Female","Domestic Medium Hair",9.522
"Female","Domestic Short Hair",7.4459
"Female","Domestic Medium Hair",10.4279
"Male","Domestic Short Hair",9.0187
"Male","Domestic Long Hair",10.3531
"Male","Domestic Short Hair",10.3867
"Male","Domestic Medium Hair",10.4726
"Male","Domestic Long Hair",12.1674
"Male","Domestic Long Hair",13.099
"Female","Domestic Long Hair",9.4608
"Male","Domestic Medium Hair",10.2782
"Female","Domestic Short Hair",9.3843
"Female","Domestic Short Hair",7.8396
"Female","Domestic Medium Hair",8.9704
"Female","Domestic Short Hair",9.2531
"Female","Domestic Medium Hair",8.8956
"Male","Domestic Long Hair",9.8176
"Male","Domestic Medium Hair",10.5076
"Female","Domestic Short Hair",9.3167
"Female","Domestic Short Hair",9.2794
"Male","Domestic Short Hair",10.3315
"Female","Domestic Long Hair",8.4828
"Male","Domestic Long Hair",10.5052
"Male","Domestic Short Hair",8.5177
"Male","Domestic Short Hair",8.4858
"Male","Domestic Long Hair",10.2075
"Female","Domestic Medium Hair",9.5407
"Female","Domestic Long Hair",10.9319
"Male","Domestic Long Hair",10.9387
"Female","Domestic Medium Hair",8.588
"Female","Domestic Long Hair",10.3184
"Male","Domestic Long Hair",11.4285
"Female","Domestic Medium Hair",10.0979
"Male","Domestic Long Hair",11.9522
"Female","Domestic Short Hair",7.8404
"Female","Domestic Medium Hair",6.1812
"Male","Domestic Long Hair",12.0678
"Female","Domestic Long Hair",9.1459
"Male","Domestic Medium Hair",8.8274
"Female","Domestic Short Hair",8.4817
"Female","Domestic Medium Hair",9.4767
"Female","Domestic Short Hair",9.3096
"Female","Domestic Long Hair",9.6497
"Female","Domestic Long Hair",11.1283
"Female","Domestic Medium Hair",10.2554
"Female","Domestic Short Hair",9.6813
"Male","Domestic Long Hair",8.7953
"Female","Domestic Short Hair",9.0963
"Male","Domestic Short Hair",7.9661
"Male","Domestic Medium Hair",9.8653
"Male","Domestic Long Hair",12.0216
"Male","Domestic Short Hair",9.5147
"Male","Domestic Short Hair",11.2616
"Male","Domestic Medium Hair",10.4862
"Male","Domestic Short Hair",7.231
"Male","Domestic Medium Hair",10.7479
"Male","Domestic Long Hair",13.7949
"Female","Domestic Medium Hair",8.9399
"Female","Domestic Long Hair",10.7456
"Male","Domestic Long Hair",13.1592
"Male","Domestic Long Hair",10.0865
"Female","Domestic Short Hair",8.2117
"Male","Domestic Long Hair",10.8475
"Male","Domestic Long Hair",10.0262
"Female","Domestic Long Hair",10.1969
"Male","Domestic Medium Hair",10.4495
"Female","Domestic Short Hair",8.4869
"Male","Domestic Short Hair",9.1128
"Female","Domestic Short Hair",7.896
"Female","Domestic Short Hair",6.567
"Female","Domestic Short Hair",8.9182
"Male","Domestic Long Hair",11.479
"Male","Domestic Long Hair",12.0433
"Female","Domestic Short Hair",8.674
"Female","Domestic Long Hair",9.7843
"Female","Domestic Short Hair",7.9638
"Female","Domestic Medium Hair",10.4295
"Female","Domestic Medium Hair",8.1373
"Male","Domestic Long Hair",11.9323
"Female","Domestic Medium Hair",9.8287
"Male","Domestic Medium Hair",11.0033
"Male","Domestic Short Hair",8.9274
"Female","Domestic Short Hair",8.8764
"Male","Domestic Short Hair",7.908
"Male","Domestic Long Hair",12.3059
"Female","Domestic Medium Hair",8.7734
"Male","Domestic Medium Hair",11.1956
"Female","Domestic Long Hair",9.9019
"Female","Domestic Long Hair",10.4217
"Male","Domestic Medium Hair",10.321
"Male","Domestic Short Hair",8.3116
"Female","Domestic Short Hair",10.4459
"Female","Domestic Short Hair",7.6706
"Female","Domestic Short Hair",6.3786
"Female","Domestic Long Hair",10.1826
"Female","Domestic Medium Hair",8.9067
"Female","Domestic Medium Hair",9.4992
"Male","Domestic Short Hair",6.8982
"Male","Domestic Medium Hair",10.4724
"Male","Domestic Short Hair",10.5649
"Male","Domestic Long Hair",11.5704
"Female","Domestic Long Hair",10.2569
"Male","Domestic Short Hair",7.9839
"Male","Domestic Long Hair",11.1497
"Female","Domestic Long Hair",8.773
"Male","Domestic Short Hair",8.591
"Female","Domestic Medium Hair",10.1145
"Male","Domestic Short Hair",8.3286
"Female","Domestic Short Hair",9.0788
"Female","Domestic Short Hair",9.209
"Female","Domestic Long Hair",9.0338
"Female","Domestic Short Hair",8.7521
"Female","Domestic Short Hair",8.2406
"Male","Domestic Short Hair",10.2873
"Female","Domestic Medium Hair",9.9632
"Male","Domestic Medium Hair",10.9111
"Female","Domestic Long Hair",11.1529
"Male","Domestic Medium Hair",7.7372
"Male","Domestic Medium Hair",11.4321
"Male","Domestic Short Hair",7.7864
"Female","Domestic Medium Hair",9.7633
"Male","Domestic Short Hair",10.5419
"Female","Domestic Short Hair",12.4794
"Male","Domestic Short Hair",9.3303
"Female","Domestic Short Hair",8.5623
"Female","Domestic Medium Hair",9.07
"Male","Domestic Short Hair",8.6339
"Male","Domestic Long Hair",11.1402
"Female","Domestic Short Hair",9.0938
"Male","Domestic Long Hair",10.9675
"Female","Domestic Long Hair",9.7623
"Female","Domestic Long Hair",7.9573
"Male","Domestic Long Hair",10.2613
"Female","Domestic Short Hair",7.566
"Male","Domestic Long Hair",11.3623
"Male","Domestic Short Hair",7.8232
"Female","Domestic Short Hair",9.0361
"Male","Domestic Long Hair",11.0022
"Male","Domestic Long Hair",12.9493
"Male","Domestic Short Hair",7.5921
"Female","Domestic Medium Hair",10.3825
"Male","Domestic Long Hair",12.619
"Female","Domestic Long Hair",10.6741
"Male","Domestic Long Hair",12.817
"Female","Domestic Long Hair",11.6871
"Female","Domestic Medium Hair",9.8877
"Male","Domestic Short Hair",8.8075
"Female","Domestic Long Hair",9.8433
"Female","Domestic Short Hair",8.4908
"Female","Domestic Medium Hair",9.7974
"Female","Domestic Medium Hair",11.1421
"Male","Domestic Long Hair",9.7943
"Female","Domestic Short Hair",9.1697
"Male","Domestic Medium Hair",10.5278
"Female","Domestic Long Hair",9.4446
"Female","Domestic Short Hair",8.0438
"Female","Domestic Short Hair",9.0498
"Female","Domestic Long Hair",9.8771
"Female","Domestic Short Hair",7.5425
"Male","Domestic Medium Hair",9.8742
"Female","Domestic Short Hair",6.3134
"Male","Domestic Long Hair",12.2645
"Male","Domestic Long Hair",11.046
"Male","Domestic Medium Hair",9.7523
"Male","Domestic Long Hair",12.072
"Female","Domestic Long Hair",9.5957
"Male","Domestic Short Hair",9.9543
"Male","Domestic Medium Hair",9.4977
"Male","Domestic Short Hair",9.0821
"Male","Domestic Medium Hair",8.695
"Male","Domestic Long Hair",12.0269
"Female","Domestic Short Hair",8.7753
"Male","Domestic Long Hair",10.1598
"Female","Domestic Long Hair",12.7445
"Male","Domestic Short Hair",8.6913
"Female","Domestic Long Hair",9.4888
"Male","Domestic Medium Hair",10.3219
"Male","Domestic Medium Hair",9.9242
"Male","Domestic Long Hair",11.5215
"Female","Domestic Medium Hair",10.5236
"Female","Domestic Long Hair",9.9575
"Male","Domestic Long Hair",9.5165
"Female","Domestic Long Hair",9.6249
"Female","Domestic Long Hair",9.5961
"Male","Domestic Medium Hair",8.8936
"Female","Domestic Long Hair",9.7047
"Female","Domestic Medium Hair",8.5657
"Female","Domestic Medium Hair",9.1424
"Female","Domestic Long Hair",10.149
"Female","Domestic Short Hair",8.8826
"Female","Domestic Short Hair",7.8968
"Female","Domestic Long Hair",11.475
"Female","Domestic Long Hair",9.4725
"Male","Domestic Long Hair",11.8567
"Female","Domestic Long Hair",10.7566
"Male","Domestic Short Hair",9.2381
"Female","Domestic Medium Hair",8.2828
"Female","Domestic Long Hair",11.3385
"Female","Domestic Medium Hair",8.8619
"Female","Domestic Short Hair",9.247
"Female","Domestic Short Hair",8.4533
"Male","Domestic Medium Hair",8.0205
"Female","Domestic Medium Hair",10.7064
"Female","Domestic Short Hair",8.1345
"Female","Domestic Short Hair",8.8496
"Male","Domestic Medium Hair",10.894
"Male","Domestic Short Hair",8.5874
"Male","Domestic Medium Hair",8.7852
"Female","Domestic Short Hair",10.942
"Female","Domestic Short Hair",6.7443
"Female","Domestic Medium Hair",10.1808
"Male","Domestic Long Hair",12.8296
"Male","Domestic Long Hair",11.0249
"Male","Domestic Short Hair",10.286
"Female","Domestic Medium Hair",8.5669
"Female","Domestic Short Hair",6.9332
"Male","Domestic Long Hair",10.7118
"Male","Domestic Long Hair",10.5431
"Female","Domestic Long Hair",10.001
"Female","Domestic Short Hair",8.5809
"Female","Domestic Short Hair",8.7992
"Male","Domestic Long Hair",10.3946
"Male","Domestic Long Hair",11.0041
"Female","Domestic Long Hair",9.4394
"Female","Domestic Short Hair",7.5203
"Male","Domestic Long Hair",10.9566
"Male","Domestic Long Hair",10.5201
"Male","Domestic Short Hair",8.9828
"Female","Domestic Short Hair",10.1128
"Female","Domestic Short Hair",8.3253
"Female","Domestic Long Hair",10.8087
"Male","Domestic Long Hair",10.8192
"Female","Domestic Short Hair",8.3733
"Male","Domestic Medium Hair",11.8534
"Female","Domestic Medium Hair",9.3034
"Female","Domestic Long Hair",8.9894
"Male","Domestic Long Hair",11.0668
"Male","Domestic Short Hair",9.9356
"Male","Domestic Long Hair",11.9667
"Female","Domestic Long Hair",9.5372
"Female","Domestic Medium Hair",10.3732
"Male","Domestic Long Hair",11.1349
"Male","Domestic Short Hair",9.963
"Female","Domestic Long Hair",9.1665
"Female","Domestic Medium Hair",9.2615
"Female","Domestic Long Hair",9.5412
"Male","Domestic Short Hair",9.0769
"Female","Domestic Long Hair",9.1539
"Male","Domestic Long Hair",12.3604
"Male","Domestic Medium Hair",9.7468
"Male","Domestic Medium Hair",9.1336
"Female","Domestic Short Hair",7.6736
"Female","Domestic Long Hair",8.5218
"Male","Domestic Long Hair",12.2389
"Male","Domestic Medium Hair",11.1681
"Male","Domestic Medium Hair",9.3912
"Female","Domestic Short Hair",8.6658
"Female","Domestic Short Hair",8.2652
"Male","Domestic Short Hair",10.4714
"Female","Domestic Medium Hair",11.0404
"Male","Domestic Short Hair",10.054
"Male","Domestic Medium Hair",9.691
"Male","Domestic Short Hair",9.1779
"Male","Domestic Long Hair",12.8784
"Female","Domestic Short Hair",10.8553
"Male","Domestic Short Hair",8.7274
"Female","Domestic Short Hair",7.1876
"Female","Domestic Short Hair",8.6846
"Female","Domestic Short Hair",9.2121
"Male","Domestic Long Hair",10.5978
"Female","Domestic Short Hair",9.3916
"Male","Domestic Long Hair",11.8904
"Male","Domestic Medium Hair",12.6913
"Female","Domestic Long Hair",11.1189
"Female","Domestic Long Hair",7.7947
"Male","Domestic Long Hair",9.8031
"Female","Domestic Medium Hair",10.2579
"Female","Domestic Short Hair",6.1332
"Female","Domestic Medium Hair",9.6074
"Female","Domestic Short Hair",8.4512
"Female","Domestic Short Hair",6.998
"Male","Domestic Short Hair",8.9679
"Female","Domestic Short Hair",7.4731
"Female","Domestic Long Hair",9.7003
"Female","Domestic Short Hair",8.3501
"Female","Domestic Short Hair",7.3575
"Female","Domestic Medium Hair",11.5776
"Male","Domestic Medium Hair",10.4599
"Male","Domestic Long Hair",10.9789
"Female","Domestic Short Hair",10.1624
"Male","Domestic Long Hair",10.3681
"Female","Domestic Short Hair",8.9002
"Male","Domestic Medium Hair",9.1478
"Female","Domestic Short Hair",9.5872
"Female","Domestic Short Hair",8.0448
"Male","Domestic Long Hair",11.2121
"Male","Domestic Long Hair",11.6611
"Female","Domestic Short Hair",9.0611
"Male","Domestic Medium Hair",10.2803
"Male","Domestic Medium Hair",10.8824
"Female","Domestic Short Hair",6.6119
"Male","Domestic Long Hair",10.8253
"Female","Domestic Medium Hair",10.5918
"Male","Domestic Short Hair",10.2383
"Male","Domestic Long Hair",12.4586
"Female","Domestic Long Hair",10.9435
"Female","Domestic Medium Hair",9.3738
"Male","Domestic Long Hair",11.4342
"Male","Domestic Medium Hair",11.1257
"Male","Domestic Long Hair",10.1749
"Male","Domestic Medium Hair",11.6548
"Female","Domestic Medium Hair",10.3125
"Female","Domestic Short Hair",9.5411
"Male","Domestic Medium Hair",11.4273
"Male","Domestic Short Hair",8.918
"Male","Domestic Long Hair",10.898
"Female","Domestic Short Hair",7.0822
"Male","Domestic Medium Hair",9.9483
"Male","Domestic Short Hair",8.3306
"Female","Domestic Medium Hair",10.7296
"Male","Domestic Short Hair",10.2326
"Male","Domestic Medium Hair",10.9155
"Female","Domestic Medium Hair",11.3434
"Female","Domestic Long Hair",12.0499
"Female","Domestic Short Hair",9.2522
"Male","Domestic Short Hair",8.887
"Female","Domestic Short Hair",7.9852
"Female","Domestic Short Hair",8.1541
"Female","Domestic Short Hair",8.8614
"Female","Domestic Short Hair",8.7497
"Male","Domestic Medium Hair",11.6971
"Male","Domestic Medium Hair",11.1126
"Female","Domestic Long Hair",9.3418
"Female","Domestic Long Hair",8.3517
"Female","Domestic Short Hair",9.3395
"Male","Domestic Short Hair",8.8487
"Male","Domestic Long Hair",10.5956
"Female","Domestic Long Hair",10.2244
"Female","Domestic Short Hair",8.0333
"Female","Domestic Medium Hair",7.9288
"Male","Domestic Medium Hair",9.1785
"Female","Domestic Long Hair",11.0519
"Male","Domestic Short Hair",9.6138
"Male","Domestic Medium Hair",8.5042
"Male","Domestic Medium Hair",9.6133
"Male","Domestic Short Hair",9.3584
"Female","Domestic Medium Hair",10.3408
"Female","Domestic Medium Hair",10.3561
"Female","Domestic Medium Hair",10.4569
"Female","Domestic Short Hair",8.6978
"Female","Domestic Medium Hair",9.1239
"Female","Domestic Medium Hair",8.8656
"Female","Domestic Short Hair",7.0537
"Female","Domestic Long Hair",10.791
"Male","Domestic Short Hair",9.0547
"Male","Domestic Long Hair",9.9111
"Male","Domestic Medium Hair",9.0233
"Male","Domestic Long Hair",12.5508
"Female","Domestic Short Hair",8.5922
"Male","Domestic Medium Hair",10.4362
"Female","Domestic Short Hair",7.7858
"Male","Domestic Short Hair",8.3262
"Male","Domestic Medium Hair",9.2197
"Female","Domestic Medium Hair",10.7852
"Male","Domestic Short Hair",8.4795
"Female","Domestic Medium Hair",9.6954
"Female","Domestic Long Hair",9.4326
"Female","Domestic Short Hair",7.0772
"Female","Domestic Medium Hair",8.3646
"Female","Domestic Long Hair",9.417
"Male","Domestic Long Hair",11.3678
"Male","Domestic Short Hair",10.5824
"Female","Domestic Long Hair",9.9347
"Male","Domestic Medium Hair",10.1281
"Male","Domestic Long Hair",11.3248
"Male","Domestic Long Hair",11.6198
"Male","Domestic Short Hair",7.1339
"Female","Domestic Medium Hair",8.6052
"Female","Domestic Long Hair",7.7006
"Female","Domestic Short Hair",7.9984
"Male","Domestic Short Hair",8.8692
"Female","Domestic Long Hair",9.8452
"Female","Domestic Short Hair",8.321
"Male","Domestic Short Hair",8.0485
"Male","Domestic Medium Hair",11.06
"Male","Domestic Short Hair",8.8631
"Male","Domestic Short Hair",9.1209
"Female","Domestic Long Hair",9.9106
"Female","Domestic Short Hair",8.429
"Male","Domestic Short Hair",8.9964
"Male","Domestic Short Hair",9.709
"Male","Domestic Short Hair",9.0315
"Female","Domestic Long Hair",10.01
"Male","Domestic Long Hair",11.5411
"Male","Domestic Short Hair",10.0411
"Male","Domestic Long Hair",12.2858
"Female","Domestic Medium Hair",9.9142
"Male","Domestic Short Hair",10.2022
"Female","Domestic Medium Hair",10.1055
"Female","Domestic Short Hair",8.2273
"Male","Domestic Long Hair",8.8881
"Female","Domestic Short Hair",8.9279
"Female","Domestic Short Hair",8.6452
"Female","Domestic Short Hair",9.3536
"Male","Domestic Short Hair",9.5761
"Female","Domestic Medium Hair",8.2926
"Male","Domestic Short Hair",8.3785
"Female","Domestic Long Hair",8.5767
"Female","Domestic Medium Hair",9.4969
"Male","Domestic Medium Hair",9.3428
"Female","Domestic Medium Hair",10.0775
"Female","Domestic Short Hair",9.1083
"Male","Domestic Medium Hair",9.3521
"Female","Domestic Medium Hair",8.5137
"Male","Domestic Medium Hair",10.32
"Female","Domestic Short Hair",8.5662
"Male","Domestic Short Hair",9.5471
"Male","Domestic Medium Hair",10.315
"Male","Domestic Short Hair",8.9086
"Male","Domestic Long Hair",11.7888
"Female","Domestic Short Hair",7.6559
"Female","Domestic Short Hair",8.0071
"Male","Domestic Short Hair",8.4443
"Female","Domestic Short Hair",8.1255
"Female","Domestic Long Hair",11.1622
"Female","Domestic Short Hair",8.8351
"Male","Domestic Medium Hair",8.8278
"Female","Domestic Medium Hair",10.5482
"Female","Domestic Medium Hair",10.8505
"Female","Domestic Long Hair",10.6818
"Male","Domestic Long Hair",10.3655
"Male","Domestic Long Hair",10.1209
"Male","Domestic Medium Hair",10.3435
"Female","Domestic Long Hair",8.5732
"Female","Domestic Short Hair",9.5722
"Male","Domestic Short Hair",9.5272
"Female","Domestic Medium Hair",10.8598
"Female","Domestic Long Hair",10.0616
"Male","Domestic Short Hair",9.1438
"Male","Domestic Long Hair",11.0854
"Female","Domestic Long Hair",10.716
"Male","Domestic Medium Hair",10.5897
"Female","Domestic Long Hair",11.3568
"Male","Domestic Medium Hair",11.5735
"Female","Domestic Short Hair",8.7711
"Female","Domestic Medium Hair",9.7493
"Male","Domestic Long Hair",9.4715
"Male","Domestic Long Hair",12.1063
"Female","Domestic Long Hair",9.1856
"Female","Domestic Medium Hair",11.6467
"Female","Domestic Medium Hair",10.7909
"Female","Domestic Short Hair",8.8149
"Female","Domestic Short Hair",9.4886
"Female","Domestic Long Hair",10.6154
"Female","Domestic Short Hair",9.2626
"Male","Domestic Long Hair",11.6428
"Female","Domestic Short Hair",8.7815
"Male","Domestic Short Hair",7.8805
"Female","Domestic Long Hair",10.7875
"Female","Domestic Medium Hair",9.5112
"Female","Domestic Long Hair",8.4757
"Female","Domestic Medium Hair",9.441
"Male","Domestic Long Hair",11.6063
"Male","Domestic Long Hair",10.4431
"Female","Domestic Short Hair",10.2238
"Male","Domestic Long Hair",10.1807
"Male","Domestic Short Hair",10.0391
"Female","Domestic Long Hair",10.868
"Female","Domestic Short Hair",8.4534
"Female","Domestic Short Hair",7.0809
"Female","Domestic Short Hair",9.2505
"Male","Domestic Short Hair",8.7575
"Female","Domestic Long Hair",10.1001
"Male","Domestic Long Hair",11.2168
"Female","Domestic Long Hair",11.2256
"Female","Domestic Long Hair",10.4955
"Female","Domestic Short Hair",8.9774
"Female","Domestic Long Hair",12.5011
"Male","Domestic Long Hair",10.7145
"Female","Domestic Medium Hair",8.4946
"Male","Domestic Medium Hair",9.9269
"Female","Domestic Short Hair",9.4298
"Male","Domestic Long Hair",9.7886
"Male","Domestic Medium Hair",10.12
"Female","Domestic Short Hair",6.4049
"Female","Domestic Long Hair",9.674
"Male","Domestic Short Hair",8.806
"Female","Domestic Long Hair",11.124
"Female","Domestic Medium Hair",10.9131
"Male","Domestic Short Hair",6.6948
"Male","Domestic Short Hair",9.6857
"Female","Domestic Medium Hair",8.3547
"Male","Domestic Short Hair",10.4631
"Female","Domestic Medium Hair",10.3562
"Male","Domestic Long Hair",10.5657
"Female","Domestic Short Hair",7.3663
"Male","Domestic Medium Hair",10.3091
"Male","Domestic Short Hair",9.2974
"Male","Domestic Short Hair",10.5651
"Female","Domestic Medium Hair",9.2941
"Female","Domestic Short Hair",8.4118
"Male","Domestic Long Hair",11.2729
"Female","Domestic Short Hair",8.351
"Female","Domestic Medium Hair",11.5411
"Male","Domestic Medium Hair",10.4189
"Female","Domestic Medium Hair",9.0595
"Male","Domestic Short Hair",9.3696
"Male","Domestic Medium Hair",11.4278
"Male","Domestic Long Hair",9.7053
"Male","Domestic Short Hair",7.9213
"Female","Domestic Medium Hair",11.6639
"Female","Domestic Long Hair",9.5843
"Male","Domestic Long Hair",11.8424
"Female","Domestic Short Hair",9.811
"Female","Domestic Long Hair",9.004
"Female","Domestic Long Hair",12.4934
"Female","Domestic Long Hair",8.8927
"Female","Domestic Short Hair",8.2614
"Female","Domestic Long Hair",10.5979
"Female","Domestic Medium Hair",8.8471
"Female","Domestic Medium Hair",11.3473
"Female","Domestic Long Hair",10.2243
"Male","Domestic Short Hair",9.224
"Male","Domestic Medium Hair",10.9355
"Male","Domestic Short Hair",5.893
"Male","Domestic Long Hair",11.0705
"Male","Domestic Long Hair",9.7054
"Male","Domestic Long Hair",12.2025
"Female","Domestic Short Hair",9.1895
"Male","Domestic Medium Hair",9.382
"Female","Domestic Medium Hair",10.4428
"Female","Domestic Long Hair",9.8797
"Male","Domestic Medium Hair",10.5783
"Male","Domestic Medium Hair",8.3687
"Male","Domestic Short Hair",7.8603
"Male","Domestic Short Hair",10.4308
"Female","Domestic Short Hair",8.9515
"Female","Domestic Short Hair",8.442
"Female","Domestic Long Hair",8.2466
"Female","Domestic Long Hair",9.8533
"Female","Domestic Short Hair",6.7698
"Female","Domestic Medium Hair",9.9313
"Male","Domestic Short Hair",9.2482
"Male","Domestic Long Hair",10.9648
"Female","Domestic Long Hair",9.2414
"Female","Domestic Medium Hair",11.5759
"Male","Domestic Short Hair",8.8016
"Male","Domestic Long Hair",11.3498
"Female","Domestic Medium Hair",9.8525
"Female","Domestic Short Hair",8.3633
"Female","Domestic Medium Hair",8.7707
"Female","Domestic Short Hair",8.2022
"Male","Domestic Medium Hair",8.5659
"Male","Domestic Long Hair",10.6532
"Female","Domestic Medium Hair",9.2712
"Male","Domestic Short Hair",9.8398
"Male","Domestic Medium Hair",9.8974
"Female","Domestic Long Hair",8.1998
"Male","Domestic Long Hair",8.8262
"Female","Domestic Short Hair",6.8957
"Male","Domestic Short Hair",8.397
"Male","Domestic Medium Hair",10.8077
"Male","Domestic Long Hair",12.0169
"Male","Domestic Long Hair",12.5737
"Female","Domestic Short Hair",10.1147
"Female","Domestic Medium Hair",7.8917
"Male","Domestic Short Hair",8.2921
"Female","Domestic Medium Hair",8.8264
"Female","Domestic Short Hair",8.7239
"Female","Domestic Short Hair",9.4476
"Male","Domestic Long Hair",10.8359
"Female","Domestic Long Hair",10.3621
"Male","Domestic Long Hair",8.8884
"Female","Domestic Medium Hair",9.9001
"Male","Domestic Long Hair",9.9358
"Male","Domestic Medium Hair",9.761
"Female","Domestic Short Hair",8.3646
"Male","Domestic Medium Hair",11.5178
"Female","Domestic Medium Hair",10.4863
"Female","Domestic Short Hair",8.6756
"Male","Domestic Long Hair",12.2721
"Male","Domestic Long Hair",10.1363
"Male","Domestic Short Hair",8.2026
"Male","Domestic Long Hair",11.2177
"Male","Domestic Short Hair",6.6694
"Male","Domestic Long Hair",10.5344
"Male","Domestic Short Hair",10.1181
"Male","Domestic Long Hair",12.0554
"Male","Domestic Long Hair",11.2962
"Female","Domestic Long Hair",8.7379
"Female","Domestic Medium Hair",8.6851
"Female","Domestic Medium Hair",9.4974
"Male","Domestic Medium Hair",10.5317
"Male","Domestic Long Hair",11.4003
"Female","Domestic Medium Hair",11.6994
"Female","Domestic Short Hair",9.0803
"Female","Domestic Short Hair",9.1227
"Female","Domestic Short Hair",9.5028
"Female","Domestic Medium Hair",10.0085
"Female","Domestic Long Hair",9.8117
"Female","Domestic Long Hair",8.2707
"Male","Domestic Medium Hair",9.098
"Male","Domestic Long Hair",12.0218
"Male","Domestic Medium Hair",11.1965
"Male","Domestic Medium Hair",10.6575
"Male","Domestic Short Hair",7.9703
"Female","Domestic Medium Hair",9.7877
"Male","Domestic Long Hair",13.0828
"Male","Domestic Medium Hair",11.5583
"Male","Domestic Long Hair",11.3266
"Female","Domestic Long Hair",10.6851
"Female","Domestic Long Hair",10.9773
"Female","Domestic Medium Hair",8.6515
"Female","Domestic Medium Hair",8.2134
"Male","Domestic Long Hair",13.2933
"Male","Domestic Long Hair",9.9467
"Male","Domestic Long Hair",12.1371
"Female","Domestic Medium Hair",9.0758
"Female","Domestic Short Hair",9.8661
"Female","Domestic Short Hair",8.4023
"Female","Domestic Long Hair",9.4436
"Female","Domestic Long Hair",9.268
"Female","Domestic Long Hair",9.0858
"Female","Domestic Medium Hair",9.1635
"Female","Domestic Short Hair",9.0905
"Female","Domestic Short Hair",6.6263
"Male","Domestic Long Hair",10.8326
"Female","Domestic Medium Hair",9.6972
"Female","Domestic Medium Hair",11.1684
"Male","Domestic Long Hair",11.2918
"Female","Domestic Short Hair",8.1129
"Female","Domestic Short Hair",8.9042
"Female","Domestic Long Hair",7.6026
"Female","Domestic Medium Hair",8.8268
"Male","Domestic Medium Hair",10.1181
"Male","Domestic Medium Hair",8.2442
"Female","Domestic Long Hair",9.4197
"Male","Domestic Medium Hair",11.8375
"Female","Domestic Short Hair",9.4936
"Male","Domestic Short Hair",8.2427
"Male","Domestic Short Hair",9.6636
"Male","Domestic Medium Hair",10.1482
"Male","Domestic Short Hair",10.1022
"Female","Domestic Short Hair",8.9087
"Female","Domestic Short Hair",8.0374
"Male","Domestic Medium Hair",11.1845
"Female","Domestic Short Hair",8.5672
"Female","Domestic Short Hair",7.4415
"Male","Domestic Long Hair",11.931
"Male","Domestic Long Hair",11.3591
"Female","Domestic Long Hair",9.9998
"Female","Domestic Medium Hair",8.2501
"Female","Domestic Short Hair",6.086
"Female","Domestic Short Hair",9.5509
"Male","Domestic Short Hair",9.0481
"Female","Domestic Long Hair",10.7183
"Male","Domestic Short Hair",8.2582
"Male","Domestic Long Hair",11.1778
"Male","Domestic Medium Hair",8.9038
"Male","Domestic Long Hair",11.8472
"Male","Domestic Short Hair",9.2848
"Female","Domestic Short Hair",8.1819
"Female","Domestic Short Hair",9.2255
"Male","Domestic Long Hair",10.752
"Male","Domestic Short Hair",9.4063
"Female","Domestic Short Hair",8.5127
"Male","Domestic Short Hair",11.5601
"Female","Domestic Long Hair",9.5998
"Male","Domestic Long Hair",11.5021
"Female","Domestic Short Hair",8.142
"Male","Domestic Medium Hair",10.178
"Female","Domestic Medium Hair",9.7831
"Male","Domestic Medium Hair",10.8496
"Male","Domestic Short Hair",11.024
"Female","Domestic Long Hair",9.0819
"Male","Domestic Long Hair",10.656
"Male","Domestic Long Hair",9.932
"Female","Domestic Short Hair",9.2978
"Male","Domestic Short Hair",10.4106
"Female","Domestic Short Hair",8.7773
"Female","Domestic Short Hair",8.9956
"Female","Domestic Short Hair",9.5073
"Male","Domestic Short Hair",8.6781
"Female","Domestic Long Hair",7.8316
"Male","Domestic Short Hair",9.5896
"Female","Domestic Medium Hair",8.5676
"Female","Domestic Medium Hair",10.8527
"Female","Domestic Medium Hair",8.9437
"Male","Domestic Short Hair",6.6619
"Male","Domestic Long Hair",10.9747
"Female","Domestic Long Hair",11.0161
"Male","Domestic Long Hair",12.3063
"Male","Domestic Long Hair",10.2687
"Male","Domestic Long Hair",11.3979
"Female","Domestic Long Hair",12.1142
"Female","Domestic Long Hair",11.1202
"Female","Domestic Medium Hair",12.0969
"Female","Domestic Medium Hair",9.634
"Female","Domestic Medium Hair",9.3291
"Male","Domestic Medium Hair",11.4005
"Female","Domestic Short Hair",8.4191
"Female","Domestic Long Hair",9.9696
"Female","Domestic Medium Hair",10.1869
"Male","Domestic Short Hair",9.9888
"Female","Domestic Long Hair",10.1544
"Female","Domestic Medium Hair",10.0658
"Female","Domestic Short Hair",7.7085
"Male","Domestic Short Hair",9.5504
"Female","Domestic Short Hair",9.5199
"Male","Domestic Short Hair",9.2398
"Female","Domestic Short Hair",9.236
"Female","Domestic Short Hair",10.3038
"Female","Domestic Medium Hair",9.2141
"Female","Domestic Medium Hair",10.7045
"Male","Domestic Medium Hair",10.6348
"Male","Domestic Medium Hair",11.5111
"Male","Domestic Short Hair",9.9876
"Female","Domestic Medium Hair",8.9223
"Male","Domestic Long Hair",10.719
"Female","Domestic Medium Hair",10.4287
"Female","Domestic Short Hair",9.2901
"Female","Domestic Medium Hair",8.5259
"Male","Domestic Long Hair",9.7839
"Female","Domestic Medium Hair",7.6117
"Female","Domestic Short Hair",9.4497
"Male","Domestic Short Hair",9.623
"Female","Domestic Medium Hair",9.1039
"Male","Domestic Long Hair",11.9731
"Female","Domestic Short Hair",8.0013
"Male","Domestic Short Hair",10.6191
"Male","Domestic Long Hair",13.2649
"Female","Domestic Medium Hair",10.1259
"Female","Domestic Medium Hair",10.2994
"Female","Domestic Short Hair",8.024
"Female","Domestic Short Hair",8.2654
"Male","Domestic Long Hair",12.8716
"Female","Domestic Short Hair",6.8238
"Male","Domestic Short Hair",10.0119
"Female","Domestic Long Hair",9.9308
"Male","Domestic Short Hair",8.0255
"Female","Domestic Medium Hair",8.1142
"Male","Domestic Medium Hair",9.5032
"Male","Domestic Long Hair",9.4825
"Female","Domestic Medium Hair",10.1402
"Male","Domestic Medium Hair",10.9642
"Female","Domestic Medium Hair",10.1067
"Female","Domestic Medium Hair",11.6004
"Male","Domestic Medium Hair",11.456
"Male","Domestic Medium Hair",11.0506
"Female","Domestic Medium Hair",9.6501
"Male","Domestic Long Hair",11.4597
"Female","Domestic Long Hair",10.0759
"Female","Domestic Medium Hair",9.297
"Male","Domestic Short Hair",11.7857
"Female","Domestic Long Hair",9.5593
"Male","Domestic Short Hair",8.7999
"Female","Domestic Long Hair",10.1446
"Female","Domestic Short Hair",8.1123
"Female","Domestic Long Hair",8.8351
"Female","Domestic Short Hair",7.0225
"Female","Domestic Short Hair",9.1549
"Female","Domestic Medium Hair",10.1576
"Male","Domestic Medium Hair",10.9827
"Male","Domestic Short Hair",9.4006
"Female","Domestic Short Hair",8.7686
"Female","Domestic Short Hair",7.585
"Female","Domestic Short Hair",8.6403
"Male","Domestic Long Hair",11.0492
"Female","Domestic Medium Hair",9.4434
"Female","Domestic Short Hair",8.5505
"Male","Domestic Medium Hair",9.4513
"Male","Domestic Long Hair",10.9698
"Male","Domestic Long Hair",11.5666
"Male","Domestic Short Hair",9.9563
"Female","Domestic Short Hair",7.7967
"Female","Domestic Medium Hair",10.6452
"Female","Domestic Long Hair",11.1451
"Female","Domestic Medium Hair",9.446
"Female","Domestic Long Hair",11.1813
"Male","Domestic Short Hair",9.1362
"Male","Domestic Medium Hair",9.2009
"Male","Domestic Short Hair",9.0855
"Male","Domestic Short Hair",10.5388
"Female","Domestic Long Hair",10.6034
"Male","Domestic Short Hair",9.6723
"Female","Domestic Short Hair",8.6962
"Male","Domestic Long Hair",10.4308
"Male","Domestic Medium Hair",10.6143
"Female","Domestic Medium Hair",8.4546
"Male","Domestic Short Hair",8.7036
"Female","Domestic Medium Hair",10.6471
"Female","Domestic Long Hair",8.4664
"Female","Domestic Short Hair",9.3742
"Male","Domestic Medium Hair",9.9114
"Male","Domestic Medium Hair",10.2318
"Female","Domestic Short Hair",10.2747
"Female","Domestic Short Hair",7.5785
"Female","Domestic Short Hair",7.6819
"Male","Domestic Long Hair",8.8895
"Male","Domestic Medium Hair",10.1751
"Male","Domestic Short Hair",10.3991
"Female","Domestic Short Hair",7.9778
"Male","Domestic Long Hair",11.2172
"Male","Domestic Long Hair",10.4385
"Male","Domestic Short Hair",7.5841
"Male","Domestic Long Hair",10.9732
"Female","Domestic Medium Hair",9.6979
"Female","Domestic Short Hair",7.7086
"Female","Domestic Short Hair",9.0079
"Female","Domestic Medium Hair",8.2099
"Male","Domestic Long Hair",10.797
"Male","Domestic Short Hair",10.8009
"Male","Domestic Long Hair",11.6237
"Female","Domestic Short Hair",7.3938
"Male","Domestic Long Hair",11.8302
"Male","Domestic Medium Hair",9.0427
"Male","Domestic Long Hair",11.9583
"Male","Domestic Medium Hair",9.3974
"Male","Domestic Long Hair",10.7268
"Male","Domestic Short Hair",9.9343
"Female","Domestic Short Hair",7.9057
"Female","Domestic Medium Hair",9.5885
"Female","Domestic Long Hair",9.5096
"Female","Domestic Medium Hair",9.0586
"Female","Domestic Medium Hair",10.343
"Female","Domestic Medium Hair",8.7248
"Female","Domestic Short Hair",8.7449
"Male","Domestic Short Hair",11.1868
"Female","Domestic Long Hair",9.6667
"Male","Domestic Long Hair",12.4083
"Female","Domestic Medium Hair",10.624
"Female","Domestic Medium Hair",10.1516
"Female","Domestic Medium Hair",10.0242
"Female","Domestic Long Hair",10.0746
"Male","Domestic Long Hair",10.9233
"Female","Domestic Short Hair",9.1257
"Female","Domestic Long Hair",10.5581
"Female","Domestic Long Hair",8.6451
"Male","Domestic Short Hair",10.3064
"Female","Domestic Short Hair",8.8028
"Male","Domestic Long Hair",9.3966
"Male","Domestic Medium Hair",9.6385
"Female","Domestic Medium Hair",11.0945
"Male","Domestic Short Hair",9.1928
"Female","Domestic Short Hair",8.4157
"Female","Domestic Short Hair",7.7323
"Male","Domestic Long Hair",11.1632
"Female","Domestic Medium Hair",9.8122
"Female","Domestic Medium Hair",11.0256
"Male","Domestic Medium Hair",10.2747
"Male","Domestic Short Hair",9.2269
"Male","Domestic Short Hair",10.1396
"Male","Domestic Long Hair",11.178
"Male","Domestic Short Hair",9.7369
"Male","Domestic Long Hair",11.1756
"Male","Domestic Long Hair",11.9159
"Female","Domestic Short Hair",8.6881
"Male","Domestic Medium Hair",10.7613
"Male","Domestic Short Hair",9.6353
"Female","Domestic Short Hair",9.219
"Female","Domestic Long Hair",10.9077
"Female","Domestic Medium Hair",11.2105
"Male","Domestic Short Hair",8.2496
"Male","Domestic Short Hair",8.8738
"Female","Domestic Medium Hair",10.0048
"Female","Domestic Short Hair",8.587
"Female","Domestic Medium Hair",8.9707
"Male","Domestic Medium Hair",10.2738
"Male","Domestic Long Hair",10.9108
"Male","Domestic Short Hair",10.1197
"Male","Domestic Medium Hair",10.5328
"Female","Domestic Medium Hair",10.3781
"Male","Domestic Medium Hair",10.9311
"Male","Domestic Short Hair",8.5303
"Female","Domestic Medium Hair",8.0171
"Male","Domestic Short Hair",10.2423
"Male","Domestic Long Hair",9.4587
"Male","Domestic Medium Hair",9.5753
"Female","Domestic Medium Hair",8.567
"Male","Domestic Long Hair",10.4328
"Male","Domestic Short Hair",8.1246
"Female","Domestic Medium Hair",8.2999
"Female","Domestic Long Hair",10.5143
"Female","Domestic Short Hair",6.4128
"Male","Domestic Medium Hair",9.6853
"Female","Domestic Short Hair",8.0319
"Female","Domestic Medium Hair",9.683
"Male","Domestic Long Hair",9.9752
"Female","Domestic Short Hair",7.1023
"Male","Domestic Short Hair",7.8152
"Male","Domestic Short Hair",9.1613
"Female","Domestic Long Hair",10.0293
"Female","Domestic Short Hair",8.0017
"Female","Domestic Medium Hair",11.3209
"Female","Domestic Short Hair",7.9125
"Female","Domestic Long Hair",11.0089
"Female","Domestic Short Hair",10.0282
"Male","Domestic Long Hair",11.0513
"Male","Domestic Medium Hair",10.2642
"Female","Domestic Short Hair",9.8476
"Female","Domestic Long Hair",11.0551
"Male","Domestic Long Hair",10.3963
"Female","Domestic Medium Hair",9.0811
"Female","Domestic Short Hair",8.496
"Female","Domestic Medium Hair",11.0534
"Female","Domestic Long Hair",10.9741
"Male","Domestic Medium Hair",11.6424
"Male","Domestic Long Hair",11.1595
"Female","Domestic Long Hair",8.2477
"Male","Domestic Long Hair",10.6309
"Male","Domestic Long Hair",11.2724
"Male","Domestic Long Hair",13.705
"Female","Domestic Short Hair",8.2524
"Female","Domestic Medium Hair",10.5106
"Female","Domestic Short Hair",7.2489
"Female","Domestic Long Hair",10.5122
"Female","Domestic Medium Hair",10.0218
"Male","Domestic Medium Hair",10.0072
"Female","Domestic Medium Hair",8.5006
"Male","Domestic Long Hair",12.4861
"Female","Domestic Long Hair",9.2434
"Female","Domestic Long Hair",10.7861
"Female","Domestic Long Hair",10.8424
"Female","Domestic Short Hair",10.1001
"Male","Domestic Long Hair",13.2849
"Female","Domestic Medium Hair",8.853
"Female","Domestic Short Hair",8.0829
"Female","Domestic Short Hair",8.7065
"Female","Domestic Long Hair",11.5646
"Female","Domestic Medium Hair",10.5329
"Female","Domestic Medium Hair",9.3521
"Female","Domestic Short Hair",8.3292
"Male","Domestic Long Hair",10.5512
"Female","Domestic Medium Hair",9.6499
"Male","Domestic Short Hair",9.7303
"Female","Domestic Medium Hair",8.4985
"Male","Domestic Medium Hair",11.2136
"Male","Domestic Long Hair",11.8568
"Female","Domestic Short Hair",10.9102
"Female","Domestic Short Hair",7.4027
"Female","Domestic Short Hair",10.7551
"Male","Domestic Medium Hair",9.1467
"Female","Domestic Long Hair",10.0985
"Male","Domestic Short Hair",10.0607
"Male","Domestic Short Hair",7.0406
"Female","Domestic Short Hair",9.1275
"Female","Domestic Short Hair",8.2279
"Female","Domestic Short Hair",9.5845
"Female","Domestic Long Hair",11.7303
"Female","Domestic Medium Hair",8.9778
"Female","Domestic Medium Hair",10.8496
"Female","Domestic Short Hair",8.0588
"Female","Domestic Short Hair",9.1419
"Female","Domestic Short Hair",9.4307
"Male","Domestic Short Hair",10.4129
"Female","Domestic Medium Hair",10.5044
"Female","Domestic Long Hair",7.9021
"Female","Domestic Short Hair",7.777
"Male","Domestic Long Hair",9.1066
"Female","Domestic Short Hair",8.398
"Female","Domestic Short Hair",7.648
"Female","Domestic Medium Hair",9.0965
"Female","Domestic Long Hair",10.0296
"Male","Domestic Short Hair",8.0742
"Male","Domestic Short Hair",9.1275
"Male","Domestic Short Hair",8.7839
"Female","Domestic Long Hair",9.7144
"Male","Domestic Long Hair",11.3097
"Female","Domestic Medium Hair",8.8177
"Female","Domestic Medium Hair",8.9885
"Female","Domestic Medium Hair",8.9703
"Female","Domestic Long Hair",11.1524
"Female","Domestic Medium Hair",8.6629
"Female","Domestic Long Hair",9.1534
"Female","Domestic Short Hair",8.6559
"Female","Domestic Medium Hair",10.8118
"Male","Domestic Long Hair",10.6285
"Male","Domestic Medium Hair",9.2488
"Female","Domestic Short Hair",9.085
"Male","Domestic Long Hair",10.4319
"Male","Domestic Short Hair",10.2898
"Female","Domestic Short Hair",8.2113
"Male","Domestic Medium Hair",9.7029
"Female","Domestic Short Hair",7.8826
"Female","Domestic Long Hair",11.0715
"Male","Domestic Medium Hair",11.1393
"Male","Domestic Short Hair",7.8579
"Male","Domestic Long Hair",11.5895
"Female","Domestic Long Hair",12.1684
"Male","Domestic Long Hair",9.8811
"Female","Domestic Short Hair",8.3312
"Female","Domestic Medium Hair",10.2528
"Female","Domestic Short Hair",8.7104
"Female","Domestic Medium Hair",9.5349
"Female","Domestic Short Hair",9.3529
"Male","Domestic Long Hair",9.2263
"Male","Domestic Long Hair",11.886
"Female","Domestic Medium Hair",8.7217
"Female","Domestic Short Hair",10.0765
"Male","Domestic Long Hair",11.3586
"Female","Domestic Medium Hair",7.858
"Female","Domestic Long Hair",9.1239
"Male","Domestic Long Hair",13.7509
"Male","Domestic Short Hair",7.8028
"Female","Domestic Long Hair",8.5921
"Female","Domestic Short Hair",8.3329
"Male","Domestic Short Hair",8.5733
"Female","Domestic Medium Hair",8.3106
"Female","Domestic Medium Hair",9.3363
"Male","Domestic Medium Hair",10.6729
"Female","Domestic Medium Hair",9.7291
"Male","Domestic Short Hair",9.3635
"Female","Domestic Long Hair",11.192
"Male","Domestic Long Hair",10.8777
"Male","Domestic Long Hair",10.7991
"Male","Domestic Medium Hair",10.6539
"Male","Domestic Medium Hair",10.2372
"Female","Domestic Medium Hair",8.9394
"Female","Domestic Short Hair",7.4584
"Male","Domestic Short Hair",9.2267
"Male","Domestic Short Hair",10.5873
"Female","Domestic Medium Hair",10.0688
"Female","Domestic Short Hair",7.6021
"Female","Domestic Long Hair",8.8557
"Female","Domestic Medium Hair",10.2941
"Female","Domestic Medium Hair",10.2303
"Male","Domestic Medium Hair",11.481
"Male","Domestic Long Hair",11.1226
"Female","Domestic Short Hair",9.0169
"Female","Domestic Medium Hair",8.2357
"Male","Domestic Long Hair",9.8588
"Male","Domestic Short Hair",7.8761
"Female","Domestic Medium Hair",9.8803
"Female","Domestic Medium Hair",10.4393
"Male","Domestic Long Hair",10.9716
"Male","Domestic Short Hair",7.7478
"Female","Domestic Short Hair",7.8294
"Female","Domestic Medium Hair",12.0889
"Male","Domestic Short Hair",9.3749
"Male","Domestic Long Hair",12.4433
"Female","Domestic Short Hair",9.9766
"Female","Domestic Short Hair",7.0323
"Female","Domestic Medium Hair",9.5798
"Female","Domestic Short Hair",8.3432
"Male","Domestic Short Hair",10.1018
"Male","Domestic Long Hair",11.3702
"Male","Domestic Short Hair",10.0711
"Male","Domestic Short Hair",8.4374
"Male","Domestic Short Hair",8.6925
"Female","Domestic Short Hair",9.999
"Male","Domestic Short Hair",10.6582
"Male","Domestic Long Hair",10.7617
"Male","Domestic Medium Hair",8.3811
"Female","Domestic Long Hair",9.7372
"Male","Domestic Long Hair",11.5985
"Female","Domestic Short Hair",9.4735
"Female","Domestic Medium Hair",11.0986
"Male","Domestic Medium Hair",10.5326
"Female","Domestic Short Hair",8.1807
"Female","Domestic Medium Hair",9.5341
"Female","Domestic Long Hair",9.7447
"Female","Domestic Short Hair",9.9512
"Female","Domestic Long Hair",9.8625
"Male","Domestic Short Hair",8.6519
"Female","Domestic Short Hair",10.4835
"Male","Domestic Short Hair",9.2062
"Female","Domestic Long Hair",8.9424
"Male","Domestic Short Hair",7.8302
"Male","Domestic Long Hair",11.0177
"Female","Domestic Medium Hair",10.8328
"Male","Domestic Short Hair",8.2158
"Male","Domestic Long Hair",11.0745
"Male","Domestic Medium Hair",10.4741
"Female","Domestic Medium Hair",9.6173
"Female","Domestic Short Hair",8.0332
"Female","Domestic Short Hair",8.4879
"Male","Domestic Long Hair",10.0664
"Male","Domestic Short Hair",7.3627
"Female","Domestic Medium Hair",8.7394
"Male","Domestic Short Hair",9.9698
"Female","Domestic Medium Hair",10.8031
"Male","Domestic Medium Hair",8.625
"Female","Domestic Short Hair",7.4385
"Male","Domestic Medium Hair",8.3174
"Male","Domestic Medium Hair",8.704
"Female","Domestic Short Hair",9.7107
"Female","Domestic Long Hair",12.027
"Female","Domestic Short Hair",8.8948
"Male","Domestic Medium Hair",9.5449
"Female","Domestic Short Hair",8.5075
"Male","Domestic Short Hair",9.2325
"Female","Domestic Short Hair",7.7813
"Female","Domestic Medium Hair",10.0347
"Female","Domestic Long Hair",10.3244
"Male","Domestic Short Hair",8.2117
"Female","Domestic Short Hair",9.101
"Female","Domestic Medium Hair",10.3424
"Male","Domestic Long Hair",10.2337
"Male","Domestic Long Hair",12.0484
"Male","Domestic Short Hair",7.0721
"Female","Domestic Long Hair",10.2753
"Male","Domestic Short Hair",7.7547
"Male","Domestic Long Hair",12.6678
"Female","Domestic Short Hair",7.4197
"Male","Domestic Long Hair",11.6082
"Male","Domestic Short Hair",9.7816
"Female","Domestic Long Hair",11.1475
"Male","Domestic Long Hair",8.7432
"Female","Domestic Long Hair",11.0918
"Male","Domestic Medium Hair",10.6567
"Male","Domestic Short Hair",10.8581
"Female","Domestic Long Hair",10.5331
"Male","Domestic Short Hair",8.9133
"Male","Domestic Short Hair",7.5395
"Female","Domestic Medium Hair",10.2162
"Female","Domestic Short Hair",8.5997
"Male","Domestic Short Hair",8.3413
"Female","Domestic Medium Hair",10.3277
"Female","Domestic Short Hair",7.4459
"Female","Domestic Short Hair",9.849
"Female","Domestic Long Hair",9.9799
"Male","Domestic Medium Hair",10.9911
"Male","Domestic Short Hair",7.0136
"Male","Domestic Long Hair",11.6817
"Male","Domestic Short Hair",10.107
"Female","Domestic Long Hair",11.3893
"Male","Domestic Short Hair",9.5676
"Male","Domestic Short Hair",7.9045
"Female","Domestic Medium Hair",10.9318
"Male","Domestic Short Hair",8.6855
"Female","Domestic Long Hair",9.7444
"Female","Domestic Long Hair",8.9444
"Male","Domestic Short Hair",9.8907
"Male","Domestic Long Hair",11.0038
"Male","Domestic Short Hair",9.7751
"Male","Domestic Long Hair",11.5864
"Female","Domestic Short Hair",9.7176
"Male","Domestic Short Hair",9.0614
"Male","Domestic Long Hair",12.1311
"Male","Domestic Short Hair",7.9204
"Male","Domestic Short Hair",8.1182
"Female","Domestic Short Hair",7.5612
"Male","Domestic Long Hair",11.3873
"Male","Domestic Medium Hair",11.5608
"Male","Domestic Medium Hair",9.3447
"Female","Domestic Medium Hair",9.6912
"Female","Domestic Medium Hair",10.4228
"Male","Domestic Long Hair",9.526
"Female","Domestic Short Hair",7.3874
"Female","Domestic Medium Hair",9.1273
"Male","Domestic Long Hair",12.2339
"Male","Domestic Long Hair",13.1729
"Male","Domestic Short Hair",7.3232
"Male","Domestic Short Hair",9.6959
"Male","Domestic Medium Hair",9.2062
"Female","Domestic Long Hair",12.0404
"Male","Domestic Short Hair",9.0598
"Female","Domestic Medium Hair",10.1386
"Female","Domestic Long Hair",11.7345
"Female","Domestic Short Hair",7.4056
"Male","Domestic Short Hair",7.0871
"Female","Domestic Short Hair",8.4552
"Female","Domestic Long Hair",11.2007
"Male","Domestic Short Hair",9.8255
"Female","Domestic Medium Hair",8.9049
"Female","Domestic Short Hair",8.2174
"Male","Domestic Long Hair",10.1842
"Female","Domestic Long Hair",9.3793
"Male","Domestic Medium Hair",9.6255
"Female","Domestic Long Hair",9.4359
"Male","Domestic Long Hair",11.0003
"Female","Domestic Medium Hair",8.8652
"Male","Domestic Short Hair",9.2442
"Female","Domestic Short Hair",9.2679
"Male","Domestic Short Hair",8.8314
"Female","Domestic Medium Hair",9.5016
"Male","Domestic Short Hair",8.7648
"Female","Domestic Short Hair",8.0625
"Female","Domestic Short Hair",7.2129
"Male","Domestic Short Hair",11.0281
"Male","Domestic Short Hair",9.4674
"Female","Domestic Medium Hair",9.4952
"Male","Domestic Long Hair",9.5052
"Female","Domestic Long Hair",10.504
"Male","Domestic Long Hair",11.56
"Female","Domestic Short Hair",7.7235
"Female","Domestic Short Hair",8.6993
"Female","Domestic Medium Hair",9.1856
"Male","Domestic Long Hair",12.2484
"Female","Domestic Short Hair",8.8564
"Female","Domestic Medium Hair",10.1454
"Female","Domestic Short Hair",8.6379
"Female","Domestic Short Hair",6.9789
"Female","Domestic Medium Hair",10.0053
"Female","Domestic Medium Hair",10.6542
"Female","Domestic Short Hair",9.0587
"Male","Domestic Medium Hair",11.1659
"Female","Domestic Long Hair",8.3187
"Female","Domestic Medium Hair",10.4148
"Male","Domestic Medium Hair",10.0661
"Male","Domestic Medium Hair",9.7672
"Male","Domestic Long Hair",12.4284
"Male","Domestic Long Hair",10.3301
"Male","Domestic Medium Hair",9.6185
"Male","Domestic Short Hair",10.272
"Male","Domestic Long Hair",11.5582
"Male","Domestic Short Hair",8.7246
"Female","Domestic Short Hair",9.532
"Female","Domestic Medium Hair",9.1998
"Male","Domestic Medium Hair",10.3343
"Male","Domestic Short Hair",9.4159
"Male","Domestic Long Hair",11.1419
"Female","Domestic Long Hair",9.5765
"Female","Domestic Short Hair",7.5622
"Female","Domestic Short Hair",9.0759
"Male","Domestic Long Hair",10.5711
"Male","Domestic Long Hair",12.1988
"Female","Domestic Medium Hair",8.7406
"Male","Domestic Long Hair",11.7137
"Female","Domestic Medium Hair",10.1682
"Female","Domestic Long Hair",10.4078
"Female","Domestic Short Hair",8.574
"Male","Domestic Short Hair",10.1505
"Male","Domestic Short Hair",7.8274
"Female","Domestic Long Hair",10.605
"Female","Domestic Short Hair",7.1532
"Female","Domestic Short Hair",8.9664
"Male","Domestic Medium Hair",10.2973
"Male","Domestic Short Hair",8.8984
"Male","Domestic Long Hair",10.313
"Female","Domestic Medium Hair",10.445
"Male","Domestic Medium Hair",10.2547
"Female","Domestic Short Hair",8.6061
"Female","Domestic Long Hair",10.6842
"Male","Domestic Long Hair",12.3793
"Male","Domestic Long Hair",9.9666
"Female","Domestic Medium Hair",10.5144
"Male","Domestic Medium Hair",8.6536
"Female","Domestic Short Hair",7.7798
"Female","Domestic Long Hair",10.7879
"Male","Domestic Medium Hair",11.4981
"Male","Domestic Long Hair",10.6679
"Male","Domestic Long Hair",13.7302
"Male","Domestic Long Hair",9.6808
"Female","Domestic Short Hair",9.5952
"Female","Domestic Long Hair",8.5767
"Female","Domestic Short Hair",8.4131
"Female","Domestic Short Hair",8.1879
"Female","Domestic Long Hair",10.2814
"Male","Domestic Short Hair",8.4805
"Female","Domestic Short Hair",8.8983
"Male","Domestic Short Hair",9.3837
"Male","Domestic Long Hair",11.0517
"Male","Domestic Long Hair",13.3196
"Female","Domestic Long Hair",9.012
"Female","Domestic Long Hair",9.8666
"Male","Domestic Medium Hair",8.9906
"Female","Domestic Medium Hair",10.4668
"Female","Domestic Long Hair",9.7679
"Male","Domestic Medium Hair",11.3147
"Male","Domestic Short Hair",9.2789
"Female","Domestic Long Hair",9.5626
"Female","Domestic Short Hair",9.2358
"Female","Domestic Medium Hair",8.7465
"Male","Domestic Medium Hair",11.5119
"Male","Domestic Medium Hair",9.6355
"Female","Domestic Medium Hair",10.0786
"Female","Domestic Medium Hair",9.9194
"Male","Domestic Medium Hair",10.0291
"Male","Domestic Medium Hair",9.1565
"Male","Domestic Short Hair",7.1167
"Male","Domestic Long Hair",10.2255
"Male","Domestic Short Hair",8.988
"Female","Domestic Medium Hair",9.0955
"Female","Domestic Short Hair",7.9269
"Female","Domestic Long Hair",11.231
"Male","Domestic Short Hair",8.8356
"Female","Domestic Medium Hair",8.7321
"Female","Domestic Short Hair",8.6495
"Male","Domestic Medium Hair",10.2291
"Female","Domestic Long Hair",11.6164
"Male","Domestic Medium Hair",9.6884
"Male","Domestic Long Hair",10.2148
"Female","Domestic Short Hair",10.0278
"Male","Domestic Medium Hair",9.9272
"Female","Domestic Short Hair",9.6709
"Female","Domestic Short Hair",6.7938
"Male","Domestic Long Hair",10.9631
"Male","Domestic Short Hair",9.8461
"Female","Domestic Long Hair",10.0518
"Female","Domestic Medium Hair",7.9554
"Female","Domestic Long Hair",9.8234
"Male","Domestic Medium Hair",9.5678
"Male","Domestic Short Hair",9.3433
"Male","Domestic Medium Hair",10.9
"Male","Domestic Medium Hair",10.6991
"Female","Domestic Short Hair",9.133
"Female","Domestic Short Hair",9.7876
"Female","Domestic Long Hair",10.9011
"Female","Domestic Short Hair",9.1071
"Male","Domestic Short Hair",10.1876
"Male","Domestic Long Hair",10.7632
"Female","Domestic Short Hair",7.9172
"Male","Domestic Long Hair",11.4191
"Female","Domestic Short Hair",8.7828
"Female","Domestic Medium Hair",8.7738
"Male","Domestic Short Hair",8.1079
"Male","Domestic Medium Hair",9.6662
"Female","Domestic Medium Hair",8.6789
"Female","Domestic Medium Hair",8.3023
"Female","Domestic Short Hair",10.3346
"Female","Domestic Long Hair",9.3542
"Female","Domestic Medium Hair",10.2239
"Male","Domestic Medium Hair",10.318
"Male","Domestic Long Hair",11.0589
"Female","Domestic Medium Hair",9.7481
"Female","Domestic Medium Hair",9.1729
"Male","Domestic Long Hair",10.2703
"Male","Domestic Medium Hair",10.067
"Female","Domestic Medium Hair",10.6642
"Female","Domestic Long Hair",10.704
"Male","Domestic Long Hair",10.609
"Female","Domestic Long Hair",10.4679
"Female","Domestic Short Hair",10.7282
"Male","Domestic Long Hair",13.1814
"Male","Domestic Short Hair",9.7321
"Male","Domestic Long Hair",10.3897
"Female","Domestic Short Hair",8.5667
"Female","Domestic Short Hair",6.37
"Female","Domestic Long Hair",10.1361
"Male","Domestic Long Hair",11.0853
"Female","Domestic Short Hair",10.1263
"Female","Domestic Medium Hair",10.4846
"Female","Domestic Short Hair",9.4445
"Female","Domestic Long Hair",9.6082
"Male","Domestic Short Hair",8.9498
"Female","Domestic Short Hair",7.578
"Female","Domestic Long Hair",9.3361
"Male","Domestic Medium Hair",10.2882
"Female","Domestic Medium Hair",10.8305
"Female","Domestic Long Hair",9.4692
"Male","Domestic Long Hair",11.0084
"Male","Domestic Short Hair",9.2896
"Male","Domestic Medium Hair",8.9861
"Male","Domestic Long Hair",12.2046
"Male","Domestic Short Hair",8.9419
"Male","Domestic Medium Hair",9.0987
"Male","Domestic Long Hair",12.2274
"Female","Domestic Medium Hair",8.7379
"Male","Domestic Short Hair",9.1773
"Female","Domestic Medium Hair",11.2233
"Male","Domestic Long Hair",10.1057
"Male","Domestic Medium Hair",9.7973
"Male","Domestic Medium Hair",11.0512
"Female","Domestic Medium Hair",10.3366
"Male","Domestic Short Hair",8.8376
"Female","Domestic Short Hair",8.3995
"Female","Domestic Long Hair",9.2189
"Female","Domestic Medium Hair",9.1521
"Female","Domestic Short Hair",9.3951
"Female","Domestic Long Hair",9.3369
"Female","Domestic Medium Hair",9.6271
"Male","Domestic Short Hair",9.4095
"Male","Domestic Medium Hair",12.2153
"Male","Domestic Short Hair",8.4084
"Male","Domestic Long Hair",11.5405
"Female","Domestic Short Hair",9.9661
"Male","Domestic Medium Hair",9.6214
"Female","Domestic Short Hair",6.6284
"Male","Domestic Short Hair",7.8102
"Female","Domestic Short Hair",9.015
"Male","Domestic Long Hair",9.3342
"Male","Domestic Short Hair",9.8609
"Female","Domestic Long Hair",9.6255
"Female","Domestic Short Hair",8.2503
"Female","Domestic Short Hair",8.6508
"Male","Domestic Long Hair",9.7876
"Male","Domestic Long Hair",10.0984
"Female","Domestic Short Hair",8.4099
"Male","Domestic Short Hair",9.0249
"Male","Domestic Short Hair",9.2171
"Male","Domestic Short Hair",8.7262
"Female","Domestic Medium Hair",10.0135
"Female","Domestic Short Hair",8.2512
"Male","Domestic Long Hair",10.7119
"Male","Domestic Short Hair",9.1214
"Female","Domestic Short Hair",8.4233
"Male","Domestic Long Hair",11.1101
"Male","Domestic Short Hair",9.6677
"Male","Domestic Long Hair",11.2433
"Female","Domestic Short Hair",7.4003
"Female","Domestic Long Hair",8.6582
"Male","Domestic Short Hair",9.1557
"Male","Domestic Medium Hair",12.3258
"Female","Domestic Short Hair",8.5054
"Female","Domestic Short Hair",10.5814
"Male","Domestic Medium Hair",9.2095
"Female","Domestic Short Hair",9.3913
"Female","Domestic Short Hair",7.826
"Female","Domestic Long Hair",10.1808
"Male","Domestic Long Hair",11.5111
"Female","Domestic Short Hair",7.4294
"Male","Domestic Short Hair",8.5697
"Female","Domestic Medium Hair",10.9251
"Female","Domestic Long Hair",10.2451
"Male","Domestic Short Hair",9.8931
"Male","Domestic Medium Hair",10.2027
"Male","Domestic Medium Hair",10.4475
"Male","Domestic Short Hair",8.6997
"Male","Domestic Medium Hair",9.453
"Female","Domestic Long Hair",9.3582
"Male","Domestic Medium Hair",10.7867
"Male","Domestic Long Hair",11.6134
"Female","Domestic Medium Hair",9.5584
"Female","Domestic Long Hair",10.5233
"Male","Domestic Long Hair",12.9794
"Female","Domestic Short Hair",8.5726
"Female","Domestic Medium Hair",10.2452
"Female","Domestic Short Hair",8.2624
"Female","Domestic Medium Hair",9.3031
"Male","Domestic Long Hair",11.2169
"Female","Domestic Medium Hair",10.7717
"Female","Domestic Medium Hair",9.7802
"Female","Domestic Medium Hair",10.4024
"Female","Domestic Long Hair",8.7177
"Male","Domestic Short Hair",9.7569
"Female","Domestic Medium Hair",10.3004
"Male","Domestic Short Hair",8.4664
"Male","Domestic Long Hair",12.0317
"Female","Domestic Short Hair",7.8702
"Male","Domestic Medium Hair",11.1586
"Male","Domestic Medium Hair",11.64
"Female","Domestic Short Hair",9.8955
"Female","Domestic Medium Hair",9.6865
"Female","Domestic Medium Hair",8.9594
"Female","Domestic Short Hair",8.0644
"Female","Domestic Long Hair",9.0753
"Male","Domestic Short Hair",8.939
"Female","Domestic Medium Hair",8.6537
"Male","Domestic Long Hair",11.1056
"Male","Domestic Medium Hair",8.9667
"Female","Domestic Long Hair",7.6678
"Male","Domestic Short Hair",9.0732
"Female","Domestic Short Hair",8.5424
"Female","Domestic Short Hair",7.1341
"Male","Domestic Long Hair",10.6393
"Female","Domestic Long Hair",10.3567
"Female","Domestic Long Hair",8.6201
"Female","Domestic Medium Hair",10.5284
"Female","Domestic Short Hair",8.2558
"Male","Domestic Long Hair",8.7105
"Male","Domestic Short Hair",10.8268
"Female","Domestic Long Hair",9.3501
"Female","Domestic Medium Hair",10.0061
"Male","Domestic Medium Hair",9.8317
"Female","Domestic Short Hair",8.333
"Female","Domestic Long Hair",7.8274
"Female","Domestic Medium Hair",11.4821
"Female","Domestic Short Hair",9.9365
"Male","Domestic Long Hair",11.5303
"Female","Domestic Long Hair",10.7692
"Male","Domestic Long Hair",13.0706
"Male","Domestic Short Hair",8.9015
"Male","Domestic Short Hair",8.3632
"Male","Domestic Medium Hair",11.4625
"Female","Domestic Short Hair",8.748
"Female","Domestic Long Hair",10.2466
"Male","Domestic Short Hair",8.4495
"Female","Domestic Medium Hair",9.7683
"Male","Domestic Medium Hair",10.7733
"Male","Domestic Short Hair",9.7773
"Male","Domestic Short Hair",9.3428
"Male","Domestic Long Hair",10.2958
"Female","Domestic Short Hair",7.102
"Male","Domestic Short Hair",8.5216
"Female","Domestic Short Hair",9.0997
"Female","Domestic Short Hair",9.501
"Male","Domestic Medium Hair",10.1366
"Female","Domestic Long Hair",10.2559
"Male","Domestic Short Hair",8.8202
"Female","Domestic Medium Hair",11.2097
"Male","Domestic Short Hair",8.4168
"Male","Domestic Medium Hair",9.8575
"Female","Domestic Long Hair",11.7283
"Male","Domestic Long Hair",11.2334
"Male","Domestic Medium Hair",10.1408
"Female","Domestic Medium Hair",10.0497
"Male","Domestic Short Hair",9.8261
"Male","Domestic Medium Hair",10.7781
"Female","Domestic Long Hair",8.5903
"Female","Domestic Medium Hair",9.9201
"Male","Domestic Short Hair",9.1123
"Male","Domestic Short Hair",8.0177
"Male","Domestic Long Hair",11.2401
"Female","Domestic Short Hair",11.1454
"Male","Domestic Short Hair",9.1868
"Female","Domestic Short Hair",7.3065
"Male","Domestic Short Hair",10.0176
"Male","Domestic Long Hair",10.5444
"Male","Domestic Long Hair",10.8397
"Male","Domestic Medium Hair",9.8176
"Male","Domestic Short Hair",8.7996
"Female","Domestic Medium Hair",10.2781
"Female","Domestic Short Hair",9.3365
"Male","Domestic Short Hair",9.6361
"Female","Domestic Medium Hair",10.6357
"Male","Domestic Medium Hair",10.6337
"Male","Domestic Short Hair",8.6398
"Female","Domestic Medium Hair",9.5869
"Female","Domestic Long Hair",10.7718
"Female","Domestic Long Hair",9.2669
"Female","Domestic Short Hair",7.3778
"Male","Domestic Long Hair",10.5603
"Male","Domestic Medium Hair",11.3918
"Female","Domestic Medium Hair",8.8172
"Male","Domestic Short Hair",8.8171
"Female","Domestic Medium Hair",10.6612
"Female","Domestic Short Hair",9.3226
"Male","Domestic Short Hair",8.0978
"Female","Domestic Short Hair",9.309
"Male","Domestic Short Hair",9.4595
"Male","Domestic Long Hair",11.4807
"Male","Domestic Medium Hair",10.5971
"Male","Domestic Short Hair",9.9434
"Male","Domestic Short Hair",9.5642
"Male","Domestic Short Hair",11.4612
"Male","Domestic Long Hair",11.3038
"Male","Domestic Medium Hair",12.0506
"Female","Domestic Medium Hair",10.4308
"Female","Domestic Medium Hair",8.1901
"Male","Domestic Long Hair",10.627
"Female","Domestic Long Hair",10.4815
"Male","Domestic Long Hair",10.0181
"Female","Domestic Medium Hair",10.8755
"Female","Domestic Short Hair",8.2246
"Female","Domestic Short Hair",8.5126
"Male","Domestic Medium Hair",9.6606
"Female","Domestic Medium Hair",9.2768
"Male","Domestic Long Hair",10.954
"Male","Domestic Short Hair",7.7624
"Male","Domestic Medium Hair",10.4006
"Female","Domestic Long Hair",10.012
"Male","Domestic Medium Hair",9.8428
"Female","Domestic Short Hair",8.9676
"Male","Domestic Long Hair",11.4317
"Male","Domestic Short Hair",8.5266
"Female","Domestic Short Hair",8.3014
"Female","Domestic Medium Hair",8.5415
"Female","Domestic Medium Hair",10.5627
"Female","Domestic Medium Hair",9.3289
"Female","Domestic Medium Hair",9.7728
"Female","Domestic Long Hair",10.9761
"Female","Domestic Medium Hair",10.0752
"Female","Domestic Short Hair",9.8096
"Female","Domestic Medium Hair",10.057
"Female","Domestic Short Hair",9.1908
"Female","Domestic Medium Hair",8.316
"Female","Domestic Long Hair",9.698
"Female","Domestic Medium Hair",9.6956
"Male","Domestic Medium Hair",10.0753
"Male","Domestic Long Hair",11.9707
"Male","Domestic Long Hair",12.0201
"Male","Domestic Long Hair",11.4807
"Male","Domestic Medium Hair",8.905
"Male","Domestic Medium Hair",10.0025
"Female","Domestic Long Hair",9.611
"Female","Domestic Short Hair",8.036
"Female","Domestic Medium Hair",9.9042
"Male","Domestic Short Hair",11.7075
"Male","Domestic Short Hair",9.1372
"Female","Domestic Long Hair",11.1288
"Female","Domestic Long Hair",10.4695
"Female","Domestic Short Hair",8.8122
"Male","Domestic Medium Hair",10.7996
"Male","Domestic Short Hair",9.7693
"Male","Domestic Short Hair",8.6729
"Female","Domestic Medium Hair",10.3373
"Female","Domestic Medium Hair",9.3936
"Female","Domestic Long Hair",10.8206
"Female","Domestic Medium Hair",10.2118
"Female","Domestic Short Hair",10.7287
"Male","Domestic Short Hair",9.1641
"Female","Domestic Long Hair",8.3779
"Male","Domestic Short Hair",9.59
"Male","Domestic Long Hair",10.7717
"Male","Domestic Short Hair",10.1665
"Male","Domestic Medium Hair",9.0402
"Female","Domestic Long Hair",10.2344
"Female","Domestic Long Hair",9.9264
"Female","Domestic Medium Hair",7.1243
"Female","Domestic Medium Hair",9.5129
"Male","Domestic Long Hair",12.4495
"Female","Domestic Short Hair",7.1756
"Female","Domestic Medium Hair",8.3894
"Male","Domestic Medium Hair",9.3324
"Male","Domestic Short Hair",10.6852
"Male","Domestic Medium Hair",10.6006
"Female","Domestic Long Hair",11.5858
"Female","Domestic Short Hair",9.842
"Male","Domestic Long Hair",11.2905
"Male","Domestic Short Hair",8.9245
"Male","Domestic Medium Hair",10.265
"Male","Domestic Medium Hair",9.9758
"Female","Domestic Short Hair",6.2866
"Female","Domestic Short Hair",9.2998
"Male","Domestic Short Hair",8.465
"Male","Domestic Medium Hair",10.2039
"Female","Domestic Medium Hair",9.3175
"Male","Domestic Short Hair",9.618
"Female","Domestic Long Hair",9.359
"Female","Domestic Short Hair",7.4304
"Male","Domestic Long Hair",11.5844
"Female","Domestic Long Hair",8.8962
"Male","Domestic Long Hair",11.9876
"Male","Domestic Long Hair",12.1041
"Female","Domestic Medium Hair",8.4878
"Female","Domestic Medium Hair",10.5849
"Female","Domestic Short Hair",7.9141
"Male","Domestic Long Hair",11.7099
"Male","Domestic Long Hair",11.9807
"Male","Domestic Long Hair",11.6999
"Female","Domestic Medium Hair",9.0333
"Female","Domestic Medium Hair",8.7198
"Male","Domestic Long Hair",11.3461
"Male","Domestic Short Hair",11.682
"Female","Domestic Medium Hair",7.5757
"Male","Domestic Long Hair",12.5974
"Male","Domestic Medium Hair",7.9015
"Female","Domestic Long Hair",10.0638
"Female","Domestic Short Hair",8.5844
"Male","Domestic Medium Hair",9.3808
"Female","Domestic Short Hair",9.3237
"Male","Domestic Short Hair",10.1965
"Male","Domestic Long Hair",11.7666
"Female","Domestic Medium Hair",11.0425
"Female","Domestic Medium Hair",7.2175
"Female","Domestic Medium Hair",9.1338
"Male","Domestic Short Hair",7.9594
"Female","Domestic Long Hair",9.0232
"Male","Domestic Short Hair",11.5677
"Female","Domestic Short Hair",9.0365
"Male","Domestic Short Hair",9.615
"Female","Domestic Short Hair",10.659
"Female","Domestic Medium Hair",7.6574
"Female","Domestic Long Hair",9.8926
"Male","Domestic Short Hair",8.6384
"Female","Domestic Short Hair",8.658
"Female","Domestic Short Hair",9.4866
"Female","Domestic Medium Hair",9.7893
"Male","Domestic Medium Hair",9.4253
"Female","Domestic Long Hair",11.5128
"Male","Domestic Long Hair",12.2685
"Male","Domestic Long Hair",10.9539
"Male","Domestic Medium Hair",9.7303
"Male","Domestic Long Hair",12.9581
"Male","Domestic Medium Hair",9.5545
"Male","Domestic Long Hair",10.4392
"Female","Domestic Medium Hair",9.3485
"Female","Domestic Medium Hair",8.8168
"Female","Domestic Long Hair",11.6704
"Male","Domestic Long Hair",10.6357
"Female","Domestic Short Hair",9.28
"Female","Domestic Medium Hair",8.6341
"Female","Domestic Short Hair",7.877
"Female","Domestic Short Hair",8.5289
"Female","Domestic Long Hair",10.7034
"Female","Domestic Long Hair",10.7046
"Female","Domestic Medium Hair",10.9375
"Male","Domestic Long Hair",12.0028
"Female","Domestic Short Hair",8.1133
"Female","Domestic Long Hair",9.7309
"Female","Domestic Medium Hair",11.821
"Male","Domestic Short Hair",10.2842
"Male","Domestic Long Hair",10.7849
"Female","Domestic Short Hair",6.9101
"Male","Domestic Long Hair",9.7882
"Female","Domestic Short Hair",8.2409
"Male","Domestic Short Hair",7.8163
"Female","Domestic Medium Hair",8.4007
"Female","Domestic Long Hair",11.7686
"Female","Domestic Short Hair",8.0203
"Female","Domestic Short Hair",8.5439
"Male","Domestic Medium Hair",9.3123
"Male","Domestic Medium Hair",11.6024
"Male","Domestic Short Hair",7.1688
"Female","Domestic Long Hair",11.502
"Female","Domestic Short Hair",7.383
"Female","Domestic Long Hair",9.4642
"Male","Domestic Short Hair",8.4902
"Female","Domestic Short Hair",7.2426
"Male","Domestic Short Hair",10.2472
"Female","Domestic Medium Hair",8.3473
"Male","Domestic Long Hair",11.1955
"Female","Domestic Long Hair",10.8395
"Female","Domestic Short Hair",10.2655
"Male","Domestic Long Hair",8.6759
"Male","Domestic Medium Hair",9.5069
"Female","Domestic Long Hair",10.7691
"Male","Domestic Short Hair",9.8969
"Male","Domestic Short Hair",7.8369
"Male","Domestic Medium Hair",10.657
"Male","Domestic Long Hair",11.3386
"Male","Domestic Medium Hair",12.613
"Female","Domestic Short Hair",8.9871
"Male","Domestic Long Hair",12.1362
"Female","Domestic Long Hair",9.3841
"Male","Domestic Long Hair",10.8242
"Male","Domestic Medium Hair",11.9866
"Female","Domestic Short Hair",8.763
"Male","Domestic Long Hair",10.4873
"Male","Domestic Medium Hair",10.0918
"Male","Domestic Medium Hair",9.9972
"Female","Domestic Medium Hair",7.8735
"Female","Domestic Medium Hair",9.2936
"Female","Domestic Medium Hair",10.172
"Male","Domestic Medium Hair",12.4427
"Male","Domestic Long Hair",11.3342
"Female","Domestic Long Hair",11.2872
"Male","Domestic Long Hair",10.3743
"Female","Domestic Short Hair",9.6188
"Female","Domestic Long Hair",10.4716
"Female","Domestic Long Hair",8.9683
"Female","Domestic Medium Hair",9.7436
"Female","Domestic Medium Hair",10.4869
"Male","Domestic Long Hair",11.3793
"Male","Domestic Long Hair",11.7417
"Female","Domestic Long Hair",8.3658
"Female","Domestic Short Hair",7.6569
"Female","Domestic Medium Hair",9.8502
"Female","Domestic Medium Hair",8.9698
"Male","Domestic Medium Hair",10.377
"Male","Domestic Short Hair",7.897
"Male","Domestic Long Hair",12.9433
"Female","Domestic Medium Hair",7.401
"Female","Domestic Short Hair",8.3111
"Female","Domestic Long Hair",10.2481
"Male","Domestic Long Hair",10.4396
"Female","Domestic Medium Hair",9.9351
"Female","Domestic Short Hair",8.4905
"Female","Domestic Long Hair",10.9929
"Male","Domestic Short Hair",7.283
"Male","Domestic Long Hair",10.8548
"Male","Domestic Long Hair",11.6275
"Female","Domestic Medium Hair",10.5635
"Female","Domestic Medium Hair",10.9374
"Male","Domestic Long Hair",10.5267
"Female","Domestic Short Hair",7.7565
"Female","Domestic Medium Hair",9.9942
"Female","Domestic Medium Hair",10.8394
"Male","Domestic Short Hair",9.498
"Female","Domestic Medium Hair",10.9996
"Female","Domestic Medium Hair",10.7669
"Male","Domestic Long Hair",12.6773
"Female","Domestic Medium Hair",9.3379
"Male","Domestic Long Hair",12.0045
"Male","Domestic Short Hair",8.9782
"Male","Domestic Short Hair",9.9388
"Female","Domestic Medium Hair",9.7534
"Male","Domestic Short Hair",8.3783
"Female","Domestic Long Hair",9.6652
"Male","Domestic Short Hair",8.5098
"Female","Domestic Long Hair",9.9448
"Female","Domestic Long Hair",9.7084
"Male","Domestic Short Hair",11.1091
"Male","Domestic Long Hair",11.4709
"Female","Domestic Medium Hair",10.0066
"Female","Domestic Medium Hair",10.1812
"Male","Domestic Short Hair",7.8867
"Female","Domestic Long Hair",9.6801
"Male","Domestic Medium Hair",9.2645
"Male","Domestic Short Hair",10.3971
"Male","Domestic Medium Hair",9.6056
"Female","Domestic Long Hair",9.49
"Female","Domestic Long Hair",8.5015
"Male","Domestic Medium Hair",9.7356
"Female","Domestic Long Hair",11.0121
"Female","Domestic Short Hair",8.3617
"Female","Domestic Short Hair",9.6277
"Female","Domestic Long Hair",8.8422
"Female","Domestic Medium Hair",9.0214
"Male","Domestic Long Hair",11.583
"Female","Domestic Short Hair",7.3873
"Female","Domestic Long Hair",9.9308
"Female","Domestic Short Hair",7.5558
"Female","Domestic Short Hair",7.1901
"Female","Domestic Medium Hair",8.7217
"Female","Domestic Short Hair",8.9052
"Male","Domestic Long Hair",11.5999
"Female","Domestic Short Hair",10.4594
"Female","Domestic Short Hair",7.7121
"Female","Domestic Short Hair",9.7598
"Female","Domestic Medium Hair",8.823
"Male","Domestic Short Hair",8.3836
"Female","Domestic Medium Hair",9.714
"Male","Domestic Long Hair",12.3383
"Female","Domestic Short Hair",8.7425
"Female","Domestic Short Hair",8.1199
"Female","Domestic Medium Hair",9.7742
"Male","Domestic Long Hair",12.0966
"Female","Domestic Medium Hair",9.7929
"Female","Domestic Short Hair",5.7676
"Male","Domestic Short Hair",7.9758
"Female","Domestic Medium Hair",10.3457
"Male","Domestic Short Hair",8.4226
"Female","Domestic Short Hair",7.1058
"Female","Domestic Short Hair",8.3817
"Male","Domestic Short Hair",7.7753
"Male","Domestic Medium Hair",10.1271
"Female","Domestic Long Hair",10.1421
"Male","Domestic Long Hair",9.8121
"Male","Domestic Long Hair",10.7813
"Male","Domestic Long Hair",11.592
"Female","Domestic Short Hair",8.0647
"Male","Domestic Short Hair",8.1712
"Female","Domestic Medium Hair",10.9022
"Male","Domestic Short Hair",9.5128
"Female","Domestic Medium Hair",9.4083
"Female","Domestic Long Hair",9.5405
"Male","Domestic Short Hair",8.3363
"Female","Domestic Medium Hair",8.2593
"Female","Domestic Medium Hair",11.5198
"Female","Domestic Long Hair",9.2164
"Female","Domestic Medium Hair",10.8842
"Female","Domestic Medium Hair",9.8003
"Male","Domestic Short Hair",8.1143
"Female","Domestic Medium Hair",8.943
"Female","Domestic Long Hair",9.138
"Female","Domestic Medium Hair",9.5278
"Female","Domestic Short Hair",8.5822
"Female","Domestic Medium Hair",10.2489
"Female","Domestic Short Hair",8.1924
"Male","Domestic Short Hair",9.7789
"Female","Domestic Long Hair",9.2403
"Female","Domestic Medium Hair",9.4548
"Male","Domestic Medium Hair",10.0948
"Male","Domestic Short Hair",8.9902
"Male","Domestic Long Hair",10.2688
"Female","Domestic Long Hair",10.0783
"Female","Domestic Short Hair",8.7765
"Male","Domestic Short Hair",9.6516
"Male","Domestic Medium Hair",9.9749
"Female","Domestic Short Hair",9.1967
"Female","Domestic Medium Hair",9.5817
"Male","Domestic Short Hair",6.6866
"Female","Domestic Short Hair",8.6999
"Female","Domestic Short Hair",7.4852
"Female","Domestic Long Hair",10.6648
"Female","Domestic Long Hair",11.2565
"Female","Domestic Short Hair",8.3024
"Male","Domestic Long Hair",11.9506
"Female","Domestic Short Hair",10.0118
"Male","Domestic Medium Hair",10.2372
"Male","Domestic Medium Hair",9.9052
"Male","Domestic Long Hair",8.6025
"Female","Domestic Short Hair",9.3333
"Female","Domestic Medium Hair",9.143
"Female","Domestic Long Hair",7.9171
"Female","Domestic Long Hair",11.6308
"Female","Domestic Medium Hair",10.8228
"Male","Domestic Short Hair",9.745
"Male","Domestic Long Hair",9.3868
"Female","Domestic Short Hair",8.5589
"Male","Domestic Long Hair",10.1572
"Female","Domestic Short Hair",10.0134
"Male","Domestic Short Hair",8.258
"Male","Domestic Medium Hair",9.0874
"Female","Domestic Short Hair",7.2319
"Female","Domestic Short Hair",8.7258
"Male","Domestic Short Hair",9.4836
"Female","Domestic Short Hair",7.1395
"Male","Domestic Short Hair",7.5167
"Female","Domestic Medium Hair",8.9391
"Female","Domestic Short Hair",10.208
"Female","Domestic Medium Hair",11.197
"Male","Domestic Long Hair",11.7155
"Male","Domestic Long Hair",12.7418
"Female","Domestic Short Hair",7.806
"Female","Domestic Short Hair",9.8308
"Female","Domestic Long Hair",9.2174
"Male","Domestic Short Hair",10.1665
"Female","Domestic Long Hair",10.2593
"Female","Domestic Long Hair",10.2811
"Female","Domestic Medium Hair",10.3798
"Male","Domestic Short Hair",9.0773
"Male","Domestic Short Hair",6.4086
"Female","Domestic Short Hair",8.3816
"Male","Domestic Long Hair",10.7162
"Male","Domestic Medium Hair",8.6966
"Male","Domestic Long Hair",10.9344
"Male","Domestic Long Hair",12.026
"Male","Domestic Short Hair",9.3381
"Female","Domestic Long Hair",10.3366
"Female","Domestic Short Hair",8.735
"Female","Domestic Medium Hair",9.3496
"Male","Domestic Long Hair",10.2
"Male","Domestic Short Hair",11.2686
"Male","Domestic Long Hair",12.9706
"Male","Domestic Short Hair",9.7713
"Female","Domestic Medium Hair",11.8217
"Male","Domestic Short Hair",8.9645
"Male","Domestic Short Hair",8.0007
"Male","Domestic Long Hair",9.6851
"Male","Domestic Long Hair",12.2979
"Female","Domestic Short Hair",8.3163
"Female","Domestic Medium Hair",10.8076
"Female","Domestic Short Hair",8.7769
"Male","Domestic Medium Hair",9.1967
"Female","Domestic Medium Hair",10.8566
"Female","Domestic Medium Hair",10.467
"Female","Domestic Medium Hair",11.437
"Male","Domestic Medium Hair",10.1575
"Female","Domestic Medium Hair",9.3202
"Male","Domestic Medium Hair",9.7996
"Female","Domestic Short Hair",7.7275
"Female","Domestic Medium Hair",8.9733
"Male","Domestic Medium Hair",11.6432
"Male","Domestic Long Hair",11.3719
"Female","Domestic Short Hair",8.1973
"Female","Domestic Long Hair",9.769
"Female","Domestic Short Hair",7.9489
"Male","Domestic Medium Hair",8.8311
"Male","Domestic Short Hair",7.7924
"Male","Domestic Short Hair",8.1269
"Female","Domestic Short Hair",9.2991
"Female","Domestic Long Hair",9.4479
"Male","Domestic Short Hair",6.5723
"Male","Domestic Medium Hair",7.4719
"Male","Domestic Long Hair",11.3264
"Female","Domestic Medium Hair",9.6352
"Male","Domestic Long Hair",10.5584
"Male","Domestic Long Hair",10.0892
"Female","Domestic Medium Hair",10.1422
"Female","Domestic Short Hair",8.0171
"Female","Domestic Medium Hair",10.7267
"Male","Domestic Medium Hair",10.9057
"Female","Domestic Medium Hair",9.5732
"Female","Domestic Long Hair",10.3631
"Male","Domestic Long Hair",8.8207
"Female","Domestic Medium Hair",8.5598
"Female","Domestic Medium Hair",9.2294
"Male","Domestic Short Hair",9.6017
"Male","Domestic Short Hair",9.9583
"Male","Domestic Long Hair",11.9716
"Male","Domestic Short Hair",7.3618
"Male","Domestic Medium Hair",9.3058
"Male","Domestic Long Hair",11.7849
"Male","Domestic Long Hair",10.2404
"Female","Domestic Medium Hair",8.137
"Male","Domestic Short Hair",9.5099
"Male","Domestic Short Hair",8.3201
"Male","Domestic Short Hair",11.0143
"Female","Domestic Short Hair",6.417
"Male","Domestic Short Hair",9.7425
"Female","Domestic Long Hair",11.1362
"Male","Domestic Medium Hair",10.1054
"Female","Domestic Medium Hair",9.8775
"Male","Domestic Short Hair",10.3595
"Male","Domestic Short Hair",7.2123
"Female","Domestic Medium Hair",9.7575
"Male","Domestic Short Hair",9.3016
"Female","Domestic Short Hair",8.3741
"Female","Domestic Medium Hair",10.3026
"Female","Domestic Long Hair",10.6188
"Male","Domestic Medium Hair",8.4838
"Female","Domestic Medium Hair",10.1648
"Male","Domestic Medium Hair",10.3253
"Female","Domestic Short Hair",6.8504
"Female","Domestic Medium Hair",9.0472
"Male","Domestic Medium Hair",9.0567
"Male","Domestic Long Hair",10.6375
"Male","Domestic Short Hair",9.2213
"Male","Domestic Medium Hair",7.2464
"Female","Domestic Medium Hair",10.0388
"Male","Domestic Long Hair",10.6969
"Male","Domestic Short Hair",9.4364
"Female","Domestic Medium Hair",8.7582
"Male","Domestic Long Hair",10.0349
"Female","Domestic Medium Hair",9.5262
"Female","Domestic Medium Hair",9.8295
"Male","Domestic Medium Hair",11.0604
"Female","Domestic Medium Hair",10.6474
"Male","Domestic Long Hair",12.5
"Male","Domestic Medium Hair",10.8359
"Female","Domestic Medium Hair",8.5947
"Male","Domestic Short Hair",7.2247
"Female","Domestic Short Hair",8.4941
"Male","Domestic Medium Hair",12.0632
"Female","Domestic Long Hair",10.8964
"Female","Domestic Short Hair",7.9627
"Male","Domestic Short Hair",8.8365
"Male","Domestic Short Hair",8.212
"Female","Domestic Long Hair",10.7388
"Male","Domestic Medium Hair",9.9211
"Male","Domestic Long Hair",10.2015
"Female","Domestic Short Hair",8.9533
"Male","Domestic Short Hair",10.5625
"Male","Domestic Long Hair",9.795
"Male","Domestic Medium Hair",9.6491
"Female","Domestic Medium Hair",10.1294
"Female","Domestic Medium Hair",10.7989
"Female","Domestic Medium Hair",9.3867
"Male","Domestic Short Hair",8.6343
"Male","Domestic Long Hair",12.706
"Female","Domestic Long Hair",12.5219
"Female","Domestic Short Hair",9.4972
"Female","Domestic Long Hair",10.0491
"Female","Domestic Long Hair",10.7088
"Male","Domestic Long Hair",12.8934
"Male","Domestic Medium Hair",11.1781
"Male","Domestic Medium Hair",9.7194
"Female","Domestic Medium Hair",9.1911
"Male","Domestic Short Hair",8.1197
"Female","Domestic Medium Hair",9.8856
"Female","Domestic Short Hair",8.7651
"Female","Domestic Short Hair",9.2666
"Male","Domestic Long Hair",12.2549
"Male","Domestic Long Hair",11.7077
"Male","Domestic Long Hair",12.5696
"Female","Domestic Long Hair",10.4947
"Male","Domestic Long Hair",10.9483
"Female","Domestic Short Hair",9.316
"Male","Domestic Short Hair",7.5125
"Male","Domestic Short Hair",9.8096
"Female","Domestic Short Hair",7.8447
"Female","Domestic Short Hair",8.1113
"Female","Domestic Long Hair",9.9424
"Female","Domestic Short Hair",7.974
"Male","Domestic Medium Hair",11.4222
"Male","Domestic Long Hair",9.7213
"Female","Domestic Short Hair",9.4192
"Female","Domestic Medium Hair",10.088
"Male","Domestic Medium Hair",10.2544
"Female","Domestic Medium Hair",10.0559
"Female","Domestic Short Hair",10.4548
"Male","Domestic Medium Hair",10.5474
"Male","Domestic Long Hair",10.8215
"Male","Domestic Short Hair",9.064
"Female","Domestic Long Hair",12.1117
"Male","Domestic Short Hair",7.9932
"Female","Domestic Medium Hair",10.7243
"Female","Domestic Long Hair",9.8511
"Female","Domestic Medium Hair",11.1015
"Male","Domestic Short Hair",9.8383
"Female","Domestic Long Hair",8.8819
"Female","Domestic Long Hair",10.4083
"Female","Domestic Short Hair",8.9464
"Female","Domestic Medium Hair",8.2833
"Female","Domestic Long Hair",10.3906
"Male","Domestic Long Hair",12.48
"Male","Domestic Long Hair",11.8585
"Male","Domestic Long Hair",11.5596
"Male","Domestic Long Hair",12.1653
"Male","Domestic Medium Hair",10.5331
"Male","Domestic Medium Hair",10.0652
"Female","Domestic Medium Hair",9.2557
"Male","Domestic Long Hair",10.7274
"Female","Domestic Long Hair",10.7715
"Male","Domestic Long Hair",9.297
"Female","Domestic Short Hair",7.7479
"Male","Domestic Long Hair",11.7193
"Male","Domestic Long Hair",10.3007
"Female","Domestic Short Hair",7.7497
"Male","Domestic Short Hair",9.7261
"Male","Domestic Long Hair",11.8516
"Male","Domestic Short Hair",10.1773
"Female","Domestic Short Hair",7.6847
"Male","Domestic Short Hair",7.9048
"Female","Domestic Long Hair",9.9491
"Female","Domestic Short Hair",7.7726
"Male","Domestic Short Hair",9.1658
"Male","Domestic Long Hair",10.68
"Female","Domestic Medium Hair",8.0004
"Female","Domestic Long Hair",8.921
"Female","Domestic Short Hair",9.7829
"Male","Domestic Short Hair",9.8723
"Female","Domestic Long Hair",8.916
"Female","Domestic Short Hair",8.0001
"Male","Domestic Medium Hair",9.0007
"Female","Domestic Medium Hair",8.7225
"Female","Domestic Medium Hair",11.5073
"Male","Domestic Long Hair",11.9044
"Male","Domestic Short Hair",9.0397
"Female","Domestic Medium Hair",11.0114
"Female","Domestic Long Hair",9.4823
"Female","Domestic Long Hair",11.059
"Female","Domestic Long Hair",10.2256
"Male","Domestic Short Hair",7.6889
"Male","Domestic Long Hair",9.803
"Male","Domestic Short Hair",8.238
"Male","Domestic Long Hair",10.9936
"Female","Domestic Short Hair",9.7401
"Female","Domestic Medium Hair",9.6245
"Male","Domestic Short Hair",8.201
"Male","Domestic Short Hair",9.6135
"Male","Domestic Medium Hair",9.9007
"Male","Domestic Medium Hair",10.3931
"Male","Domestic Long Hair",12.2413
"Male","Domestic Short Hair",8.9022
"Male","Domestic Medium Hair",11.2928
"Female","Domestic Short Hair",7.8919
"Female","Domestic Medium Hair",10.0108
"Male","Domestic Long Hair",10.204
"Female","Domestic Long Hair",8.647
"Male","Domestic Medium Hair",11.1979
"Male","Domestic Short Hair",8.7756
"Male","Domestic Medium Hair",11.15
"Male","Domestic Medium Hair",6.8506
"Male","Domestic Medium Hair",10.2864
"Male","Domestic Short Hair",9.4955
"Female","Domestic Medium Hair",9.129
"Female","Domestic Short Hair",8.8542
"Female","Domestic Medium Hair",7.9854
"Female","Domestic Long Hair",10.5401
"Female","Domestic Medium Hair",7.6397
"Female","Domestic Medium Hair",11.4155
"Male","Domestic Short Hair",11.0355
"Female","Domestic Medium Hair",10.8354
"Male","Domestic Long Hair",11.6866
"Male","Domestic Medium Hair",9.5974
"Male","Domestic Long Hair",11.7512
"Male","Domestic Medium Hair",10.5841
"Female","Domestic Long Hair",11.3452
"Female","Domestic Short Hair",8.5626
"Female","Domestic Short Hair",7.7857
"Female","Domestic Medium Hair",9.2528
"Male","Domestic Long Hair",10.9776
"Female","Domestic Short Hair",8.5407
"Male","Domestic Short Hair",8.6585
"Male","Domestic Short Hair",9.3937
"Female","Domestic Medium Hair",7.4828
"Male","Domestic Long Hair",10.7129
"Female","Domestic Short Hair",8.4149
"Female","Domestic Short Hair",7.2367
"Female","Domestic Long Hair",9.6525
"Female","Domestic Medium Hair",9.3868
"Male","Domestic Long Hair",10.9157
"Male","Domestic Long Hair",12.5349
"Male","Domestic Long Hair",10.7793
"Female","Domestic Short Hair",9.2754
"Male","Domestic Long Hair",10.6482
"Female","Domestic Medium Hair",10.6263
"Male","Domestic Short Hair",9.4081
"Female","Domestic Short Hair",8.0684
"Female","Domestic Short Hair",7.865
"Male","Domestic Short Hair",9.5562
"Male","Domestic Long Hair",12.3367
"Male","Domestic Long Hair",11.7725
"Male","Domestic Short Hair",8.0362
"Female","Domestic Short Hair",9.4296
"Female","Domestic Long Hair",9.5194
"Male","Domestic Short Hair",10.9529
"Male","Domestic Medium Hair",9.817
"Male","Domestic Short Hair",8.3098
"Male","Domestic Short Hair",10.2213
"Female","Domestic Short Hair",9.0837
"Male","Domestic Short Hair",9.5601
"Male","Domestic Medium Hair",10.4355
"Female","Domestic Short Hair",7.3041
"Male","Domestic Short Hair",7.802
"Male","Domestic Short Hair",9.255
"Female","Domestic Short Hair",10.569
"Male","Domestic Medium Hair",10.4445
"Female","Domestic Medium Hair",8.9725
"Male","Domestic Medium Hair",10.1509
"Female","Domestic Long Hair",10.159
"Male","Domestic Long Hair",9.4651
"Male","Domestic Medium Hair",8.7015
"Female","Domestic Medium Hair",8.5904
"Female","Domestic Short Hair",9.2344
"Female","Domestic Short Hair",9.2535
"Male","Domestic Short Hair",9.7686
"Male","Domestic Medium Hair",10.0123
"Male","Domestic Long Hair",10.8369
"Female","Domestic Medium Hair",10.7076
"Male","Domestic Long Hair",10.3025
"Male","Domestic Long Hair",11.6572
"Male","Domestic Short Hair",8.7573
"Male","Domestic Short Hair",8.0015
"Male","Domestic Short Hair",10.9263
"Female","Domestic Medium Hair",10.874
"Female","Domestic Medium Hair",11.7675
"Female","Domestic Medium Hair",10.5313
"Female","Domestic Medium Hair",10.3246
"Female","Domestic Short Hair",8.4124
"Female","Domestic Long Hair",9.9309
"Female","Domestic Short Hair",8.7712
"Male","Domestic Medium Hair",11.6981
"Female","Domestic Short Hair",7.7413
"Female","Domestic Short Hair",4.9854
"Male","Domestic Medium Hair",10.3326
"Male","Domestic Short Hair",8.4936
"Male","Domestic Short Hair",6.342
"Male","Domestic Short Hair",7.6804
"Female","Domestic Long Hair",10.1865
"Male","Domestic Short Hair",8.2442
"Female","Domestic Short Hair",8.3992
"Female","Domestic Short Hair",7.927
"Female","Domestic Long Hair",8.177
"Female","Domestic Long Hair",10.0251
"Female","Domestic Short Hair",5.2884
"Male","Domestic Short Hair",10.3265
"Female","Domestic Long Hair",9.0307
"Female","Domestic Medium Hair",8.9729
"Male","Domestic Short Hair",9.4022
"Female","Domestic Short Hair",8.2576
"Female","Domestic Short Hair",7.5474
"Female","Domestic Short Hair",8.7474
"Female","Domestic Long Hair",10.2849
"Male","Domestic Medium Hair",11.4393
"Female","Domestic Short Hair",8.0989
"Male","Domestic Long Hair",12.007
"Female","Domestic Short Hair",6.7071
"Male","Domestic Medium Hair",8.8372
"Male","Domestic Medium Hair",10.3566
"Female","Domestic Short Hair",7.4773
"Female","Domestic Short Hair",7.936
"Male","Domestic Short Hair",8.0328
"Female","Domestic Short Hair",8.8351
"Male","Domestic Long Hair",10.8449
"Male","Domestic Medium Hair",10.4406
"Female","Domestic Short Hair",8.7914
"Male","Domestic Long Hair",11.4904
"Female","Domestic Short Hair",5.6915
"Female","Domestic Long Hair",9.3687
"Female","Domestic Long Hair",8.0511
"Female","Domestic Short Hair",9.2435
"Female","Domestic Medium Hair",9.6605
"Female","Domestic Long Hair",10.128
"Female","Domestic Medium Hair",8.1071
"Male","Domestic Long Hair",11.4618
"Female","Domestic Medium Hair",9.3784
"Female","Domestic Long Hair",9.2352
"Female","Domestic Short Hair",8.9292
"Male","Domestic Long Hair",11.5768
"Male","Domestic Short Hair",11.1381
"Male","Domestic Medium Hair",9.5592
"Male","Domestic Short Hair",10.2353
"Female","Domestic Medium Hair",9.6013
"Female","Domestic Medium Hair",9.3658
"Male","Domestic Long Hair",10.7954
"Female","Domestic Long Hair",8.1049
"Male","Domestic Short Hair",7.1686
"Male","Domestic Short Hair",8.8297
"Female","Domestic Medium Hair",9.7461
"Female","Domestic Long Hair",9.3541
"Female","Domestic Short Hair",8.5591
"Male","Domestic Short Hair",8.1006
"Female","Domestic Long Hair",9.9709
"Female","Domestic Long Hair",10.913
"Female","Domestic Short Hair",6.2576
"Female","Domestic Short Hair",7.5681
"Male","Domestic Short Hair",8.3502
"Female","Domestic Long Hair",10.9365
"Female","Domestic Short Hair",9.7078
"Female","Domestic Medium Hair",9.5584
"Female","Domestic Medium Hair",10.0939
"Male","Domestic Short Hair",9.1691
"Female","Domestic Long Hair",10.0748
"Male","Domestic Long Hair",10.3706
"Female","Domestic Short Hair",8.4082
"Female","Domestic Short Hair",8.6959
"Female","Domestic Long Hair",10.842
"Male","Domestic Medium Hair",10.1187
"Female","Domestic Long Hair",10.9717
"Female","Domestic Medium Hair",10.7058
"Male","Domestic Long Hair",11.6857
"Female","Domestic Long Hair",9.0182
"Female","Domestic Medium Hair",10.5845
"Male","Domestic Long Hair",11.0995
"Male","Domestic Short Hair",7.4608
"Female","Domestic Short Hair",9.8689
"Female","Domestic Long Hair",10.0124
"Female","Domestic Medium Hair",10.2212
"Male","Domestic Short Hair",10.2049
"Female","Domestic Long Hair",9.6005
"Male","Domestic Medium Hair",11.2619
"Female","Domestic Short Hair",9.0162
"Female","Domestic Short Hair",7.275
"Male","Domestic Medium Hair",10.1901
"Female","Domestic Medium Hair",11.0823
"Female","Domestic Medium Hair",9.303
"Female","Domestic Short Hair",9.7217
"Male","Domestic Medium Hair",11.4097
"Male","Domestic Short Hair",10.3806
"Female","Domestic Short Hair",11.2925
"Female","Domestic Medium Hair",9.6373
"Female","Domestic Long Hair",8.7024
"Female","Domestic Short Hair",7.9821
"Female","Domestic Medium Hair",10.4861
"Female","Domestic Short Hair",8.6306
"Female","Domestic Short Hair",7.3461
"Male","Domestic Short Hair",8.3112
"Male","Domestic Long Hair",10.0965
"Male","Domestic Short Hair",9.3807
"Female","Domestic Long Hair",9.4416
"Male","Domestic Medium Hair",11.4566
"Female","Domestic Short Hair",9.3234
"Male","Domestic Short Hair",9.7455
"Male","Domestic Medium Hair",11.1404
"Male","Domestic Short Hair",9.4122
"Male","Domestic Short Hair",8.8883
"Male","Domestic Long Hair",9.6648
"Male","Domestic Long Hair",12.3159
"Female","Domestic Long Hair",8.4468
"Female","Domestic Medium Hair",9.7077
"Male","Domestic Medium Hair",9.3608
"Male","Domestic Short Hair",11.3327
"Female","Domestic Long Hair",9.0672
"Female","Domestic Long Hair",11.4467
"Female","Domestic Long Hair",10.4057
"Female","Domestic Short Hair",7.1771
"Male","Domestic Medium Hair",10.3853
"Male","Domestic Long Hair",10.6955
"Female","Domestic Short Hair",6.5851
"Male","Domestic Long Hair",10.122
"Female","Domestic Long Hair",10.1047
"Female","Domestic Short Hair",8.229
"Female","Domestic Medium Hair",9.4324
"Male","Domestic Long Hair",12.0828
"Female","Domestic Long Hair",9.5889
"Male","Domestic Short Hair",8.5389
"Female","Domestic Short Hair",8.052
"Male","Domestic Short Hair",9.4929
"Female","Domestic Medium Hair",10.7447
"Female","Domestic Medium Hair",8.8464
"Female","Domestic Short Hair",7.5417
"Male","Domestic Long Hair",10.3446
"Female","Domestic Long Hair",10.1789
"Male","Domestic Short Hair",9.5842
"Female","Domestic Long Hair",10.755
"Male","Domestic Short Hair",10.1075
"Male","Domestic Medium Hair",10.8703
"Female","Domestic Medium Hair",10.4729
"Female","Domestic Short Hair",10.3276
"Female","Domestic Medium Hair",9.6482
"Female","Domestic Medium Hair",9.0805
"Female","Domestic Medium Hair",9.6857
"Female","Domestic Medium Hair",10.2818
"Female","Domestic Short Hair",9.8171
"Female","Domestic Short Hair",8.193
"Female","Domestic Medium Hair",8.7502
"Male","Domestic Long Hair",10.0602
"Male","Domestic Short Hair",8.0806
"Female","Domestic Short Hair",8.0196
"Female","Domestic Short Hair",8.5659
"Female","Domestic Short Hair",7.7834
"Female","Domestic Medium Hair",10.405
"Male","Domestic Medium Hair",11.3979
"Male","Domestic Short Hair",10.3485
"Female","Domestic Long Hair",11.1507
"Female","Domestic Medium Hair",10.3304
"Female","Domestic Short Hair",5.8426
"Female","Domestic Medium Hair",9.3019
"Female","Domestic Short Hair",8.7563
"Male","Domestic Long Hair",11.5687
"Female","Domestic Long Hair",11.0752
"Male","Domestic Long Hair",10.929
"Male","Domestic Short Hair",10.0539
"Female","Domestic Long Hair",11.5154
"Male","Domestic Long Hair",9.4058
"Female","Domestic Long Hair",10.5117
"Male","Domestic Short Hair",8.2993
"Male","Domestic Long Hair",10.8944
"Female","Domestic Short Hair",6.6561
"Male","Domestic Medium Hair",9.3519
"Female","Domestic Medium Hair",9.1483
"Male","Domestic Long Hair",9.7368
"Male","Domestic Medium Hair",11.049
"Male","Domestic Short Hair",10.1248
"Male","Domestic Long Hair",9.6096
"Female","Domestic Long Hair",9.1609
"Female","Domestic Short Hair",7.6743
"Female","Domestic Medium Hair",9.06
"Female","Domestic Short Hair",9.0281
"Male","Domestic Long Hair",10.6945
"Male","Domestic Long Hair",12.6176
"Female","Domestic Medium Hair",10.9292
"Male","Domestic Medium Hair",9.8238
"Male","Domestic Medium Hair",10.0155
"Male","Domestic Medium Hair",10.1651
"Female","Domestic Medium Hair",10.7189
"Male","Domestic Short Hair",9.7394
"Female","Domestic Medium Hair",10.4954
"Female","Domestic Medium Hair",9.9037
"Female","Domestic Short Hair",8.1138
"Female","Domestic Short Hair",8.1866
"Male","Domestic Medium Hair",10.8163
"Female","Domestic Short Hair",9.0776
"Male","Domestic Short Hair",9.0761
"Male","Domestic Medium Hair",10.5535
"Male","Domestic Long Hair",10.3158
"Female","Domestic Short Hair",8.5768
"Female","Domestic Short Hair",10.5217
"Female","Domestic Short Hair",7.4784
"Male","Domestic Short Hair",8.1216
"Female","Domestic Short Hair",9.4596
"Female","Domestic Medium Hair",11.5355
"Female","Domestic Long Hair",11.5148
"Male","Domestic Long Hair",10.4675
"Male","Domestic Medium Hair",10.9723
"Female","Domestic Medium Hair",7.9741
"Male","Domestic Short Hair",11.6599
"Female","Domestic Medium Hair",10.6079
"Female","Domestic Long Hair",9.8904
"Female","Domestic Short Hair",9.0326
"Female","Domestic Long Hair",8.9093
"Male","Domestic Long Hair",11.6812
"Male","Domestic Medium Hair",11.1276
"Male","Domestic Long Hair",10.1868
"Male","Domestic Long Hair",11.1298
"Male","Domestic Long Hair",10.4194
"Male","Domestic Medium Hair",10.9622
"Male","Domestic Short Hair",10.3004
"Female","Domestic Long Hair",9.9113
"Female","Domestic Long Hair",9.0347
"Male","Domestic Short Hair",9.0043
"Male","Domestic Long Hair",9.8979
"Female","Domestic Medium Hair",8.8097
"Female","Domestic Medium Hair",8.5985
"Male","Domestic Medium Hair",9.5024
"Female","Domestic Medium Hair",9.3538
"Male","Domestic Short Hair",9.3919
"Male","Domestic Long Hair",10.2314
"Female","Domestic Medium Hair",9.373
"Male","Domestic Long Hair",9.5504
"Female","Domestic Medium Hair",9.5186
"Female","Domestic Medium Hair",11.8471
"Male","Domestic Medium Hair",8.9451
"Male","Domestic Short Hair",8.0903
"Male","Domestic Medium Hair",11.0856
"Male","Domestic Short Hair",8.5839
"Male","Domestic Long Hair",11.8171
"Female","Domestic Medium Hair",9.617
"Male","Domestic Long Hair",11.6059
"Male","Domestic Long Hair",10.5928
"Male","Domestic Medium Hair",11.38
"Male","Domestic Short Hair",8.4279
"Female","Domestic Short Hair",7.3664
"Female","Domestic Short Hair",8.9956
"Male","Domestic Short Hair",9.586
"Male","Domestic Long Hair",12.7185
"Male","Domestic Short Hair",8.8919
"Female","Domestic Medium Hair",10.6971
"Male","Domestic Short Hair",9.9256
"Female","Domestic Short Hair",8.6435
"Male","Domestic Long Hair",9.9158
"Male","Domestic Short Hair",9.9795
"Female","Domestic Long Hair",10.3443
"Male","Domestic Medium Hair",11.8387
"Female","Domestic Short Hair",9.025
"Female","Domestic Short Hair",8.3697
"Female","Domestic Medium Hair",9.5295
"Female","Domestic Short Hair",9.8473
"Female","Domestic Medium Hair",8.9763
"Male","Domestic Long Hair",10.4725
"Male","Domestic Long Hair",10.6225
"Male","Domestic Long Hair",11.3021
"Female","Domestic Long Hair",9.4117
"Male","Domestic Long Hair",9.9091
"Male","Domestic Short Hair",9.2044
"Male","Domestic Long Hair",11.1066
"Female","Domestic Long Hair",7.9939
"Male","Domestic Short Hair",9.2814
"Male","Domestic Long Hair",11.8339
"Female","Domestic Medium Hair",10.1299
"Male","Domestic Long Hair",10.9287
"Male","Domestic Short Hair",10.4749
"Female","Domestic Long Hair",7.5161
"Male","Domestic Short Hair",9.7562
"Female","Domestic Short Hair",8.3741
"Male","Domestic Short Hair",8.1895
"Male","Domestic Short Hair",9.2562
"Female","Domestic Short Hair",7.1863
"Male","Domestic Long Hair",12.4989
"Male","Domestic Long Hair",11.859
"Male","Domestic Short Hair",8.9245
"Female","Domestic Short Hair",9.8534
"Female","Domestic Long Hair",9.5687
"Female","Domestic Long Hair",9.6369
"Male","Domestic Long Hair",11.0257
"Male","Domestic Long Hair",11.2792
"Male","Domestic Short Hair",8.883
"Male","Domestic Long Hair",11.0859
"Male","Domestic Long Hair",11.1476
"Male","Domestic Short Hair",10.0355
"Female","Domestic Long Hair",10.4362
"Male","Domestic Short Hair",9.1256
"Female","Domestic Short Hair",7.6723
"Female","Domestic Long Hair",11.3579
"Male","Domestic Long Hair",12.0787
"Female","Domestic Long Hair",12.1346
"Female","Domestic Long Hair",10.3419
"Female","Domestic Short Hair",10.3853
"Male","Domestic Long Hair",9.1605
"Male","Domestic Medium Hair",10.2161
"Male","Domestic Long Hair",13.1163
"Male","Domestic Short Hair",9.0011
"Male","Domestic Medium Hair",12.3085
"Female","Domestic Short Hair",8.7291
"Male","Domestic Short Hair",10.7304
"Female","Domestic Medium Hair",9.4291
"Female","Domestic Medium Hair",10.2349
"Male","Domestic Long Hair",11.4595
"Male","Domestic Short Hair",9.3377
"Male","Domestic Short Hair",9.0441
"Male","Domestic Medium Hair",11.102
"Male","Domestic Medium Hair",10.6666
"Female","Domestic Medium Hair",10.7638
"Male","Domestic Short Hair",8.2628
"Male","Domestic Long Hair",11.4583
"Female","Domestic Short Hair",8.8028
"Female","Domestic Long Hair",10.3722
"Female","Domestic Medium Hair",9.8807
"Female","Domestic Medium Hair",10.1993
"Female","Domestic Short Hair",7.9724
"Male","Domestic Medium Hair",9.5389
"Male","Domestic Short Hair",8.3754
"Male","Domestic Long Hair",9.638
"Female","Domestic Long Hair",11.211
"Male","Domestic Short Hair",7.7094
"Male","Domestic Short Hair",8.7388
"Male","Domestic Short Hair",8.7632
"Female","Domestic Short Hair",7.9332
"Female","Domestic Long Hair",11.5563
"Female","Domestic Short Hair",8.9892
"Male","Domestic Medium Hair",12.3095
"Female","Domestic Long Hair",10.1611
"Female","Domestic Long Hair",9.9928
"Female","Domestic Short Hair",8.2411
"Female","Domestic Long Hair",9.1466
"Male","Domestic Long Hair",11.7548
"Female","Domestic Medium Hair",7.6409
"Male","Domestic Long Hair",9.8948
"Female","Domestic Long Hair",10.5498
"Male","Domestic Medium Hair",11.1414
"Female","Domestic Medium Hair",7.8855
"Male","Domestic Short Hair",8.2719
"Female","Domestic Long Hair",8.589
"Female","Domestic Medium Hair",10.4615
"Female","Domestic Short Hair",10.1474
"Female","Domestic Medium Hair",9.0663
"Female","Domestic Medium Hair",11.671
"Female","Domestic Long Hair",10.5547
"Female","Domestic Short Hair",8.8795
"Male","Domestic Medium Hair",9.9096
"Female","Domestic Long Hair",9.7165
"Male","Domestic Short Hair",9.9568
"Female","Domestic Long Hair",13.3463
"Male","Domestic Long Hair",11.1262
"Male","Domestic Short Hair",8.5024
"Female","Domestic Short Hair",7.9021
"Male","Domestic Long Hair",11.5686
"Male","Domestic Long Hair",9.9648
"Male","Domestic Long Hair",8.8472
"Male","Domestic Short Hair",8.9456
"Male","Domestic Medium Hair",13.0236
"Female","Domestic Short Hair",8.9671
"Male","Domestic Long Hair",10.8246
"Male","Domestic Medium Hair",10.0809
"Female","Domestic Medium Hair",10.0871
"Female","Domestic Long Hair",10.8311
"Female","Domestic Short Hair",7.4326
"Female","Domestic Short Hair",7.846
"Female","Domestic Long Hair",10.6204
"Female","Domestic Long Hair",8.4225
"Female","Domestic Long Hair",9.7337
"Male","Domestic Medium Hair",9.5977
"Male","Domestic Short Hair",7.7747
"Female","Domestic Medium Hair",10.7054
"Male","Domestic Long Hair",12.145
"Female","Domestic Short Hair",7.0854
"Female","Domestic Short Hair",10.0625
"Female","Domestic Long Hair",9.322
"Female","Domestic Short Hair",7.851
"Female","Domestic Medium Hair",10.6968
"Female","Domestic Short Hair",6.71
"Female","Domestic Short Hair",8.4387
"Female","Domestic Long Hair",10.9041
"Female","Domestic Medium Hair",9.2666
"Male","Domestic Short Hair",10.1231
"Male","Domestic Medium Hair",9.9321
"Male","Domestic Short Hair",8.4063
"Male","Domestic Short Hair",8.1789
"Male","Domestic Medium Hair",9.6326
"Female","Domestic Short Hair",10.1034
"Female","Domestic Long Hair",9.4145
"Male","Domestic Long Hair",8.7458
"Female","Domestic Long Hair",10.0456
"Female","Domestic Long Hair",8.795
"Female","Domestic Long Hair",9.2015
"Male","Domestic Short Hair",8.5646
"Female","Domestic Medium Hair",10.3057
"Male","Domestic Long Hair",10.3914
"Male","Domestic Long Hair",13.7305
"Male","Domestic Medium Hair",11.4007
"Male","Domestic Long Hair",10.2961
"Female","Domestic Long Hair",8.3832
"Female","Domestic Short Hair",9.1649
"Male","Domestic Short Hair",8.567
"Male","Domestic Short Hair",10.0033
"Male","Domestic Long Hair",10.5537
"Male","Domestic Short Hair",11.1085
"Male","Domestic Long Hair",9.7227
"Male","Domestic Long Hair",12.1091
"Male","Domestic Long Hair",12.1405
"Female","Domestic Long Hair",8.9346
"Female","Domestic Short Hair",8.9005
"Male","Domestic Short Hair",9.7612
"Male","Domestic Short Hair",9.3751
"Male","Domestic Medium Hair",9.6248
"Female","Domestic Medium Hair",10.2631
"Male","Domestic Long Hair",10.1026
"Male","Domestic Medium Hair",11.2368
"Male","Domestic Long Hair",10.5339
"Male","Domestic Medium Hair",11.2705
"Female","Domestic Short Hair",8.5198
"Male","Domestic Medium Hair",10.3687
"Female","Domestic Long Hair",9.4904
"Female","Domestic Long Hair",9.3291
"Male","Domestic Medium Hair",8.9595
"Male","Domestic Medium Hair",10.5067
"Male","Domestic Short Hair",9.9218
"Female","Domestic Medium Hair",11.3399
"Male","Domestic Short Hair",8.1584
"Male","Domestic Long Hair",11.8661
"Female","Domestic Medium Hair",7.002
"Female","Domestic Long Hair",10.8868
"Male","Domestic Short Hair",8.6713
"Female","Domestic Short Hair",10.127
"Male","Domestic Short Hair",10.4611
"Male","Domestic Long Hair",11.4717
"Female","Domestic Long Hair",11.511
"Male","Domestic Long Hair",12.3383
"Male","Domestic Short Hair",9.9904
"Female","Domestic Medium Hair",9.5402
"Male","Domestic Long Hair",11.6138
"Female","Domestic Medium Hair",8.409
"Female","Domestic Long Hair",9.2032
"Female","Domestic Long Hair",11.183
"Female","Domestic Long Hair",10.0923
"Male","Domestic Short Hair",10.2331
"Female","Domestic Long Hair",10.0263
"Male","Domestic Short Hair",9.6035
"Female","Domestic Medium Hair",7.6774
"Male","Domestic Medium Hair",11.1497
"Male","Domestic Short Hair",8.3889
"Male","Domestic Medium Hair",9.1031
"Male","Domestic Long Hair",10.0469
"Female","Domestic Medium Hair",8.8085
"Male","Domestic Short Hair",11.6489
"Female","Domestic Medium Hair",10.2786
"Female","Domestic Medium Hair",8.8855
"Female","Domestic Long Hair",8.7861
"Male","Domestic Short Hair",9.7221
"Female","Domestic Medium Hair",9.9242
"Female","Domestic Long Hair",9.4801
"Female","Domestic Medium Hair",10.1678
"Female","Domestic Medium Hair",8.2217
"Female","Domestic Long Hair",10.4696
"Female","Domestic Medium Hair",10.5159
"Male","Domestic Medium Hair",10.2402
"Male","Domestic Short Hair",9.1815
"Male","Domestic Short Hair",9.4186
"Male","Domestic Medium Hair",9.6867
"Male","Domestic Short Hair",8.7492
"Male","Domestic Short Hair",8.3265
"Female","Domestic Short Hair",8.5773
"Female","Domestic Medium Hair",10.6647
"Male","Domestic Short Hair",9.1192
"Male","Domestic Short Hair",8.4829
"Male","Domestic Medium Hair",10.3963
"Male","Domestic Short Hair",8.6975
"Female","Domestic Long Hair",10.6048
"Male","Domestic Short Hair",8.8765
"Female","Domestic Medium Hair",9.7562
"Female","Domestic Medium Hair",9.2931
"Female","Domestic Long Hair",11.4418
"Male","Domestic Short Hair",10.3853
"Female","Domestic Short Hair",7.2661
"Female","Domestic Short Hair",12.313
"Male","Domestic Long Hair",10.9917
"Female","Domestic Medium Hair",9.5059
"Female","Domestic Short Hair",8.6218
"Female","Domestic Medium Hair",9.8444
"Male","Domestic Long Hair",11.9931
"Male","Domestic Long Hair",9.4151
"Male","Domestic Short Hair",8.0031
"Male","Domestic Short Hair",7.5734
"Male","Domestic Short Hair",9.7739
"Male","Domestic Short Hair",9.0865
"Female","Domestic Short Hair",8.4657
"Female","Domestic Short Hair",10.397
"Male","Domestic Medium Hair",12.3774
"Male","Domestic Short Hair",10.8596
"Female","Domestic Short Hair",9.9114
"Female","Domestic Medium Hair",10.4716
"Male","Domestic Medium Hair",12.171
"Male","Domestic Short Hair",8.9898
"Male","Domestic Short Hair",8.6222
"Female","Domestic Short Hair",9.9567
"Female","Domestic Long Hair",9.9287
"Male","Domestic Short Hair",8.3401
"Female","Domestic Long Hair",10.6206
"Male","Domestic Medium Hair",10.0103
"Female","Domestic Long Hair",9.2983
"Female","Domestic Medium Hair",10.8231
"Male","Domestic Long Hair",10.1653
"Male","Domestic Medium Hair",10.6192
"Male","Domestic Long Hair",11.6
"Female","Domestic Long Hair",9.4417
"Female","Domestic Long Hair",10.9229
"Male","Domestic Long Hair",8.6275
"Female","Domestic Short Hair",8.5146
"Male","Domestic Long Hair",12.204
"Female","Domestic Medium Hair",10.6347
"Male","Domestic Short Hair",9.7573
"Female","Domestic Long Hair",10.8015
"Female","Domestic Long Hair",8.9801
"Male","Domestic Short Hair",8.3868
"Male","Domestic Medium Hair",8.8363
"Female","Domestic Long Hair",12.8281
"Male","Domestic Medium Hair",10.2801
"Female","Domestic Long Hair",10.5627
"Male","Domestic Long Hair",11.464
"Male","Domestic Short Hair",7.5157
"Female","Domestic Long Hair",8.5632
"Female","Domestic Long Hair",9.0682
"Female","Domestic Medium Hair",10.8934
"Female","Domestic Long Hair",11.762
"Female","Domestic Long Hair",9.0836
"Male","Domestic Short Hair",7.9059
"Male","Domestic Long Hair",10.8773
"Male","Domestic Long Hair",9.6111
"Male","Domestic Long Hair",11.776
"Female","Domestic Long Hair",10.2524
"Male","Domestic Short Hair",8.0616
"Female","Domestic Short Hair",7.0356
"Male","Domestic Short Hair",8.3641
"Male","Domestic Long Hair",11.4191
"Male","Domestic Medium Hair",9.2646
"Female","Domestic Short Hair",8.2253
"Male","Domestic Long Hair",10.2934
"Male","Domestic Long Hair",12.1252
"Female","Domestic Short Hair",8.3142
"Female","Domestic Short Hair",9.045
"Male","Domestic Long Hair",11.5061
"Male","Domestic Short Hair",10.9922
"Male","Domestic Short Hair",9.0792
"Female","Domestic Short Hair",8.9069
"Male","Domestic Medium Hair",11.3723
"Male","Domestic Long Hair",9.7375
"Female","Domestic Long Hair",10.8002
"Male","Domestic Short Hair",10.3401
"Female","Domestic Long Hair",11.1137
"Male","Domestic Long Hair",10.456
"Female","Domestic Short Hair",9.2842
"Female","Domestic Medium Hair",10.0648
"Male","Domestic Medium Hair",9.9608
"Female","Domestic Long Hair",12.0072
"Female","Domestic Short Hair",9.6261
"Female","Domestic Medium Hair",9.0573
"Female","Domestic Medium Hair",10.0411
"Male","Domestic Medium Hair",10.2362
"Female","Domestic Long Hair",11.9028
"Male","Domestic Medium Hair",11.6701
"Male","Domestic Long Hair",11.4902
"Female","Domestic Short Hair",8.449
"Female","Domestic Long Hair",9.2491
"Female","Domestic Short Hair",8.2083
"Female","Domestic Short Hair",10.1096
"Male","Domestic Short Hair",7.4234
"Male","Domestic Short Hair",7.9553
"Male","Domestic Long Hair",11.3704
"Male","Domestic Medium Hair",10.3536
"Female","Domestic Long Hair",9.0803
"Male","Domestic Long Hair",11.1399
"Female","Domestic Medium Hair",9.9093
"Male","Domestic Short Hair",12.0751
"Male","Domestic Short Hair",10.0551
"Female","Domestic Medium Hair",9.7825
"Female","Domestic Short Hair",7.9169
"Male","Domestic Medium Hair",10.0003
"Male","Domestic Short Hair",8.8518
"Female","Domestic Medium Hair",8.7996
"Male","Domestic Long Hair",10.8328
"Female","Domestic Short Hair",7.4774
"Male","Domestic Long Hair",11.4197
"Male","Domestic Short Hair",7.7031
"Female","Domestic Short Hair",7.9542
"Female","Domestic Short Hair",9.82
"Male","Domestic Short Hair",7.5446
"Male","Domestic Long Hair",11.3968
"Female","Domestic Long Hair",11.537
"Female","Domestic Short Hair",7.7532
"Male","Domestic Long Hair",9.5924
"Female","Domestic Short Hair",7.9367
"Male","Domestic Long Hair",10.7637
"Female","Domestic Long Hair",10.8097
"Male","Domestic Medium Hair",11.5621
"Male","Domestic Short Hair",7.2446
"Female","Domestic Long Hair",10.6474
"Male","Domestic Medium Hair",10.5044
"Male","Domestic Medium Hair",11.1071
"Male","Domestic Long Hair",11.2959
"Male","Domestic Long Hair",13.0187
"Female","Domestic Medium Hair",10.5328
"Female","Domestic Short Hair",5.8579
"Female","Domestic Short Hair",7.491
"Female","Domestic Long Hair",9.491
"Female","Domestic Medium Hair",10.7292
"Female","Domestic Short Hair",9.0654
"Female","Domestic Short Hair",8.4613
"Male","Domestic Long Hair",12.6831
"Female","Domestic Short Hair",7.7131
"Female","Domestic Medium Hair",9.7047
"Male","Domestic Long Hair",12.1708
"Female","Domestic Short Hair",7.9478
"Male","Domestic Long Hair",11.0788
"Female","Domestic Long Hair",8.5156
"Female","Domestic Medium Hair",9.8558
"Male","Domestic Medium Hair",10.163
"Female","Domestic Long Hair",8.7131
"Male","Domestic Long Hair",11.1388
"Female","Domestic Medium Hair",9.4957
"Male","Domestic Long Hair",12.0579
"Male","Domestic Short Hair",9.0383
"Female","Domestic Short Hair",8.8119
"Female","Domestic Short Hair",9.8172
"Male","Domestic Short Hair",9.6663
"Male","Domestic Medium Hair",9.8978
"Male","Domestic Short Hair",9.6244
"Female","Domestic Long Hair",10.078
"Male","Domestic Medium Hair",9.5933
"Male","Domestic Medium Hair",8.8023
"Female","Domestic Short Hair",9.2267
"Female","Domestic Short Hair",8.9695
"Female","Domestic Medium Hair",9.6986
"Female","Domestic Short Hair",8.9173
"Male","Domestic Medium Hair",9.7311
"Male","Domestic Medium Hair",10.1722
"Female","Domestic Long Hair",9.4118
"Male","Domestic Medium Hair",11.6281
"Male","Domestic Medium Hair",8.7873
"Male","Domestic Long Hair",12.8751
"Female","Domestic Medium Hair",9.7057
"Male","Domestic Long Hair",10.5325
"Female","Domestic Long Hair",10.0997
"Male","Domestic Medium Hair",11.7283
"Female","Domestic Short Hair",8.9791
"Female","Domestic Short Hair",8.9888
"Male","Domestic Medium Hair",9.8287
"Male","Domestic Medium Hair",10.9284
"Male","Domestic Long Hair",11.915
"Male","Domestic Short Hair",8.4915
"Male","Domestic Long Hair",10.6557
"Female","Domestic Long Hair",10.0043
"Female","Domestic Medium Hair",9.1686
"Male","Domestic Short Hair",9.351
"Male","Domestic Medium Hair",9.062
"Female","Domestic Long Hair",10.5888
"Male","Domestic Long Hair",11.3906
"Male","Domestic Long Hair",9.3189
"Female","Domestic Medium Hair",10.5282
"Female","Domestic Short Hair",8.1095
"Male","Domestic Long Hair",10.6751
"Male","Domestic Long Hair",10.2519
"Male","Domestic Short Hair",9.1367
"Male","Domestic Long Hair",10.2635
"Male","Domestic Short Hair",10.1394
"Female","Domestic Medium Hair",8.3431
"Male","Domestic Long Hair",11.3442
"Female","Domestic Short Hair",7.394
"Female","Domestic Long Hair",10.6831
"Female","Domestic Short Hair",8.8946
"Female","Domestic Medium Hair",9.357
"Female","Domestic Medium Hair",8.5741
"Female","Domestic Short Hair",9.6444
"Female","Domestic Short Hair",9.5553
"Male","Domestic Short Hair",10.2983
"Female","Domestic Long Hair",10.8425
"Male","Domestic Long Hair",12.2864
"Female","Domestic Long Hair",10.6129
"Female","Domestic Medium Hair",9.077
"Male","Domestic Medium Hair",9.3178
"Female","Domestic Medium Hair",8.4427
"Female","Domestic Long Hair",10.0812
"Male","Domestic Short Hair",8.3953
"Female","Domestic Long Hair",9.5551
"Male","Domestic Long Hair",11.893
"Male","Domestic Short Hair",9.2266
"Male","Domestic Long Hair",9.5566
"Female","Domestic Long Hair",9.6358
"Male","Domestic Medium Hair",8.5156
"Female","Domestic Short Hair",8.5543
"Female","Domestic Medium Hair",8.9929
"Female","Domestic Medium Hair",9.0485
"Female","Domestic Short Hair",7.1606
"Female","Domestic Short Hair",10.0638
"Male","Domestic Long Hair",10.8099
"Female","Domestic Medium Hair",10.6981
"Female","Domestic Medium Hair",9.9373
"Female","Domestic Long Hair",11.0303
"Female","Domestic Short Hair",7.871
"Female","Domestic Medium Hair",8.9959
"Female","Domestic Short Hair",9.862
"Female","Domestic Long Hair",10.7267
"Female","Domestic Medium Hair",10.333
"Male","Domestic Medium Hair",9.4665
"Male","Domestic Short Hair",8.4506
"Female","Domestic Short Hair",8.966
"Female","Domestic Long Hair",9.6296
"Female","Domestic Short Hair",8.2591
"Male","Domestic Long Hair",9.7125
"Male","Domestic Short Hair",9.8525
"Female","Domestic Long Hair",10.3381
"Male","Domestic Short Hair",9.7637
"Female","Domestic Medium Hair",9.0314
"Female","Domestic Medium Hair",10.3422
"Male","Domestic Short Hair",7.3241
"Male","Domestic Long Hair",11.3651
"Female","Domestic Medium Hair",10.6803
"Male","Domestic Short Hair",9.7652
"Female","Domestic Medium Hair",9.4812
"Male","Domestic Short Hair",9.0583
"Female","Domestic Short Hair",9.3498
"Male","Domestic Long Hair",10.0517
"Male","Domestic Short Hair",9.4764
"Female","Domestic Long Hair",10.2642
"Female","Domestic Long Hair",11.0787
"Female","Domestic Short Hair",7.954
"Male","Domestic Short Hair",9.7702
"Male","Domestic Short Hair",9.797
"Male","Domestic Medium Hair",11.4965
"Female","Domestic Long Hair",8.9695
"Male","Domestic Long Hair",12.1942
"Female","Domestic Medium Hair",9.5753
"Male","Domestic Long Hair",12.0654
"Male","Domestic Medium Hair",9.5718
"Female","Domestic Short Hair",8.371
"Male","Domestic Short Hair",9.2684
"Male","Domestic Short Hair",9.0886
"Female","Domestic Long Hair",11.1932
"Female","Domestic Long Hair",12.4728
"Male","Domestic Medium Hair",10.471
"Male","Domestic Long Hair",11.976
"Male","Domestic Short Hair",8.291
"Female","Domestic Long Hair",11.2481
"Male","Domestic Short Hair",8.4096
"Male","Domestic Long Hair",12.2457
"Female","Domestic Medium Hair",11.238
"Female","Domestic Long Hair",8.6331
"Female","Domestic Long Hair",10.3216
"Male","Domestic Medium Hair",9.3255
"Male","Domestic Medium Hair",9.5767
"Male","Domestic Long Hair",11.5593
"Female","Domestic Short Hair",10.2408
"Female","Domestic Medium Hair",11.1227
"Female","Domestic Medium Hair",9.7272
"Female","Domestic Short Hair",9.5121
"Female","Domestic Medium Hair",11.7748
"Female","Domestic Short Hair",11.1343
"Male","Domestic Medium Hair",11.374
"Male","Domestic Medium Hair",9.9708
"Female","Domestic Long Hair",9.9085
"Female","Domestic Short Hair",9.3365
"Female","Domestic Short Hair",8.3143
"Male","Domestic Medium Hair",8.9174
"Female","Domestic Medium Hair",9.582
"Female","Domestic Short Hair",10.6964
"Female","Domestic Medium Hair",10.1706
"Female","Domestic Short Hair",6.7048
"Male","Domestic Medium Hair",8.866
"Female","Domestic Medium Hair",9.6446
"Female","Domestic Long Hair",10.9458
"Female","Domestic Long Hair",9.5713
"Female","Domestic Long Hair",10.6454
"Female","Domestic Long Hair",8.8639
"Female","Domestic Long Hair",10.0349
"Female","Domestic Long Hair",9.764
"Male","Domestic Long Hair",13.3547
"Female","Domestic Long Hair",8.5918
"Male","Domestic Short Hair",8.9217
"Male","Domestic Short Hair",9.4789
"Female","Domestic Medium Hair",10.406
"Male","Domestic Long Hair",12.5296
"Female","Domestic Short Hair",8.4036
"Female","Domestic Long Hair",9.325
"Female","Domestic Medium Hair",11.1161
"Male","Domestic Short Hair",8.8023
"Male","Domestic Medium Hair",9.4195
"Female","Domestic Medium Hair",11.0862
"Male","Domestic Medium Hair",10.456
"Male","Domestic Short Hair",8.5965
"Female","Domestic Medium Hair",9.3275
"Female","Domestic Short Hair",7.8558
"Male","Domestic Long Hair",10.184
"Female","Domestic Medium Hair",8.8574
"Male","Domestic Long Hair",10.3064
"Female","Domestic Medium Hair",8.9041
"Male","Domestic Short Hair",9.6563
"Female","Domestic Long Hair",10.9874
"Male","Domestic Medium Hair",10.6977
"Female","Domestic Medium Hair",10.3531
"Male","Domestic Short Hair",10.0643
"Male","Domestic Long Hair",10.025
"Male","Domestic Long Hair",11.8762
"Male","Domestic Long Hair",10.4578
"Male","Domestic Long Hair",12.3066
"Male","Domestic Long Hair",9.7826
"Male","Domestic Medium Hair",9.1146
"Male","Domestic Short Hair",10.6247
"Male","Domestic Short Hair",10.058
"Female","Domestic Long Hair",9.1018
"Male","Domestic Medium Hair",9.4527
"Male","Domestic Long Hair",13.0106
"Female","Domestic Long Hair",10.5372
"Male","Domestic Long Hair",11.1031
"Female","Domestic Long Hair",9.4967
"Female","Domestic Medium Hair",7.9657
"Female","Domestic Short Hair",7.7412
"Female","Domestic Short Hair",9.7862
"Male","Domestic Medium Hair",9.9231
"Male","Domestic Short Hair",10.1462
"Female","Domestic Medium Hair",10.2064
"Male","Domestic Long Hair",10.981
"Female","Domestic Medium Hair",11.1773
"Female","Domestic Medium Hair",12.6895
"Female","Domestic Long Hair",10.7996
"Male","Domestic Short Hair",9.7207
"Female","Domestic Short Hair",8.6683
"Female","Domestic Short Hair",7.4936
"Male","Domestic Long Hair",11.3423
"Female","Domestic Medium Hair",10.6366
"Male","Domestic Short Hair",8.7943
"Female","Domestic Short Hair",8.8229
"Male","Domestic Long Hair",11.943
"Male","Domestic Medium Hair",7.6862
"Male","Domestic Short Hair",8.4524
"Female","Domestic Short Hair",8.9084
"Male","Domestic Medium Hair",11.3999
"Male","Domestic Short Hair",8.7258
"Male","Domestic Long Hair",11.6119
"Male","Domestic Medium Hair",11.0564
"Male","Domestic Long Hair",10.8804
"Male","Domestic Long Hair",12.9639
"Female","Domestic Short Hair",7.2867
"Male","Domestic Long Hair",9.9298
"Female","Domestic Medium Hair",11.863
"Female","Domestic Medium Hair",10.7107
"Female","Domestic Short Hair",7.6396
"Female","Domestic Long Hair",10.6283
"Female","Domestic Short Hair",6.233
"Male","Domestic Short Hair",8.5251
"Female","Domestic Short Hair",8.742
"Female","Domestic Medium Hair",10.4344
"Male","Domestic Long Hair",12.4966
"Female","Domestic Long Hair",12.5881
"Female","Domestic Short Hair",7.1969
"Female","Domestic Medium Hair",11.0602
"Male","Domestic Long Hair",9.9
"Female","Domestic Short Hair",9.7107
"Male","Domestic Medium Hair",11.3533
"Female","Domestic Long Hair",9.4069
"Female","Domestic Long Hair",9.9827
"Female","Domestic Medium Hair",7.1858
"Male","Domestic Long Hair",9.0473
"Female","Domestic Long Hair",10.1442
"Male","Domestic Medium Hair",9.0461
"Male","Domestic Long Hair",11.6984
"Male","Domestic Short Hair",8.6447
"Female","Domestic Medium Hair",11.2027
"Male","Domestic Short Hair",7.8387
"Female","Domestic Short Hair",8.4456
"Female","Domestic Short Hair",8.1091
"Female","Domestic Long Hair",11.3757
"Female","Domestic Long Hair",10.6158
"Male","Domestic Medium Hair",9.71
"Male","Domestic Medium Hair",9.9375
"Female","Domestic Short Hair",9.605
"Male","Domestic Medium Hair",8.0213
"Female","Domestic Long Hair",10.2857
"Male","Domestic Long Hair",10.6631
"Female","Domestic Medium Hair",10.305
"Female","Domestic Short Hair",8.0349
"Female","Domestic Long Hair",9.1108
"Male","Domestic Short Hair",10.6883
"Male","Domestic Long Hair",11.7369
"Male","Domestic Long Hair",12.4257
"Male","Domestic Long Hair",12.6091
"Female","Domestic Long Hair",10.6587
"Male","Domestic Short Hair",8.8454
"Female","Domestic Long Hair",10.7559
"Female","Domestic Short Hair",6.5146
"Male","Domestic Short Hair",9.4321
"Male","Domestic Short Hair",9.9858
"Female","Domestic Medium Hair",8.601
"Male","Domestic Medium Hair",10.8257
"Male","Domestic Short Hair",8.0084
"Female","Domestic Medium Hair",9.7618
"Female","Domestic Medium Hair",10.2674
"Male","Domestic Long Hair",10.7162
"Male","Domestic Medium Hair",10.2923
"Female","Domestic Long Hair",9.7243
"Female","Domestic Long Hair",9.9496
"Female","Domestic Short Hair",7.926
"Male","Domestic Short Hair",8.6529
"Male","Domestic Medium Hair",9.5794
"Female","Domestic Long Hair",9.7369
"Female","Domestic Medium Hair",7.8569
"Female","Domestic Long Hair",10.0377
"Female","Domestic Medium Hair",9.1842
"Male","Domestic Long Hair",13.2417
"Female","Domestic Long Hair",8.3028
"Female","Domestic Medium Hair",7.6556
"Female","Domestic Medium Hair",9.9127
"Female","Domestic Short Hair",8.7056
"Male","Domestic Medium Hair",11.1035
"Male","Domestic Long Hair",11.0133
"Male","Domestic Short Hair",8.6087
"Female","Domestic Short Hair",7.7669
"Male","Domestic Medium Hair",8.8914
"Female","Domestic Short Hair",7.8482
"Female","Domestic Short Hair",8.0488
"Female","Domestic Short Hair",8.3761
"Female","Domestic Long Hair",9.568
"Male","Domestic Long Hair",10.0487
"Male","Domestic Short Hair",9.1632
"Male","Domestic Short Hair",9.5496
"Male","Domestic Long Hair",11.8897
"Male","Domestic Medium Hair",9.7993
"Male","Domestic Medium Hair",11.1034
"Female","Domestic Long Hair",11.7293
"Male","Domestic Medium Hair",9.9936
"Male","Domestic Short Hair",8.112
"Male","Domestic Long Hair",11.2965
"Male","Domestic Long Hair",11.3928
"Female","Domestic Long Hair",9.9788
"Male","Domestic Medium Hair",9.7938
"Female","Domestic Short Hair",9.128
"Male","Domestic Short Hair",9.3284
"Male","Domestic Short Hair",10.5998
"Male","Domestic Long Hair",11.9065
"Male","Domestic Long Hair",10.7836
"Male","Domestic Short Hair",7.7563
"Female","Domestic Short Hair",8.1801
"Female","Domestic Short Hair",8.0634
"Female","Domestic Medium Hair",9.0336
"Female","Domestic Long Hair",12.5803
"Female","Domestic Long Hair",7.7367
"Female","Domestic Short Hair",8.6273
"Male","Domestic Long Hair",11.5326
"Female","Domestic Medium Hair",9.2056
"Female","Domestic Long Hair",7.8459
"Male","Domestic Long Hair",11.1246
"Female","Domestic Short Hair",7.5071
"Female","Domestic Medium Hair",9.7855
"Male","Domestic Medium Hair",10.9164
"Male","Domestic Medium Hair",10.6705
"Female","Domestic Short Hair",9.3936
"Female","Domestic Long Hair",11.4608
"Male","Domestic Long Hair",13.1163
"Male","Domestic Short Hair",7.5464
"Female","Domestic Short Hair",6.3731
"Female","Domestic Short Hair",7.577
"Female","Domestic Short Hair",8.968
"Female","Domestic Long Hair",7.5189
"Female","Domestic Short Hair",7.2002
"Male","Domestic Long Hair",9.5536
"Female","Domestic Short Hair",9.4481
"Female","Domestic Short Hair",8.9264
"Male","Domestic Short Hair",10.5115
"Female","Domestic Medium Hair",9.1387
"Male","Domestic Long Hair",11.3038
"Female","Domestic Short Hair",8.7086
"Male","Domestic Short Hair",10.7404
"Male","Domestic Long Hair",11.3734
"Female","Domestic Medium Hair",7.9559
"Male","Domestic Long Hair",12.2338
"Male","Domestic Short Hair",7.1857
"Male","Domestic Medium Hair",8.7192
"Male","Domestic Long Hair",12.4378
"Male","Domestic Long Hair",11.811
"Male","Domestic Long Hair",10.6982
"Male","Domestic Long Hair",10.6209
"Male","Domestic Medium Hair",9.7735
"Female","Domestic Short Hair",8.802
"Female","Domestic Short Hair",7.0904
"Male","Domestic Short Hair",8.9025
"Male","Domestic Short Hair",8.3167
"Male","Domestic Medium Hair",10.5265
"Male","Domestic Medium Hair",11.4382
"Male","Domestic Medium Hair",9.0688
"Female","Domestic Long Hair",9.3772
"Male","Domestic Long Hair",11.1912
"Female","Domestic Long Hair",12.3783
"Male","Domestic Short Hair",8.4356
"Female","Domestic Medium Hair",9.1015
"Female","Domestic Short Hair",8.1863
"Female","Domestic Long Hair",11.3316
"Male","Domestic Medium Hair",10.9488
"Male","Domestic Medium Hair",9.6292
"Male","Domestic Medium Hair",11.9406
"Male","Domestic Short Hair",8.1831
"Male","Domestic Long Hair",10.3833
"Male","Domestic Long Hair",11.4953
"Male","Domestic Short Hair",8.8695
"Male","Domestic Medium Hair",9.3024
"Male","Domestic Short Hair",9.9046
"Male","Domestic Medium Hair",9.7656
"Female","Domestic Short Hair",9.6143
"Male","Domestic Long Hair",13.5144
"Male","Domestic Long Hair",12.0227
"Female","Domestic Short Hair",6.2672
"Female","Domestic Short Hair",8.5123
"Female","Domestic Medium Hair",8.7908
"Female","Domestic Short Hair",8.71
"Male","Domestic Medium Hair",11.1516
"Female","Domestic Medium Hair",9.1159
"Female","Domestic Long Hair",9.9432
"Female","Domestic Medium Hair",10.726
"Male","Domestic Short Hair",8.6212
"Female","Domestic Long Hair",9.057
"Female","Domestic Medium Hair",9.5366
"Female","Domestic Medium Hair",10.7415
"Female","Domestic Short Hair",9.4803
"Female","Domestic Long Hair",10.7436
"Female","Domestic Long Hair",11.1468
"Male","Domestic Short Hair",9.3735
"Female","Domestic Medium Hair",11.9177
"Female","Domestic Medium Hair",10.6854
"Male","Domestic Short Hair",10.3875
"Female","Domestic Long Hair",9.3772
"Male","Domestic Long Hair",11.7534
"Female","Domestic Short Hair",8.6838
"Female","Domestic Short Hair",7.348
"Male","Domestic Long Hair",10.315
"Female","Domestic Medium Hair",10.2762
"Female","Domestic Medium Hair",9.3531
"Male","Domestic Medium Hair",12.1231
"Female","Domestic Long Hair",7.7345
"Female","Domestic Short Hair",7.2715
"Female","Domestic Medium Hair",9.8454
"Female","Domestic Long Hair",9.5168
"Female","Domestic Medium Hair",9.1256
"Male","Domestic Short Hair",10.592
"Male","Domestic Medium Hair",11.8479
"Female","Domestic Medium Hair",7.9214
"Female","Domestic Long Hair",10.1362
"Male","Domestic Short Hair",8.4152
"Male","Domestic Long Hair",9.7453
"Male","Domestic Long Hair",10.2802
"Female","Domestic Short Hair",7.2737
"Female","Domestic Short Hair",8.1859
"Female","Domestic Short Hair",8.4125
"Female","Domestic Long Hair",9.5634
"Female","Domestic Short Hair",9.5476
"Male","Domestic Long Hair",10.9227
"Female","Domestic Long Hair",10.0165
"Male","Domestic Long Hair",11.2288
"Female","Domestic Medium Hair",11.0788
"Female","Domestic Short Hair",7.6114
"Female","Domestic Long Hair",10.0837
"Female","Domestic Medium Hair",9.6695
"Female","Domestic Medium Hair",10.1639
"Female","Domestic Short Hair",9.4206
"Female","Domestic Medium Hair",11.73
"Female","Domestic Short Hair",7.7756
"Female","Domestic Short Hair",7.1772
"Male","Domestic Short Hair",8.7372
"Female","Domestic Long Hair",11.5856
"Male","Domestic Long Hair",10.4366
"Male","Domestic Short Hair",10.0045
"Female","Domestic Long Hair",9.6744
"Female","Domestic Long Hair",10.4016
"Male","Domestic Medium Hair",10.5357
"Male","Domestic Long Hair",9.7192
"Male","Domestic Short Hair",10.1348
"Female","Domestic Short Hair",7.6848
"Female","Domestic Medium Hair",10.0348
"Male","Domestic Long Hair",11.4487
"Male","Domestic Medium Hair",11.7328
"Male","Domestic Short Hair",8.661
"Male","Domestic Medium Hair",10.0029
"Female","Domestic Short Hair",8.1547
"Female","Domestic Short Hair",8.6769
"Male","Domestic Short Hair",9.4772
"Male","Domestic Short Hair",10.805
"Female","Domestic Long Hair",10.7207
"Female","Domestic Medium Hair",11.0708
"Female","Domestic Long Hair",11.673
"Male","Domestic Short Hair",10.5922
"Female","Domestic Long Hair",7.3911
"Male","Domestic Medium Hair",10.8424
"Female","Domestic Medium Hair",9.1484
"Female","Domestic Short Hair",7.3772
"Male","Domestic Long Hair",11.4997
"Female","Domestic Long Hair",11.6004
"Female","Domestic Short Hair",7.4871
"Female","Domestic Short Hair",8.7408
"Male","Domestic Long Hair",11.182
"Female","Domestic Long Hair",11.4488
"Male","Domestic Short Hair",7.795
"Female","Domestic Medium Hair",9.5128
"Female","Domestic Medium Hair",9.2984
"Female","Domestic Long Hair",10.2764
"Male","Domestic Long Hair",10.8345
"Male","Domestic Short Hair",9.3519
"Female","Domestic Medium Hair",8.7077
"Female","Domestic Short Hair",9.8741
"Female","Domestic Long Hair",10.1236
"Female","Domestic Medium Hair",10.0471
"Female","Domestic Medium Hair",9.2762
"Male","Domestic Short Hair",10.9953
"Male","Domestic Short Hair",10.6406
"Female","Domestic Short Hair",10.5526
"Male","Domestic Long Hair",11.4951
"Male","Domestic Short Hair",9.1143
"Male","Domestic Medium Hair",11.6118
"Male","Domestic Short Hair",9.4403
"Female","Domestic Short Hair",8.7603
"Female","Domestic Long Hair",8.7083
"Female","Domestic Short Hair",6.6483
"Female","Domestic Medium Hair",9.5729
"Male","Domestic Short Hair",9.0631
"Male","Domestic Short Hair",7.7427
"Female","Domestic Medium Hair",10.3863
"Male","Domestic Short Hair",9.6684
"Female","Domestic Short Hair",8.7232
"Male","Domestic Short Hair",9.0342
"Male","Domestic Short Hair",10.1815
"Female","Domestic Medium Hair",10.3335
"Female","Domestic Medium Hair",8.5862
"Male","Domestic Short Hair",9.3878
"Male","Domestic Short Hair",9.7433
"Male","Domestic Short Hair",8.6726
"Male","Domestic Short Hair",8.1702
"Female","Domestic Short Hair",8.1359
"Male","Domestic Medium Hair",10.344
"Male","Domestic Medium Hair",10.5288
"Female","Domestic Long Hair",9.7734
"Female","Domestic Short Hair",9.1938
"Female","Domestic Short Hair",7.2853
"Female","Domestic Medium Hair",8.4192
"Male","Domestic Long Hair",12.4874
"Female","Domestic Short Hair",9.1302
"Male","Domestic Long Hair",11.9472
"Male","Domestic Medium Hair",11.6896
"Male","Domestic Medium Hair",8.1769
"Female","Domestic Short Hair",8.1813
"Female","Domestic Medium Hair",12.3223
"Male","Domestic Long Hair",10.6009
"Male","Domestic Long Hair",11.1112
"Female","Domestic Short Hair",7.8444
"Female","Domestic Long Hair",10.3735
"Female","Domestic Short Hair",9.043
"Male","Domestic Long Hair",10.5876
"Female","Domestic Short Hair",10.2065
"Male","Domestic Medium Hair",9.18
"Male","Domestic Long Hair",12.987
"Female","Domestic Medium Hair",8.5204
"Female","Domestic Short Hair",9.3852
"Female","Domestic Short Hair",8.1243
"Male","Domestic Short Hair",9.3789
"Female","Domestic Medium Hair",9.2227
"Female","Domestic Long Hair",9.8779
"Female","Domestic Short Hair",7.4374
"Male","Domestic Long Hair",10.9279
"Female","Domestic Medium Hair",9.5096
"Female","Domestic Medium Hair",10.66
"Male","Domestic Short Hair",9.6007
"Male","Domestic Short Hair",7.575
"Female","Domestic Short Hair",7.6529
"Male","Domestic Short Hair",9.0537
"Female","Domestic Long Hair",9.8441
"Male","Domestic Long Hair",11.379
"Female","Domestic Medium Hair",11.375
"Female","Domestic Short Hair",5.858
"Male","Domestic Medium Hair",7.12
"Female","Domestic Medium Hair",9.9082
"Female","Domestic Long Hair",9.0532
"Female","Domestic Long Hair",8.8134
"Female","Domestic Medium Hair",8.2489
"Female","Domestic Long Hair",9.3164
"Female","Domestic Medium Hair",9.1378
"Female","Domestic Short Hair",9.2479
"Male","Domestic Long Hair",9.9153
"Female","Domestic Medium Hair",10.2528
"Male","Domestic Short Hair",7.4927
"Female","Domestic Medium Hair",11.4049
"Male","Domestic Medium Hair",11.2101
"Male","Domestic Short Hair",9.1052
"Female","Domestic Short Hair",8.4293
"Female","Domestic Medium Hair",8.3585
"Male","Domestic Medium Hair",8.3692
"Male","Domestic Short Hair",10.0227
"Female","Domestic Medium Hair",10.5135
"Male","Domestic Long Hair",10.6204
"Female","Domestic Long Hair",9.732
"Male","Domestic Long Hair",10.938
"Female","Domestic Medium Hair",10.8782
"Female","Domestic Long Hair",11.2362
"Male","Domestic Short Hair",9.7454
"Female","Domestic Short Hair",7.2853
"Female","Domestic Long Hair",10.1176
"Male","Domestic Short Hair",9.6813
"Male","Domestic Long Hair",11.7552
"Male","Domestic Short Hair",11.0342
"Male","Domestic Medium Hair",11.2112
"Male","Domestic Medium Hair",10.5975
"Female","Domestic Long Hair",7.9561
"Male","Domestic Short Hair",8.8839
"Female","Domestic Long Hair",9.2046
"Male","Domestic Short Hair",10.4238
"Female","Domestic Short Hair",10.729
"Male","Domestic Short Hair",7.8521
"Female","Domestic Short Hair",8.1881
"Female","Domestic Short Hair",7.5586
"Male","Domestic Short Hair",8.491
"Female","Domestic Short Hair",8.7679
"Female","Domestic Short Hair",7.9807
"Male","Domestic Medium Hair",10.8935
"Female","Domestic Medium Hair",9.9014
"Female","Domestic Medium Hair",9.9777
"Male","Domestic Long Hair",10.6076
"Female","Domestic Long Hair",8.9108
"Female","Domestic Short Hair",7.3094
"Female","Domestic Long Hair",10.3195
"Male","Domestic Long Hair",10.1227
"Female","Domestic Short Hair",9.6695
"Female","Domestic Short Hair",7.5656
"Male","Domestic Medium Hair",10.0438
"Female","Domestic Short Hair",8.7654
"Male","Domestic Long Hair",11.2981
"Male","Domestic Long Hair",11.8736
"Female","Domestic Short Hair",9.3324
"Female","Domestic Medium Hair",9.9347
"Male","Domestic Long Hair",10.7329
"Female","Domestic Long Hair",10.3156
"Male","Domestic Long Hair",10.1839
"Male","Domestic Short Hair",9.8594
"Female","Domestic Medium Hair",11.1333
"Female","Domestic Short Hair",8.9612
"Female","Domestic Long Hair",8.6881
"Male","Domestic Long Hair",11.131
"Female","Domestic Medium Hair",9.4954
"Female","Domestic Short Hair",7.8259
"Male","Domestic Long Hair",10.6754
"Female","Domestic Short Hair",7.9656
"Female","Domestic Long Hair",8.9547
"Female","Domestic Short Hair",9.6311
"Female","Domestic Short Hair",8.92
"Male","Domestic Long Hair",11.9231
"Female","Domestic Medium Hair",11.3166
"Female","Domestic Short Hair",7.6521
"Female","Domestic Short Hair",10.2445
"Female","Domestic Long Hair",11.5766
"Male","Domestic Long Hair",10.0697
"Male","Domestic Medium Hair",10.364
"Female","Domestic Medium Hair",9.7779
"Female","Domestic Long Hair",9.3217
"Female","Domestic Medium Hair",9.0069
"Male","Domestic Short Hair",8.7401
"Female","Domestic Medium Hair",9.9255
"Female","Domestic Medium Hair",8.7214
"Female","Domestic Short Hair",8.9762
"Male","Domestic Short Hair",9.2804
"Female","Domestic Long Hair",10.4471
"Female","Domestic Short Hair",8.0435
"Female","Domestic Medium Hair",10.5436
"Female","Domestic Short Hair",9.6535
"Female","Domestic Medium Hair",10.104
"Male","Domestic Short Hair",9.2844
"Male","Domestic Short Hair",8.8567
"Female","Domestic Medium Hair",11.4386
"Female","Domestic Medium Hair",8.764
"Male","Domestic Short Hair",9.3864
"Male","Domestic Long Hair",10.0782
"Female","Domestic Long Hair",9.9159
"Female","Domestic Medium Hair",10.8972
"Male","Domestic Medium Hair",9.4278
"Male","Domestic Medium Hair",10.8227
"Female","Domestic Short Hair",9.2106
"Male","Domestic Medium Hair",11.1957
"Male","Domestic Medium Hair",10.334
"Male","Domestic Long Hair",10.6998
"Male","Domestic Long Hair",11.4607
"Male","Domestic Long Hair",13.9089
"Male","Domestic Long Hair",10.0628
"Male","Domestic Medium Hair",10.0864
"Female","Domestic Medium Hair",9.0589
"Female","Domestic Medium Hair",8.6223
"Male","Domestic Long Hair",9.7207
"Female","Domestic Long Hair",8.7113
"Female","Domestic Short Hair",8.0211
"Female","Domestic Long Hair",11.4515
"Male","Domestic Short Hair",8.1588
"Female","Domestic Medium Hair",10.0233
"Female","Domestic Long Hair",11.0766
"Male","Domestic Medium Hair",9.3585
"Female","Domestic Medium Hair",10.1
"Female","Domestic Short Hair",9.5898
"Male","Domestic Long Hair",10.2891
"Male","Domestic Short Hair",8.018
"Female","Domestic Short Hair",10.1791
"Male","Domestic Short Hair",11.1105
"Male","Domestic Short Hair",9.1471
"Male","Domestic Medium Hair",11.3143
"Female","Domestic Medium Hair",9.2806
"Male","Domestic Short Hair",9.277
"Female","Domestic Short Hair",8.8332
"Female","Domestic Long Hair",10.7097
"Female","Domestic Medium Hair",10.1022
"Male","Domestic Long Hair",11.0724
"Female","Domestic Medium Hair",9.7957
"Male","Domestic Long Hair",11.1565
"Female","Domestic Medium Hair",8.6824
"Male","Domestic Short Hair",8.9227
"Male","Domestic Short Hair",9.3044
"Male","Domestic Long Hair",10.8088
"Female","Domestic Long Hair",10.6479
"Female","Domestic Short Hair",7.0472
"Male","Domestic Short Hair",8.8
"Male","Domestic Medium Hair",8.8681
"Male","Domestic Short Hair",9.4343
"Male","Domestic Long Hair",10.8735
"Male","Domestic Medium Hair",9.0069
"Male","Domestic Long Hair",10.4993
"Female","Domestic Short Hair",9.0108
"Female","Domestic Short Hair",7.5862
"Female","Domestic Long Hair",10.2858
"Female","Domestic Short Hair",9.429
"Male","Domestic Short Hair",8.8748
"Female","Domestic Medium Hair",10.0342
"Female","Domestic Short Hair",10.3617
"Female","Domestic Short Hair",8.214
"Male","Domestic Long Hair",11.0678
"Female","Domestic Medium Hair",12.6556
"Female","Domestic Short Hair",7.3044
"Male","Domestic Medium Hair",10.0762
"Male","Domestic Medium Hair",10.3838
"Male","Domestic Short Hair",7.8
"Male","Domestic Short Hair",9.8258
"Female","Domestic Long Hair",10.1472
"Female","Domestic Short Hair",8.9497
"Male","Domestic Short Hair",9.6451
"Male","Domestic Long Hair",10.2627
"Female","Domestic Short Hair",9.9879
"Female","Domestic Medium Hair",10.17
"Male","Domestic Short Hair",11.632
"Female","Domestic Long Hair",10.8207
"Female","Domestic Long Hair",9.8158
"Female","Domestic Medium Hair",9.2288
"Female","Domestic Medium Hair",8.1949
"Female","Domestic Short Hair",7.6954
"Male","Domestic Short Hair",9.6043
"Female","Domestic Short Hair",8.3686
"Female","Domestic Short Hair",8.8649
"Female","Domestic Short Hair",7.55
"Female","Domestic Short Hair",7.6805
"Male","Domestic Long Hair",11.3628
"Female","Domestic Short Hair",8.536
"Female","Domestic Long Hair",11.4298
"Female","Domestic Long Hair",11.5389
"Female","Domestic Short Hair",9.0807
"Female","Domestic Short Hair",8.1022
"Female","Domestic Medium Hair",10.2833
"Male","Domestic Medium Hair",10.3922
"Female","Domestic Long Hair",9.8831
"Male","Domestic Medium Hair",9.9239
"Female","Domestic Medium Hair",7.9061
"Female","Domestic Medium Hair",8.9332
"Female","Domestic Short Hair",9.8244
"Female","Domestic Short Hair",8.5743
"Female","Domestic Long Hair",10.2217
"Male","Domestic Short Hair",10.472
"Female","Domestic Medium Hair",9.5383
"Female","Domestic Short Hair",9.505
"Female","Domestic Medium Hair",10.6388
"Male","Domestic Long Hair",11.5345
"Female","Domestic Medium Hair",10.3791
"Female","Domestic Medium Hair",7.785
"Female","Domestic Short Hair",8.0526
"Female","Domestic Medium Hair",10.0489
"Female","Domestic Long Hair",10.2453
"Male","Domestic Long Hair",11.2936
"Male","Domestic Long Hair",9.6709
"Female","Domestic Medium Hair",9.6422
"Male","Domestic Medium Hair",10.0475
"Male","Domestic Short Hair",9.1217
"Female","Domestic Short Hair",7.2113
"Male","Domestic Medium Hair",11.2801
"Male","Domestic Short Hair",9.7598
"Male","Domestic Medium Hair",11.0867
"Male","Domestic Medium Hair",10.4405
"Female","Domestic Short Hair",8.2683
"Female","Domestic Short Hair",7.5464
"Male","Domestic Long Hair",11.6273
"Female","Domestic Medium Hair",9.0099
"Female","Domestic Short Hair",7.5806
"Female","Domestic Short Hair",10.1058
"Female","Domestic Short Hair",6.6279
"Female","Domestic Short Hair",7.804
"Male","Domestic Short Hair",8.4424
"Male","Domestic Short Hair",10.0405
"Male","Domestic Short Hair",9.1097
"Female","Domestic Short Hair",8.6728
"Female","Domestic Short Hair",9.1389
"Male","Domestic Short Hair",9.6091
"Female","Domestic Medium Hair",10.8342
"Male","Domestic Short Hair",9.3612
"Male","Domestic Long Hair",13.2314
"Female","Domestic Long Hair",10.4857
"Female","Domestic Medium Hair",8.6012
"Male","Domestic Long Hair",11.9965
"Female","Domestic Long Hair",9.4689
"Male","Domestic Short Hair",9.7832
"Female","Domestic Short Hair",7.3559
"Female","Domestic Short Hair",8.1277
"Female","Domestic Medium Hair",9.4395
"Female","Domestic Short Hair",8.819
"Female","Domestic Long Hair",9.0885
"Female","Domestic Medium Hair",9.8148
"Male","Domestic Short Hair",9.1501
"Male","Domestic Short Hair",8.4565
"Female","Domestic Long Hair",9.655
"Female","Domestic Medium Hair",9.5876
"Male","Domestic Medium Hair",10.2663
"Female","Domestic Short Hair",6.9386
"Male","Domestic Medium Hair",8.7041
"Female","Domestic Short Hair",7.2936
"Male","Domestic Long Hair",11.277
"Female","Domestic Medium Hair",9.9257
"Female","Domestic Long Hair",9.5533
"Male","Domestic Short Hair",9.9603
"Female","Domestic Short Hair",8.5488
"Male","Domestic Medium Hair",11.332
"Female","Domestic Short Hair",8.6741
"Female","Domestic Short Hair",8.8611
"Male","Domestic Long Hair",11.7675
"Female","Domestic Long Hair",8.2238
"Male","Domestic Long Hair",10.9213
"Male","Domestic Short Hair",10.8705
"Female","Domestic Short Hair",8.1552
"Female","Domestic Short Hair",9.4724
"Female","Domestic Medium Hair",9.1986
"Female","Domestic Medium Hair",9.6078
"Female","Domestic Medium Hair",9.7426
"Male","Domestic Short Hair",7.9149
"Male","Domestic Long Hair",11.3196
"Female","Domestic Long Hair",10.0091
"Female","Domestic Medium Hair",10.62
"Male","Domestic Long Hair",12.571
"Male","Domestic Long Hair",12.0662
"Male","Domestic Medium Hair",8.4097
"Male","Domestic Short Hair",8.4251
"Male","Domestic Medium Hair",10.773
"Male","Domestic Long Hair",10.6204
"Male","Domestic Short Hair",8.0144
"Female","Domestic Short Hair",7.7148
"Male","Domestic Medium Hair",10.8169
"Female","Domestic Medium Hair",10.4836
"Male","Domestic Short Hair",9.5481
"Female","Domestic Medium Hair",9.6563
"Female","Domestic Short Hair",9.141
"Female","Domestic Short Hair",8.2489
"Male","Domestic Long Hair",12.014
"Female","Domestic Medium Hair",10.9492
"Female","Domestic Medium Hair",10.5507
"Male","Domestic Medium Hair",11.537
"Female","Domestic Medium Hair",8.6804
"Female","Domestic Short Hair",7.3253
"Male","Domestic Medium Hair",10.5373
"Male","Domestic Long Hair",10.1767
"Male","Domestic Medium Hair",10.3395
"Female","Domestic Medium Hair",10.1697
"Male","Domestic Short Hair",8.5655
"Female","Domestic Medium Hair",8.4449
"Female","Domestic Medium Hair",8.8912
"Female","Domestic Short Hair",9.6971
"Male","Domestic Short Hair",7.7506
"Male","Domestic Long Hair",11.3327
"Male","Domestic Long Hair",11.0191
"Female","Domestic Long Hair",9.3365
"Female","Domestic Medium Hair",8.6666
"Male","Domestic Medium Hair",11.1175
"Male","Domestic Short Hair",9.0874
"Female","Domestic Short Hair",8.3715
"Female","Domestic Short Hair",8.2533
"Female","Domestic Long Hair",10.2167
"Male","Domestic Short Hair",7.0861
"Male","Domestic Short Hair",9.2801
"Female","Domestic Short Hair",7.5513
"Female","Domestic Short Hair",8.1152
"Female","Domestic Short Hair",9.1633
"Female","Domestic Long Hair",8.4011
"Female","Domestic Short Hair",8.1052
"Female","Domestic Long Hair",10.9138
"Female","Domestic Short Hair",8.2486
"Female","Domestic Medium Hair",8.544
"Male","Domestic Short Hair",7.6083
"Male","Domestic Long Hair",12.5181
"Male","Domestic Short Hair",9.2582
"Male","Domestic Short Hair",10.5083
"Female","Domestic Long Hair",11.6698
"Female","Domestic Long Hair",10.4038
"Female","Domestic Medium Hair",9.1465
"Female","Domestic Long Hair",10.1881
"Female","Domestic Long Hair",10.0967
"Male","Domestic Short Hair",9.4798
"Female","Domestic Long Hair",8.8868
"Female","Domestic Medium Hair",9.6589
"Female","Domestic Short Hair",8.7183
"Male","Domestic Long Hair",9.8109
"Male","Domestic Short Hair",9.5218
"Female","Domestic Long Hair",10.1082
"Male","Domestic Long Hair",11.4204
"Female","Domestic Long Hair",12.3596
"Male","Domestic Long Hair",10.758
"Male","Domestic Short Hair",9.7232
"Male","Domestic Short Hair",10.281
"Male","Domestic Short Hair",9.569
"Male","Domestic Long Hair",12.0929
"Male","Domestic Medium Hair",9.0697
"Female","Domestic Long Hair",9.9895
"Female","Domestic Long Hair",10.4076
"Male","Domestic Medium Hair",9.9093
"Male","Domestic Medium Hair",11.0722
"Male","Domestic Medium Hair",10.7112
"Female","Domestic Medium Hair",7.5001
"Male","Domestic Medium Hair",9.3061
"Male","Domestic Short Hair",8.3712
"Male","Domestic Short Hair",10.9159
"Male","Domestic Short Hair",10.8218
"Female","Domestic Long Hair",10.1222
"Female","Domestic Long Hair",9.695
"Male","Domestic Short Hair",9.0984
"Female","Domestic Medium Hair",8.7271
"Female","Domestic Medium Hair",11.0514
"Male","Domestic Short Hair",9.5381
"Female","Domestic Short Hair",9.3442
"Female","Domestic Medium Hair",9.7873
"Male","Domestic Medium Hair",10.3799
"Female","Domestic Medium Hair",11.4405
"Male","Domestic Short Hair",8.4589
"Male","Domestic Long Hair",14.4021
"Female","Domestic Long Hair",9.644
"Male","Domestic Long Hair",12.8448
"Male","Domestic Long Hair",11.611
"Female","Domestic Short Hair",8.4928
"Male","Domestic Short Hair",9.3958
"Female","Domestic Long Hair",10.7477
"Male","Domestic Short Hair",8.3883
"Female","Domestic Medium Hair",8.588
"Male","Domestic Long Hair",12.1683
"Female","Domestic Medium Hair",9.9243
"Male","Domestic Short Hair",9.8129
"Male","Domestic Medium Hair",9.6705
"Male","Domestic Medium Hair",10.4156
"Female","Domestic Short Hair",9.4414
"Female","Domestic Medium Hair",10.9445
"Female","Domestic Short Hair",8.9514
"Male","Domestic Long Hair",11.8263
"Male","Domestic Long Hair",13.8159
"Female","Domestic Short Hair",7.9424
"Female","Domestic Medium Hair",9.5243
"Female","Domestic Long Hair",11.5867
"Female","Domestic Short Hair",9.2533
"Female","Domestic Long Hair",10.8357
"Male","Domestic Long Hair",10.977
"Male","Domestic Short Hair",7.8739
"Male","Domestic Long Hair",9.3408
"Female","Domestic Long Hair",10.1008
"Male","Domestic Short Hair",8.4677
"Female","Domestic Short Hair",9.0815
"Male","Domestic Medium Hair",10.979
"Male","Domestic Short Hair",8.4781
"Female","Domestic Short Hair",9.7883
"Male","Domestic Short Hair",9.7443
"Female","Domestic Short Hair",6.8236
"Female","Domestic Long Hair",9.004
"Male","Domestic Short Hair",9.7478
"Female","Domestic Short Hair",8.997
"Female","Domestic Long Hair",9.4727
"Male","Domestic Long Hair",9.7758
"Male","Domestic Short Hair",7.8792
"Male","Domestic Short Hair",9.7082
"Female","Domestic Long Hair",9.7847
"Female","Domestic Medium Hair",8.728
"Female","Domestic Long Hair",7.4897
"Male","Domestic Long Hair",10.9284
"Female","Domestic Medium Hair",9.913
"Female","Domestic Short Hair",8.4992
"Female","Domestic Long Hair",8.6349
"Female","Domestic Medium Hair",10.0862
"Female","Domestic Short Hair",9.0504
"Male","Domestic Short Hair",8.5129
"Female","Domestic Medium Hair",10.8264
"Male","Domestic Short Hair",9.3011
"Male","Domestic Medium Hair",9.3844
"Female","Domestic Long Hair",11.9442
"Male","Domestic Short Hair",8.3772
"Female","Domestic Long Hair",10.6153
"Female","Domestic Long Hair",9.298
"Male","Domestic Long Hair",10.8429
"Male","Domestic Long Hair",12.3864
"Male","Domestic Long Hair",10.1446
"Male","Domestic Short Hair",8.2131
"Female","Domestic Short Hair",6.1166
"Female","Domestic Medium Hair",10.9396
"Female","Domestic Short Hair",8.5967
"Male","Domestic Long Hair",9.5263
"Female","Domestic Short Hair",8.4591
"Female","Domestic Short Hair",8.4693
"Male","Domestic Short Hair",7.4656
"Male","Domestic Long Hair",12.5773
"Female","Domestic Short Hair",6.7338
"Male","Domestic Medium Hair",9.8063
"Female","Domestic Medium Hair",10.4683
"Male","Domestic Short Hair",7.2582
"Female","Domestic Medium Hair",8.6352
"Male","Domestic Long Hair",10.2912
"Male","Domestic Short Hair",9.7142
"Male","Domestic Medium Hair",9.8102
"Male","Domestic Medium Hair",10.5704
"Female","Domestic Short Hair",9.4662
"Male","Domestic Long Hair",12.9465
"Female","Domestic Long Hair",10.0225
"Female","Domestic Medium Hair",11.7275
"Male","Domestic Medium Hair",9.5712
"Female","Domestic Short Hair",9.673
"Female","Domestic Medium Hair",8.1707
"Female","Domestic Long Hair",10.4065
"Male","Domestic Short Hair",11.8466
"Female","Domestic Short Hair",8.3826
"Female","Domestic Short Hair",9.455
"Female","Domestic Medium Hair",8.8024
"Male","Domestic Short Hair",8.7656
"Male","Domestic Medium Hair",10.2435
"Female","Domestic Short Hair",7.9453
"Female","Domestic Medium Hair",10.7538
"Female","Domestic Medium Hair",8.228
"Male","Domestic Medium Hair",12.8566
"Male","Domestic Long Hair",12.0612
"Male","Domestic Short Hair",7.7618
"Female","Domestic Short Hair",9.1199
"Male","Domestic Long Hair",8.9106
"Male","Domestic Long Hair",13.2798
"Female","Domestic Long Hair",12.6172
"Female","Domestic Medium Hair",10.3912
"Male","Domestic Long Hair",11.4302
"Male","Domestic Medium Hair",10.4602
"Female","Domestic Short Hair",9.0481
"Female","Domestic Medium Hair",9.363
"Male","Domestic Short Hair",8.331
"Female","Domestic Medium Hair",9.1414
"Male","Domestic Medium Hair",11.1449
"Female","Domestic Short Hair",7.2928
"Female","Domestic Long Hair",8.0733
"Female","Domestic Long Hair",11.031
"Male","Domestic Long Hair",11.3993
"Male","Domestic Long Hair",9.8326
"Male","Domestic Short Hair",9.5752
"Male","Domestic Long Hair",9.4394
"Female","Domestic Long Hair",10.5921
"Male","Domestic Short Hair",9.2116
"Male","Domestic Short Hair",10.2041
"Female","Domestic Medium Hair",10.7459
"Male","Domestic Short Hair",7.9184
"Male","Domestic Medium Hair",11.5982
"Male","Domestic Medium Hair",10.6271
"Male","Domestic Medium Hair",8.9837
"Male","Domestic Long Hair",10.8936
"Male","Domestic Short Hair",10.2172
"Male","Domestic Medium Hair",10.6134
"Female","Domestic Short Hair",10.4558
"Female","Domestic Medium Hair",12.7338
"Male","Domestic Medium Hair",11.3187
"Female","Domestic Medium Hair",9.7337
"Female","Domestic Short Hair",7.5791
"Female","Domestic Medium Hair",9.7352
"Male","Domestic Medium Hair",8.7249
"Female","Domestic Medium Hair",9.8436
"Female","Domestic Long Hair",9.6894
"Male","Domestic Long Hair",12.3509
"Male","Domestic Short Hair",11.0903
"Female","Domestic Medium Hair",10.9507
"Female","Domestic Medium Hair",8.8516
"Male","Domestic Long Hair",11.1339
"Male","Domestic Medium Hair",9.6174
"Male","Domestic Short Hair",8.608
"Male","Domestic Short Hair",9.5023
"Female","Domestic Short Hair",7.3226
"Male","Domestic Medium Hair",12.5398
"Female","Domestic Long Hair",10.4338
"Male","Domestic Long Hair",13.3544
"Male","Domestic Long Hair",10.7205
"Male","Domestic Short Hair",9.2696
"Female","Domestic Medium Hair",9.6338
"Male","Domestic Long Hair",10.4026
"Male","Domestic Short Hair",9.3703
"Male","Domestic Long Hair",11.3137
"Female","Domestic Medium Hair",11.6465
"Female","Domestic Medium Hair",9.7002
"Male","Domestic Long Hair",11.5223
"Female","Domestic Short Hair",9.5176
"Female","Domestic Short Hair",9.343
"Female","Domestic Long Hair",8.4065
"Male","Domestic Long Hair",11.2642
"Female","Domestic Long Hair",9.8903
"Male","Domestic Long Hair",12.2052
"Male","Domestic Long Hair",11.4831
"Male","Domestic Long Hair",9.4731
"Female","Domestic Long Hair",12.0246
"Female","Domestic Long Hair",11.1557
"Male","Domestic Medium Hair",10.8637
"Female","Domestic Medium Hair",9.3609
"Male","Domestic Long Hair",10.5389
"Male","Domestic Short Hair",8.6058
"Female","Domestic Medium Hair",11.9562
"Female","Domestic Short Hair",9.3143
"Male","Domestic Short Hair",9.6377
"Female","Domestic Medium Hair",9.9061
"Male","Domestic Medium Hair",10.2391
"Male","Domestic Medium Hair",11.2091
"Male","Domestic Short Hair",8.5758
"Female","Domestic Long Hair",10.2265
"Male","Domestic Short Hair",8.4003
"Female","Domestic Short Hair",9.7392
"Male","Domestic Medium Hair",10.8192
"Female","Domestic Long Hair",9.8818
"Male","Domestic Short Hair",6.8725
"Female","Domestic Medium Hair",9.6345
"Female","Domestic Short Hair",6.668
"Female","Domestic Medium Hair",9.4243
"Female","Domestic Short Hair",8.6818
"Female","Domestic Short Hair",10.3524
"Female","Domestic Short Hair",9.8378
"Female","Domestic Medium Hair",10.1312
"Female","Domestic Short Hair",9.634
"Male","Domestic Short Hair",9.9345
"Female","Domestic Short Hair",8.5435
"Female","Domestic Short Hair",7.2971
"Male","Domestic Short Hair",7.4426
"Male","Domestic Long Hair",11.3638
"Female","Domestic Short Hair",9.0781
"Female","Domestic Long Hair",10.4997
"Male","Domestic Short Hair",8.2369
"Male","Domestic Medium Hair",9.5374
"Female","Domestic Long Hair",10.0974
"Male","Domestic Medium Hair",9.744
"Male","Domestic Long Hair",11.8429
"Male","Domestic Short Hair",8.379
"Male","Domestic Medium Hair",8.5156
"Female","Domestic Short Hair",8.2135
"Female","Domestic Short Hair",7.9017
"Male","Domestic Long Hair",10.9445
"Female","Domestic Short Hair",7.7585
"Male","Domestic Long Hair",10.7337
"Female","Domestic Medium Hair",9.0981
"Female","Domestic Medium Hair",9.9222
"Female","Domestic Short Hair",8.707
"Female","Domestic Short Hair",6.1577
"Male","Domestic Long Hair",10.6558
"Male","Domestic Short Hair",9.4165
"Female","Domestic Short Hair",9.1992
"Female","Domestic Long Hair",9.7834
"Male","Domestic Short Hair",8.9637
"Male","Domestic Long Hair",10.5587
"Female","Domestic Long Hair",9.3049
"Male","Domestic Long Hair",11.9082
"Male","Domestic Short Hair",10.8985
"Male","Domestic Medium Hair",9.7542
"Male","Domestic Short Hair",8.0991
"Male","Domestic Long Hair",11.9195
"Male","Domestic Long Hair",11.674
"Female","Domestic Short Hair",8.9021
"Male","Domestic Short Hair",10.1214
"Female","Domestic Medium Hair",9.3582
"Male","Domestic Short Hair",9.6273
"Male","Domestic Medium Hair",9.941
"Female","Domestic Long Hair",9.1751
"Male","Domestic Short Hair",10.3098
"Male","Domestic Short Hair",8.9001
"Male","Domestic Medium Hair",10.0682
"Male","Domestic Long Hair",11.959
"Female","Domestic Long Hair",10.3241
"Female","Domestic Medium Hair",11.7592
"Male","Domestic Long Hair",10.8373
"Male","Domestic Short Hair",7.7677
"Female","Domestic Short Hair",10.5217
"Male","Domestic Long Hair",9.0054
"Female","Domestic Medium Hair",8.7333
"Male","Domestic Short Hair",10.4255
"Female","Domestic Short Hair",9.811
"Male","Domestic Short Hair",11.0372
"Male","Domestic Long Hair",10.4391
"Male","Domestic Short Hair",7.6573
"Male","Domestic Long Hair",11.7889
"Male","Domestic Long Hair",10.355
"Male","Domestic Short Hair",9.0031
"Male","Domestic Long Hair",13.1824
"Female","Domestic Medium Hair",9.6908
"Male","Domestic Medium Hair",11.1879
"Male","Domestic Long Hair",10.044
"Male","Domestic Long Hair",12.6068
"Female","Domestic Short Hair",8.4013
"Male","Domestic Medium Hair",10.6937
"Female","Domestic Medium Hair",9.4222
"Female","Domestic Medium Hair",8.9509
"Male","Domestic Medium Hair",12.3015
"Female","Domestic Medium Hair",11.2257
"Female","Domestic Long Hair",10.1268
"Male","Domestic Short Hair",8.0356
"Male","Domestic Short Hair",10.4929
"Male","Domestic Medium Hair",9.8825
"Female","Domestic Long Hair",10.1919
"Male","Domestic Medium Hair",9.6728
"Female","Domestic Short Hair",8.5682
"Female","Domestic Long Hair",8.4115
"Male","Domestic Medium Hair",9.4595
"Female","Domestic Short Hair",7.9956
"Male","Domestic Medium Hair",11.7023
"Male","Domestic Long Hair",10.6563
"Female","Domestic Short Hair",8.3225
"Male","Domestic Long Hair",10.4266
"Female","Domestic Medium Hair",10.2846
"Male","Domestic Short Hair",9.1043
"Male","Domestic Short Hair",8.4258
"Male","Domestic Medium Hair",11.2282
"Male","Domestic Medium Hair",9.6005
"Female","Domestic Long Hair",8.5296
"Female","Domestic Short Hair",7.9639
"Female","Domestic Short Hair",8.1747
"Female","Domestic Short Hair",7.3234
"Female","Domestic Long Hair",10.6509
"Male","Domestic Short Hair",11.3118
"Female","Domestic Long Hair",10.6131
"Male","Domestic Short Hair",8.7086
"Male","Domestic Long Hair",10.4162
"Male","Domestic Medium Hair",8.1312
"Male","Domestic Medium Hair",9.1189
"Male","Domestic Medium Hair",10.8706
"Male","Domestic Short Hair",7.9042
"Female","Domestic Medium Hair",9.4624
"Male","Domestic Long Hair",12.8682
"Male","Domestic Long Hair",9.6277
"Male","Domestic Long Hair",11.55
"Male","Domestic Long Hair",10.8394
"Male","Domestic Short Hair",9.7864
"Male","Domestic Medium Hair",9.7052
"Female","Domestic Medium Hair",10.0709
"Female","Domestic Medium Hair",10.5755
"Female","Domestic Short Hair",9.1968
"Female","Domestic Medium Hair",8.9266
"Female","Domestic Short Hair",7.6994
"Female","Domestic Short Hair",8.1691
"Female","Domestic Medium Hair",9.5385
"Female","Domestic Medium Hair",8.6501
"Female","Domestic Long Hair",10.4036
"Male","Domestic Medium Hair",9.4049
"Female","Domestic Short Hair",8.7343
"Male","Domestic Long Hair",11.9898
"Female","Domestic Short Hair",7.2981
"Male","Domestic Short Hair",10.6682
"Male","Domestic Long Hair",10.6823
"Male","Domestic Medium Hair",10.3449
"Female","Domestic Long Hair",9.7518
"Female","Domestic Long Hair",10.3325
"Male","Domestic Short Hair",11.1595
"Female","Domestic Medium Hair",8.6152
"Female","Domestic Long Hair",9.289
"Female","Domestic Short Hair",8.345
"Male","Domestic Long Hair",12.1903
"Female","Domestic Medium Hair",9.4276
"Male","Domestic Short Hair",8.9582
"Male","Domestic Short Hair",8.1249
"Male","Domestic Long Hair",11.7566
"Female","Domestic Long Hair",11.345
"Male","Domestic Short Hair",9.3692
"Male","Domestic Long Hair",11.1774
"Male","Domestic Long Hair",10.3215
"Female","Domestic Long Hair",12.6679
"Female","Domestic Short Hair",7.8649
"Female","Domestic Medium Hair",8.3411
"Male","Domestic Medium Hair",10.7744
"Female","Domestic Short Hair",9.7439
"Male","Domestic Short Hair",7.2628
"Male","Domestic Short Hair",7.4197
"Male","Domestic Short Hair",8.4143
"Female","Domestic Long Hair",10.0146
"Female","Domestic Long Hair",10.3548
"Male","Domestic Long Hair",13.1175
"Female","Domestic Medium Hair",9.3592
"Male","Domestic Long Hair",11.949
"Male","Domestic Long Hair",12.2847
"Female","Domestic Medium Hair",10.7692
"Male","Domestic Long Hair",10.26
"Male","Domestic Long Hair",9.6617
"Female","Domestic Long Hair",9.2039
"Male","Domestic Medium Hair",10.2559
"Female","Domestic Short Hair",9.4506
"Female","Domestic Long Hair",11.0888
"Male","Domestic Short Hair",7.9982
"Male","Domestic Medium Hair",10.3484
"Female","Domestic Short Hair",10.3318
"Female","Domestic Long Hair",11.3708
"Female","Domestic Long Hair",9.4955
"Female","Domestic Short Hair",8.915
"Female","Domestic Medium Hair",8.7089
"Female","Domestic Medium Hair",8.8427
"Male","Domestic Short Hair",8.3415
"Male","Domestic Medium Hair",9.4565
"Female","Domestic Long Hair",8.7125
"Male","Domestic Long Hair",10.2319
"Male","Domestic Long Hair",10.4701
"Male","Domestic Long Hair",10.9902
"Female","Domestic Long Hair",10.5907
"Male","Domestic Medium Hair",9.6074
"Male","Domestic Short Hair",9.3071
"Female","Domestic Long Hair",11.6331
"Female","Domestic Long Hair",10.0113
"Female","Domestic Long Hair",9.1308
"Female","Domestic Short Hair",7.6863
"Female","Domestic Medium Hair",8.6383
"Male","Domestic Long Hair",11.4239
"Male","Domestic Long Hair",12.6351
"Female","Domestic Short Hair",7.8534
"Male","Domestic Short Hair",8.0752
"Male","Domestic Medium Hair",10.375
"Male","Domestic Short Hair",8.8328
"Female","Domestic Short Hair",8.7534
"Male","Domestic Short Hair",8.6816
"Male","Domestic Short Hair",9.4092
"Female","Domestic Long Hair",10.4787
"Female","Domestic Short Hair",8.8905
"Male","Domestic Medium Hair",9.7545
"Female","Domestic Long Hair",9.8672
"Male","Domestic Short Hair",9.1899
"Female","Domestic Medium Hair",9.4679
"Male","Domestic Long Hair",10.4639
"Female","Domestic Long Hair",9.0534
"Female","Domestic Short Hair",6.8921
"Male","Domestic Long Hair",12.2811
"Male","Domestic Short Hair",9.0759
"Male","Domestic Short Hair",8.7626
"Male","Domestic Long Hair",11.8265
"Male","Domestic Short Hair",6.7393
"Female","Domestic Medium Hair",10.3005
"Female","Domestic Long Hair",10.1046
"Female","Domestic Long Hair",9.2603
"Male","Domestic Medium Hair",10.7476
"Male","Domestic Short Hair",9.1282
"Female","Domestic Short Hair",6.9447
"Female","Domestic Short Hair",8.716
"Male","Domestic Medium Hair",10.9759
"Male","Domestic Short Hair",9.7995
"Female","Domestic Short Hair",7.5303
"Female","Domestic Short Hair",7.8543
"Female","Domestic Short Hair",10.2725
"Female","Domestic Long Hair",10.0073
"Female","Domestic Medium Hair",9.512
"Female","Domestic Long Hair",10.1586
"Female","Domestic Short Hair",7.3341
"Male","Domestic Long Hair",10.3738
"Male","Domestic Long Hair",10.5203
"Female","Domestic Medium Hair",9.4558
"Female","Domestic Long Hair",8.8502
"Male","Domestic Long Hair",10.6398
"Female","Domestic Medium Hair",8.3053
"Female","Domestic Long Hair",9.2891
"Male","Domestic Medium Hair",11.0159
"Female","Domestic Medium Hair",9.2913
"Female","Domestic Long Hair",10.2909
"Male","Domestic Long Hair",10.4397
"Female","Domestic Long Hair",9.35
"Male","Domestic Short Hair",7.8812
"Female","Domestic Long Hair",9.0156
"Female","Domestic Medium Hair",9.7728
"Female","Domestic Medium Hair",7.9834
"Female","Domestic Short Hair",9.8528
"Male","Domestic Short Hair",9.8656
"Male","Domestic Long Hair",10.0395
"Female","Domestic Short Hair",8.3386
"Female","Domestic Medium Hair",10.9602
"Female","Domestic Long Hair",10.0525
"Male","Domestic Short Hair",9.5497
"Female","Domestic Long Hair",10.31
"Male","Domestic Short Hair",9.9186
"Female","Domestic Medium Hair",9.3046
"Male","Domestic Medium Hair",9.9668
"Female","Domestic Medium Hair",9.1395
"Female","Domestic Long Hair",10.9468
"Female","Domestic Short Hair",9.6472
"Female","Domestic Short Hair",8.5116
"Male","Domestic Short Hair",9.7202
"Female","Domestic Short Hair",7.7322
"Male","Domestic Medium Hair",8.2647
"Female","Domestic Medium Hair",7.8649
"Male","Domestic Medium Hair",8.6152
"Male","Domestic Short Hair",6.7901
"Female","Domestic Short Hair",8.9026
"Female","Domestic Medium Hair",9.7536
"Female","Domestic Medium Hair",9.832
"Male","Domestic Medium Hair",9.7673
"Male","Domestic Medium Hair",10.6209
"Male","Domestic Short Hair",9.7474
"Male","Domestic Long Hair",10.3183
"Female","Domestic Long Hair",10.0242
"Female","Domestic Long Hair",11.1614
"Female","Domestic Short Hair",6.9072
"Male","Domestic Long Hair",14.1168
"Female","Domestic Long Hair",10.4161
"Female","Domestic Long Hair",9.2047
"Female","Domestic Medium Hair",10.9204
"Female","Domestic Short Hair",7.8328
"Female","Domestic Medium Hair",9.3542
"Male","Domestic Medium Hair",10.9861
"Female","Domestic Medium Hair",9.1738
"Female","Domestic Long Hair",8.9583
"Female","Domestic Medium Hair",10.5142
"Male","Domestic Long Hair",11.0268
"Male","Domestic Short Hair",10.2421
"Female","Domestic Long Hair",10.3282
"Female","Domestic Short Hair",7.6006
"Male","Domestic Short Hair",10.1802
"Male","Domestic Short Hair",7.3834
"Male","Domestic Long Hair",10.0788
"Female","Domestic Medium Hair",9.0641
"Male","Domestic Medium Hair",9.0759
"Male","Domestic Short Hair",8.4646
"Male","Domestic Short Hair",9.159
"Female","Domestic Medium Hair",7.8417
"Female","Domestic Short Hair",9.6191
"Male","Domestic Long Hair",12.7989
"Male","Domestic Short Hair",7.1082
"Male","Domestic Medium Hair",10.2896
"Male","Domestic Long Hair",13.052
"Male","Domestic Short Hair",6.5426
"Female","Domestic Long Hair",10.2203
"Female","Domestic Long Hair",10.6408
"Male","Domestic Medium Hair",9.0167
"Female","Domestic Medium Hair",10.1569
"Male","Domestic Long Hair",9.1317
"Male","Domestic Long Hair",11.4291
"Female","Domestic Long Hair",9.9723
"Female","Domestic Long Hair",9.0347
"Female","Domestic Short Hair",8.991
"Female","Domestic Long Hair",8.8272
"Female","Domestic Short Hair",6.8595
"Female","Domestic Medium Hair",9.9812
"Female","Domestic Medium Hair",9.8199
"Male","Domestic Short Hair",9.2546
"Male","Domestic Medium Hair",7.1077
"Male","Domestic Long Hair",10.3046
"Male","Domestic Long Hair",12.0819
"Male","Domestic Medium Hair",9.9787
"Female","Domestic Short Hair",10.0512
"Female","Domestic Long Hair",10.2392
"Male","Domestic Short Hair",9.3467
"Male","Domestic Medium Hair",8.9818
"Male","Domestic Short Hair",7.3307
"Female","Domestic Long Hair",8.5325
"Female","Domestic Long Hair",11.1859
"Female","Domestic Short Hair",8.3682
"Female","Domestic Short Hair",8.6884
"Female","Domestic Short Hair",8.9004
"Female","Domestic Medium Hair",9.2585
"Female","Domestic Medium Hair",9.9132
"Female","Domestic Long Hair",9.8896
"Male","Domestic Short Hair",10.4915
"Female","Domestic Long Hair",10.5745
"Female","Domestic Long Hair",9.4982
"Male","Domestic Medium Hair",9.8023
"Female","Domestic Long Hair",10.0652
"Female","Domestic Medium Hair",8.2041
"Female","Domestic Medium Hair",10.3882
"Female","Domestic Medium Hair",8.9331
"Female","Domestic Long Hair",10.2196
"Female","Domestic Medium Hair",8.6918
"Female","Domestic Medium Hair",9.3295
"Female","Domestic Medium Hair",9.5171
"Female","Domestic Short Hair",10.2024
"Male","Domestic Long Hair",10.028
"Male","Domestic Medium Hair",10.1499
"Male","Domestic Medium Hair",10.1829
"Female","Domestic Short Hair",6.9179
"Female","Domestic Medium Hair",9.3167
"Male","Domestic Short Hair",8.3405
"Male","Domestic Long Hair",10.5428
"Female","Domestic Long Hair",11.1184
"Male","Domestic Long Hair",10.6677
"Female","Domestic Short Hair",8.8678
"Female","Domestic Short Hair",8.0525
"Female","Domestic Medium Hair",12.1163
"Male","Domestic Short Hair",9.684
"Female","Domestic Short Hair",7.4664
"Male","Domestic Short Hair",7.7036
"Male","Domestic Medium Hair",10.9151
"Female","Domestic Long Hair",9.4487
"Male","Domestic Long Hair",12.5455
"Female","Domestic Long Hair",10.4083
"Male","Domestic Short Hair",8.6181
"Female","Domestic Medium Hair",9.271
"Female","Domestic Short Hair",7.0277
"Female","Domestic Short Hair",7.9973
"Female","Domestic Medium Hair",11.08
"Female","Domestic Medium Hair",9.3712
"Male","Domestic Short Hair",10.3168
"Female","Domestic Long Hair",10.2035
"Female","Domestic Long Hair",9.5887
"Male","Domestic Medium Hair",9.6445
"Female","Domestic Short Hair",7.6673
"Female","Domestic Short Hair",8.481
"Male","Domestic Medium Hair",10.2391
"Male","Domestic Long Hair",9.6092
"Male","Domestic Long Hair",11.4237
"Male","Domestic Long Hair",11.4997
"Male","Domestic Medium Hair",12.2626
"Female","Domestic Long Hair",9.6614
"Male","Domestic Long Hair",12.1312
"Female","Domestic Short Hair",7.8558
"Female","Domestic Long Hair",8.3199
"Female","Domestic Long Hair",10.7711
"Male","Domestic Short Hair",9.0875
"Male","Domestic Medium Hair",11.0458
"Male","Domestic Long Hair",10.7301
"Male","Domestic Long Hair",9.9206
"Male","Domestic Short Hair",9.7813
"Female","Domestic Medium Hair",9.1417
"Male","Domestic Short Hair",8.1991
"Female","Domestic Short Hair",8.7018
"Male","Domestic Short Hair",8.865
"Female","Domestic Long Hair",10.1864
"Female","Domestic Short Hair",7.8435
"Female","Domestic Short Hair",9.8645
"Female","Domestic Short Hair",7.9899
"Male","Domestic Long Hair",11.625
"Female","Domestic Long Hair",10.4319
"Male","Domestic Medium Hair",10.1894
"Male","Domestic Medium Hair",7.8309
"Female","Domestic Medium Hair",7.2695
"Male","Domestic Short Hair",9.3644
"Female","Domestic Long Hair",9.1557
"Female","Domestic Short Hair",8.1659
"Male","Domestic Long Hair",10.5716
"Female","Domestic Medium Hair",9.8499
"Male","Domestic Long Hair",8.2782
"Female","Domestic Long Hair",9.6094
"Male","Domestic Long Hair",10.9432
"Female","Domestic Short Hair",8.7574
"Female","Domestic Medium Hair",11.3816
"Female","Domestic Long Hair",9.0775
"Female","Domestic Medium Hair",9.3261
"Female","Domestic Medium Hair",9.2664
"Male","Domestic Medium Hair",11.1891
"Female","Domestic Short Hair",9.6413
"Male","Domestic Short Hair",7.8191
"Female","Domestic Short Hair",9.4274
"Male","Domestic Short Hair",8.0007
"Male","Domestic Long Hair",11.2924
"Female","Domestic Long Hair",10.0875
"Male","Domestic Short Hair",7.9958
"Female","Domestic Medium Hair",8.793
"Male","Domestic Long Hair",11.3417
"Male","Domestic Short Hair",8.6916
"Male","Domestic Long Hair",11.4865
"Female","Domestic Short Hair",8.4587
"Male","Domestic Short Hair",8.5832
"Male","Domestic Long Hair",10.29
"Female","Domestic Short Hair",6.8643
"Male","Domestic Long Hair",10.1192
"Female","Domestic Short Hair",10.2181
"Male","Domestic Short Hair",9.0707
"Female","Domestic Medium Hair",8.6287
"Male","Domestic Medium Hair",9.0869
"Male","Domestic Long Hair",11.366
"Female","Domestic Long Hair",10.9879
"Female","Domestic Short Hair",8.3357
"Male","Domestic Short Hair",9.9315
"Female","Domestic Short Hair",8.8417
"Female","Domestic Short Hair",7.5399
"Male","Domestic Short Hair",9.847
"Female","Domestic Long Hair",10.7944
"Female","Domestic Medium Hair",9.2521
"Female","Domestic Short Hair",8.9361
"Male","Domestic Long Hair",12.8125
"Male","Domestic Medium Hair",9.6512
"Female","Domestic Short Hair",8.6499
"Female","Domestic Short Hair",8.7184
"Female","Domestic Medium Hair",8.0659
"Female","Domestic Medium Hair",9.74
"Female","Domestic Short Hair",7.9763
"Female","Domestic Long Hair",9.7099
"Female","Domestic Short Hair",8.8227
"Male","Domestic Medium Hair",9.7232
"Female","Domestic Medium Hair",9.8627
"Male","Domestic Medium Hair",12.1238
"Female","Domestic Short Hair",7.6367
"Male","Domestic Long Hair",11.6278
"Male","Domestic Short Hair",10.7983
"Female","Domestic Long Hair",10.6184
"Female","Domestic Long Hair",10.6731
"Male","Domestic Medium Hair",10.24
"Female","Domestic Short Hair",9.0271
"Male","Domestic Long Hair",10.6673
"Male","Domestic Medium Hair",8.9875
"Male","Domestic Medium Hair",11.7028
"Male","Domestic Short Hair",8.4617
"Male","Domestic Short Hair",8.2036
"Female","Domestic Long Hair",9.3328
"Female","Domestic Short Hair",7.5543
"Female","Domestic Medium Hair",8.4325
"Male","Domestic Medium Hair",9.2236
"Female","Domestic Short Hair",8.4472
"Female","Domestic Short Hair",8.9519
"Male","Domestic Medium Hair",9.9682
"Female","Domestic Long Hair",8.9281
"Female","Domestic Short Hair",9.5969
"Female","Domestic Long Hair",8.8087
"Male","Domestic Short Hair",8.8784
"Female","Domestic Short Hair",8.9229
"Female","Domestic Long Hair",9.3249
"Male","Domestic Short Hair",11.0677
"Male","Domestic Medium Hair",11.5427
"Female","Domestic Medium Hair",11.0427
"Female","Domestic Long Hair",9.8614
"Male","Domestic Long Hair",11.5405
"Female","Domestic Medium Hair",10.8946
"Female","Domestic Long Hair",10.6281
"Male","Domestic Short Hair",8.9071
"Male","Domestic Medium Hair",9.4488
"Male","Domestic Long Hair",11.5967
"Male","Domestic Short Hair",8.834
"Female","Domestic Short Hair",7.6431
"Female","Domestic Short Hair",9.6668
"Female","Domestic Long Hair",10.6961
"Female","Domestic Long Hair",11.0132
"Female","Domestic Short Hair",9.113
"Female","Domestic Medium Hair",10.0164
"Male","Domestic Medium Hair",10.6593
"Female","Domestic Short Hair",10.0631
"Male","Domestic Medium Hair",10.2144
"Male","Domestic Long Hair",10.256
"Female","Domestic Medium Hair",9.0169
"Male","Domestic Short Hair",9.2663
"Male","Domestic Long Hair",11.1534
"Female","Domestic Medium Hair",9.2344
"Male","Domestic Short Hair",8.1266
"Female","Domestic Medium Hair",9.0254
"Female","Domestic Short Hair",7.5535
"Male","Domestic Short Hair",9.5815
"Male","Domestic Long Hair",10.0032
"Female","Domestic Long Hair",10.203
"Female","Domestic Long Hair",9.8208
"Male","Domestic Short Hair",9.5106
"Male","Domestic Short Hair",7.2564
"Male","Domestic Medium Hair",10.7956
"Female","Domestic Short Hair",9.5504
"Male","Domestic Long Hair",10.8695
"Female","Domestic Long Hair",9.6792
"Male","Domestic Short Hair",9.669
"Female","Domestic Short Hair",7.79
"Female","Domestic Medium Hair",9.6627
"Female","Domestic Long Hair",9.5447
"Male","Domestic Short Hair",8.9572
"Male","Domestic Long Hair",12.7001
"Female","Domestic Long Hair",10.4846
"Male","Domestic Long Hair",11.1093
"Female","Domestic Long Hair",9.468
"Female","Domestic Short Hair",7.7214
"Male","Domestic Long Hair",12.155
"Female","Domestic Short Hair",8.6373
"Female","Domestic Medium Hair",9.8373
"Female","Domestic Long Hair",11.2617
"Male","Domestic Long Hair",10.8916
"Female","Domestic Medium Hair",8.6833
"Male","Domestic Long Hair",11.4523
"Male","Domestic Medium Hair",10.6797
"Female","Domestic Medium Hair",8.3645
"Male","Domestic Medium Hair",11.8457
"Female","Domestic Medium Hair",8.4947
"Female","Domestic Long Hair",9.7063
"Male","Domestic Short Hair",9.8579
"Male","Domestic Medium Hair",11.7927
"Female","Domestic Medium Hair",10.7252
"Female","Domestic Medium Hair",9.061
"Female","Domestic Medium Hair",10.0993
"Male","Domestic Long Hair",10.7139
"Female","Domestic Long Hair",12.3506
"Female","Domestic Short Hair",6.864
"Male","Domestic Short Hair",9.807
"Female","Domestic Medium Hair",11.1571
"Male","Domestic Short Hair",8.4925
"Male","Domestic Medium Hair",10.5868
"Female","Domestic Short Hair",7.6686
"Male","Domestic Long Hair",12.8017
"Male","Domestic Long Hair",11.8238
"Male","Domestic Medium Hair",12.1638
"Male","Domestic Medium Hair",11.9319
"Male","Domestic Long Hair",10.7821
"Female","Domestic Short Hair",9.9098
"Female","Domestic Short Hair",8.2282
"Male","Domestic Short Hair",7.8957
"Male","Domestic Long Hair",11.8553
"Female","Domestic Short Hair",8.0668
"Male","Domestic Short Hair",8.5476
"Female","Domestic Long Hair",10.4285
"Male","Domestic Long Hair",11.686
"Female","Domestic Long Hair",10.3686
"Female","Domestic Short Hair",10.1938
"Male","Domestic Long Hair",10.1062
"Female","Domestic Medium Hair",9.817
"Female","Domestic Long Hair",9.966
"Female","Domestic Medium Hair",10.0096
"Female","Domestic Long Hair",10.2678
"Female","Domestic Long Hair",11.8394
"Female","Domestic Long Hair",11.8097
"Male","Domestic Long Hair",10.9533
"Male","Domestic Short Hair",8.894
"Female","Domestic Medium Hair",8.3819
"Female","Domestic Short Hair",7.5141
"Male","Domestic Long Hair",11.6077
"Male","Domestic Short Hair",8.4046
"Female","Domestic Medium Hair",9.4635
"Female","Domestic Long Hair",8.8121
"Female","Domestic Medium Hair",8.1259
"Male","Domestic Long Hair",12.4857
"Female","Domestic Medium Hair",9.966
"Female","Domestic Medium Hair",9.8118
"Female","Domestic Short Hair",6.8455
"Female","Domestic Long Hair",12.4164
"Male","Domestic Short Hair",9.0848
"Male","Domestic Long Hair",10.568
"Male","Domestic Long Hair",10.6941
"Female","Domestic Medium Hair",6.9929
"Male","Domestic Short Hair",8.8245
"Female","Domestic Short Hair",8.1921
"Male","Domestic Short Hair",9.0359
"Female","Domestic Medium Hair",9.5733
"Male","Domestic Medium Hair",10.2219
"Female","Domestic Short Hair",9.0431
"Female","Domestic Long Hair",11.3095
"Male","Domestic Short Hair",9.3983
"Female","Domestic Short Hair",9.294
"Female","Domestic Medium Hair",10.1879
"Female","Domestic Medium Hair",11.5665
"Female","Domestic Medium Hair",9.5205
"Female","Domestic Short Hair",7.6792
"Male","Domestic Short Hair",10.5114
"Male","Domestic Short Hair",9.6821
"Female","Domestic Medium Hair",9.7797
"Female","Domestic Long Hair",8.6808
"Male","Domestic Medium Hair",11.3412
"Female","Domestic Long Hair",9.1791
"Male","Domestic Long Hair",9.068
"Male","Domestic Medium Hair",9.5564
"Male","Domestic Short Hair",9.3768
"Female","Domestic Short Hair",7.9924
"Female","Domestic Medium Hair",8.3707
"Male","Domestic Short Hair",9.3301
"Male","Domestic Short Hair",10.2443
"Female","Domestic Short Hair",7.6739
"Female","Domestic Medium Hair",9.7763
"Female","Domestic Long Hair",10.2066
"Female","Domestic Medium Hair",10.3437
"Male","Domestic Short Hair",10.2148
"Female","Domestic Medium Hair",10.2876
"Male","Domestic Medium Hair",10.7115
"Male","Domestic Medium Hair",10.4448
"Male","Domestic Long Hair",10.7099
"Male","Domestic Long Hair",10.8698
"Female","Domestic Medium Hair",7.7241
"Male","Domestic Medium Hair",11.1191
"Female","Domestic Short Hair",7.0645
"Female","Domestic Short Hair",7.1415
"Male","Domestic Short Hair",12.4042
"Male","Domestic Medium Hair",8.772
"Female","Domestic Short Hair",8.5004
"Female","Domestic Medium Hair",11.1532
"Male","Domestic Short Hair",9.6682
"Female","Domestic Short Hair",7.7935
"Male","Domestic Short Hair",8.7621
"Female","Domestic Short Hair",9.5582
"Male","Domestic Short Hair",8.7551
"Female","Domestic Long Hair",9.1857
"Female","Domestic Short Hair",8.1499
"Male","Domestic Short Hair",7.814
"Female","Domestic Medium Hair",9.2302
"Male","Domestic Long Hair",11.309
"Male","Domestic Short Hair",9.2006
"Male","Domestic Long Hair",11.4381
"Male","Domestic Short Hair",8.0178
"Female","Domestic Long Hair",8.3205
"Male","Domestic Medium Hair",10.8889
"Female","Domestic Short Hair",8.1383
"Male","Domestic Long Hair",12.1931
"Female","Domestic Medium Hair",7.4543
"Female","Domestic Short Hair",7.6699
"Female","Domestic Short Hair",9.8601
"Female","Domestic Long Hair",8.9197
"Female","Domestic Medium Hair",10.3039
"Male","Domestic Long Hair",11.5152
"Female","Domestic Medium Hair",10.9948
"Female","Domestic Medium Hair",7.6853
"Male","Domestic Long Hair",11.3928
"Female","Domestic Medium Hair",10.6912
"Male","Domestic Short Hair",9.8783
"Female","Domestic Short Hair",7.0797
"Female","Domestic Short Hair",6.9461
"Female","Domestic Medium Hair",9.6732
"Male","Domestic Long Hair",10.5065
"Male","Domestic Long Hair",10.6045
"Female","Domestic Long Hair",9.4902
"Male","Domestic Medium Hair",10.0821
"Male","Domestic Medium Hair",9.5212
"Male","Domestic Short Hair",8.6693
"Male","Domestic Medium Hair",11.24
"Male","Domestic Long Hair",12.2426
"Female","Domestic Short Hair",7.974
"Female","Domestic Short Hair",10.4303
"Male","Domestic Long Hair",11.5477
"Male","Domestic Medium Hair",9.7965
"Female","Domestic Short Hair",9.4543
"Female","Domestic Long Hair",9.3156
"Male","Domestic Short Hair",9.0122
"Male","Domestic Medium Hair",12.0351
"Female","Domestic Long Hair",10.5662
"Female","Domestic Medium Hair",10.1621
"Female","Domestic Long Hair",10.9806
"Female","Domestic Short Hair",7.4949
"Male","Domestic Long Hair",10.7327
"Female","Domestic Long Hair",10.2609
"Female","Domestic Long Hair",9.9374
"Female","Domestic Long Hair",9.507
"Female","Domestic Long Hair",11.4596
"Male","Domestic Long Hair",11.8624
"Male","Domestic Short Hair",8.8582
"Male","Domestic Long Hair",10.7948
"Male","Domestic Short Hair",8.7436
"Female","Domestic Short Hair",9.4149
"Female","Domestic Medium Hair",9.9592
"Female","Domestic Short Hair",8.2607
"Female","Domestic Long Hair",8.6273
"Male","Domestic Long Hair",10.3046
"Male","Domestic Medium Hair",9.9335
"Male","Domestic Short Hair",10.1319
"Female","Domestic Short Hair",8.5113
"Female","Domestic Medium Hair",9.2318
"Male","Domestic Short Hair",7.7599
"Male","Domestic Short Hair",10.7315
"Male","Domestic Short Hair",8.7171
"Female","Domestic Short Hair",8.9633
"Male","Domestic Long Hair",11.6798
"Male","Domestic Long Hair",10.9225
"Female","Domestic Long Hair",10.3113
"Male","Domestic Short Hair",10.6723
"Male","Domestic Long Hair",9.659
"Female","Domestic Medium Hair",11.5724
"Male","Domestic Short Hair",9.0719
"Female","Domestic Medium Hair",8.958
"Male","Domestic Medium Hair",11.9369
"Female","Domestic Medium Hair",10.5255
"Female","Domestic Long Hair",10.1358
"Female","Domestic Long Hair",9.572
"Male","Domestic Medium Hair",11.9353
"Female","Domestic Medium Hair",11.0486
"Female","Domestic Short Hair",6.3307
"Male","Domestic Medium Hair",10.8156
"Female","Domestic Short Hair",10.2747
"Male","Domestic Medium Hair",9.6828
"Male","Domestic Long Hair",9.5813
"Male","Domestic Medium Hair",10.497
"Female","Domestic Medium Hair",10.5023
"Male","Domestic Short Hair",8.5003
"Male","Domestic Medium Hair",9.7192
"Female","Domestic Long Hair",9.3299
"Female","Domestic Long Hair",9.9366
"Female","Domestic Medium Hair",9.0458
"Female","Domestic Short Hair",7.1925
"Female","Domestic Medium Hair",9.7138
"Female","Domestic Long Hair",10.8119
"Male","Domestic Medium Hair",10.6609
"Female","Domestic Medium Hair",9.0529
"Female","Domestic Medium Hair",9.7751
"Female","Domestic Short Hair",9.7308
"Male","Domestic Medium Hair",8.2924
"Male","Domestic Medium Hair",9.0169
"Male","Domestic Medium Hair",8.7248
"Female","Domestic Short Hair",7.6097
"Female","Domestic Short Hair",8.5312
"Female","Domestic Medium Hair",9.7348
"Male","Domestic Long Hair",11.5942
"Female","Domestic Short Hair",7.5773
"Male","Domestic Short Hair",8.9054
"Male","Domestic Short Hair",8.8646
"Female","Domestic Short Hair",8.055
"Female","Domestic Short Hair",8.2456
"Male","Domestic Short Hair",7.8572
"Male","Domestic Long Hair",10.5009
"Female","Domestic Short Hair",7.9968
"Female","Domestic Short Hair",6.9416
"Female","Domestic Long Hair",10.7525
"Female","Domestic Medium Hair",7.8873
"Female","Domestic Short Hair",7.6772
"Female","Domestic Medium Hair",8.0229
"Female","Domestic Short Hair",7.9049
"Male","Domestic Short Hair",9.5595
"Female","Domestic Medium Hair",10.4228
"Male","Domestic Medium Hair",9.9376
"Female","Domestic Medium Hair",9.664
"Male","Domestic Short Hair",9.045
"Male","Domestic Long Hair",11.0257
"Female","Domestic Long Hair",9.6746
"Female","Domestic Short Hair",9.6889
"Female","Domestic Short Hair",8.9061
"Female","Domestic Medium Hair",10.5566
"Male","Domestic Long Hair",9.9199
"Male","Domestic Medium Hair",10.1001
"Male","Domestic Long Hair",10.6372
"Female","Domestic Medium Hair",10.5579
"Female","Domestic Medium Hair",11.0552
"Female","Domestic Medium Hair",9.6439
"Male","Domestic Long Hair",13.0093
"Male","Domestic Short Hair",6.9178
"Female","Domestic Long Hair",8.5618
"Female","Domestic Medium Hair",9.3429
"Female","Domestic Long Hair",10.241
"Male","Domestic Medium Hair",8.5653
"Female","Domestic Long Hair",9.3732
"Female","Domestic Medium Hair",11.0584
"Female","Domestic Short Hair",6.2748
"Female","Domestic Long Hair",11.8738
"Female","Domestic Medium Hair",8.7347
"Male","Domestic Medium Hair",11.9614
"Female","Domestic Medium Hair",9.6212
"Male","Domestic Long Hair",10.6129
"Male","Domestic Medium Hair",11.6058
"Male","Domestic Medium Hair",9.8395
"Female","Domestic Short Hair",9.6769
"Female","Domestic Long Hair",8.8131
"Male","Domestic Medium Hair",11.6098
"Female","Domestic Short Hair",9.672
"Male","Domestic Long Hair",12.165
"Female","Domestic Medium Hair",10.5973
"Female","Domestic Short Hair",7.3844
"Male","Domestic Long Hair",10.6535
"Male","Domestic Short Hair",6.4721
"Female","Domestic Short Hair",8.7745
"Female","Domestic Medium Hair",9.4767
"Female","Domestic Medium Hair",8.6107
"Female","Domestic Short Hair",9.6284
"Male","Domestic Long Hair",10.0175
"Male","Domestic Short Hair",10.3109
"Female","Domestic Medium Hair",10.8007
"Female","Domestic Long Hair",11.2274
"Female","Domestic Short Hair",9.0844
"Female","Domestic Medium Hair",8.3196
"Male","Domestic Long Hair",10.964
"Male","Domestic Medium Hair",10.0765
"Female","Domestic Medium Hair",10.8545
"Male","Domestic Short Hair",9.8807
"Female","Domestic Short Hair",7.6041
"Female","Domestic Long Hair",9.9774
"Female","Domestic Short Hair",7.6646
"Female","Domestic Medium Hair",9.4213
"Female","Domestic Long Hair",12.7795
"Male","Domestic Short Hair",12.0064
"Female","Domestic Short Hair",8.7299
"Male","Domestic Medium Hair",10.0002
"Female","Domestic Short Hair",8.0058
"Male","Domestic Short Hair",9.2112
"Male","Domestic Short Hair",8.3959
"Female","Domestic Short Hair",9.4326
"Male","Domestic Long Hair",10.7497
"Female","Domestic Medium Hair",10.3996
"Male","Domestic Long Hair",11.0718
"Male","Domestic Long Hair",10.758
"Female","Domestic Long Hair",9.8409
"Female","Domestic Medium Hair",10.8253
"Male","Domestic Medium Hair",10.1837
"Female","Domestic Medium Hair",10.1567
"Male","Domestic Short Hair",9.5136
"Male","Domestic Short Hair",10.2484
"Male","Domestic Short Hair",7.4892
"Male","Domestic Short Hair",9.1465
"Female","Domestic Short Hair",9.2704
"Male","Domestic Short Hair",8.9866
"Male","Domestic Short Hair",10.7208
"Male","Domestic Long Hair",11.2791
"Female","Domestic Long Hair",10.4967
"Female","Domestic Short Hair",7.2719
"Male","Domestic Long Hair",10.6804
"Female","Domestic Short Hair",9.1453
"Male","Domestic Short Hair",9.5073
"Female","Domestic Long Hair",8.2694
"Female","Domestic Short Hair",10.1499
"Male","Domestic Medium Hair",10.0256
"Male","Domestic Medium Hair",10.4827
"Female","Domestic Medium Hair",9.169
"Male","Domestic Long Hair",11.0954
"Female","Domestic Medium Hair",10.7587
"Female","Domestic Medium Hair",8.3908
"Male","Domestic Medium Hair",10.3875
"Female","Domestic Long Hair",10.83
"Male","Domestic Long Hair",11.6761
"Male","Domestic Long Hair",11.7411
"Female","Domestic Short Hair",8.0635
"Male","Domestic Long Hair",11.2082
"Male","Domestic Long Hair",10.3665
"Male","Domestic Long Hair",12.3676
"Female","Domestic Long Hair",8.9713
"Male","Domestic Long Hair",9.8493
"Male","Domestic Long Hair",12.0222
"Female","Domestic Short Hair",7.8897
"Female","Domestic Short Hair",10.0487
"Female","Domestic Long Hair",11.0873
"Male","Domestic Long Hair",11.5365
"Male","Domestic Long Hair",10.3729
"Male","Domestic Long Hair",11.5807
"Female","Domestic Short Hair",9.0972
"Female","Domestic Long Hair",10.6396
"Male","Domestic Long Hair",11.3448
"Female","Domestic Short Hair",8.5226
"Female","Domestic Medium Hair",8.5371
"Male","Domestic Long Hair",11.7178
"Female","Domestic Long Hair",8.4998
"Female","Domestic Short Hair",8.0536
"Female","Domestic Medium Hair",9.3511
"Female","Domestic Long Hair",10.1856
"Male","Domestic Short Hair",8.867
"Female","Domestic Long Hair",11.2052
"Female","Domestic Short Hair",10.1027
"Male","Domestic Short Hair",7.935
"Male","Domestic Short Hair",8.7433
"Female","Domestic Short Hair",8.5129
"Female","Domestic Medium Hair",9.5931
"Male","Domestic Medium Hair",10.884
"Male","Domestic Medium Hair",11.0742
"Male","Domestic Short Hair",7.8789
"Male","Domestic Medium Hair",9.6567
"Female","Domestic Medium Hair",9.6624
"Female","Domestic Short Hair",8.6575
"Female","Domestic Short Hair",11.0755
"Male","Domestic Short Hair",9.4575
"Male","Domestic Medium Hair",8.1053
"Male","Domestic Short Hair",11.3354
"Female","Domestic Long Hair",9.0755
"Female","Domestic Long Hair",10.7724
"Male","Domestic Medium Hair",9.8792
"Female","Domestic Long Hair",9.982
"Female","Domestic Short Hair",6.5741
"Male","Domestic Short Hair",9.8
"Male","Domestic Short Hair",7.8791
"Female","Domestic Long Hair",9.4071
"Male","Domestic Long Hair",12.2884
"Male","Domestic Long Hair",10.932
"Male","Domestic Medium Hair",9.5202
"Male","Domestic Long Hair",12.707
"Female","Domestic Medium Hair",9.1443
"Male","Domestic Long Hair",13.0177
"Male","Domestic Long Hair",11.9074
"Female","Domestic Short Hair",8.8301
"Female","Domestic Short Hair",9.8723
"Female","Domestic Short Hair",8.4091
"Female","Domestic Medium Hair",9.8387
"Female","Domestic Short Hair",7.5443
"Female","Domestic Medium Hair",10.26
"Male","Domestic Medium Hair",9.222
"Male","Domestic Medium Hair",10.7598
"Female","Domestic Short Hair",9.3898
"Female","Domestic Long Hair",8.9486
"Female","Domestic Short Hair",9.483
"Female","Domestic Long Hair",10.6604
"Female","Domestic Short Hair",9.3755
"Female","Domestic Long Hair",10.39
"Female","Domestic Short Hair",8.332
"Male","Domestic Long Hair",10.2119
"Male","Domestic Long Hair",11.4461
"Female","Domestic Short Hair",10.0247
"Male","Domestic Long Hair",9.6714
"Female","Domestic Short Hair",9.3738
"Male","Domestic Long Hair",11.2391
"Male","Domestic Medium Hair",10.4127
"Male","Domestic Long Hair",11.8964
"Male","Domestic Long Hair",12.6408
"Female","Domestic Short Hair",9.589
"Male","Domestic Long Hair",10.5712
"Female","Domestic Medium Hair",9.9768
"Male","Domestic Long Hair",11.9706
"Female","Domestic Short Hair",8.6908
"Female","Domestic Long Hair",9.7877
"Male","Domestic Medium Hair",11.5489
"Male","Domestic Long Hair",12.3664
"Male","Domestic Short Hair",9.3897
"Female","Domestic Long Hair",11.7478
"Female","Domestic Medium Hair",9.3016
"Male","Domestic Medium Hair",9.8916
"Male","Domestic Medium Hair",10.0301
"Female","Domestic Medium Hair",10.1891
"Female","Domestic Short Hair",8.1622
"Male","Domestic Long Hair",8.4634
"Male","Domestic Medium Hair",10.6625
"Female","Domestic Medium Hair",10.5506
"Female","Domestic Long Hair",10.015
"Male","Domestic Short Hair",9.6708
"Female","Domestic Short Hair",10.1942
"Male","Domestic Long Hair",10.3871
"Female","Domestic Medium Hair",8.1364
"Male","Domestic Short Hair",9.7646
"Male","Domestic Short Hair",8.4135
"Female","Domestic Medium Hair",9.8335
"Female","Domestic Medium Hair",9.5096
"Female","Domestic Medium Hair",8.2743
"Male","Domestic Medium Hair",10.2101
"Female","Domestic Long Hair",8.5378
"Female","Domestic Medium Hair",11.2609
"Male","Domestic Medium Hair",10.6964
"Male","Domestic Long Hair",11.8316
"Female","Domestic Medium Hair",9.9033
"Male","Domestic Short Hair",8.804
"Female","Domestic Long Hair",10.1705
"Female","Domestic Medium Hair",11.591
"Male","Domestic Short Hair",9.2727
"Female","Domestic Short Hair",8.5001
"Female","Domestic Short Hair",7.3379
"Male","Domestic Long Hair",11.6835
"Male","Domestic Long Hair",9.1936
"Male","Domestic Long Hair",10.1521
"Female","Domestic Short Hair",5.9911
"Male","Domestic Medium Hair",9.0842
"Male","Domestic Short Hair",10.1418
"Female","Domestic Short Hair",7.3645
"Female","Domestic Long Hair",8.0016
"Female","Domestic Medium Hair",10.251
"Female","Domestic Medium Hair",9.5505
"Female","Domestic Medium Hair",10.0416
"Male","Domestic Long Hair",11.0047
"Male","Domestic Long Hair",10.5899
"Male","Domestic Short Hair",9.1616
"Female","Domestic Short Hair",9.9316
"Male","Domestic Short Hair",9.8523
"Female","Domestic Short Hair",9.1414
"Male","Domestic Long Hair",11.241
"Male","Domestic Short Hair",9.9485
"Male","Domestic Long Hair",11.5916
"Male","Domestic Medium Hair",8.2694
"Male","Domestic Long Hair",10.2161
"Male","Domestic Long Hair",12.3652
"Male","Domestic Medium Hair",11.2632
"Male","Domestic Medium Hair",10.6832
"Female","Domestic Short Hair",7.9786
"Male","Domestic Long Hair",10.1074
"Female","Domestic Short Hair",9.0392
"Female","Domestic Medium Hair",9.7157
"Male","Domestic Long Hair",11.0152
"Female","Domestic Long Hair",9.1412
"Male","Domestic Long Hair",10.0794
"Female","Domestic Medium Hair",12.1699
"Female","Domestic Medium Hair",10.9278
"Male","Domestic Medium Hair",8.8368
"Female","Domestic Short Hair",8.5266
"Male","Domestic Short Hair",7.1154
"Male","Domestic Short Hair",9.605
"Female","Domestic Short Hair",7.4819
"Female","Domestic Short Hair",8.2652
"Male","Domestic Medium Hair",10.0857
"Female","Domestic Short Hair",8.65
"Male","Domestic Medium Hair",9.6841
"Male","Domestic Short Hair",7.2756
"Female","Domestic Short Hair",10.3456
"Male","Domestic Medium Hair",11.0857
"Male","Domestic Long Hair",12.0603
"Female","Domestic Short Hair",9.1436
"Male","Domestic Long Hair",10.3269
"Male","Domestic Long Hair",11.1405
"Female","Domestic Short Hair",8.3988
"Female","Domestic Long Hair",9.2345
"Male","Domestic Medium Hair",10.8094
"Male","Domestic Short Hair",10.2991
"Female","Domestic Medium Hair",9.5181
"Male","Domestic Short Hair",7.8671
"Female","Domestic Long Hair",9.2498
"Female","Domestic Long Hair",8.9915
"Female","Domestic Long Hair",10.9096
"Male","Domestic Medium Hair",9.9796
"Female","Domestic Medium Hair",8.8579
"Female","Domestic Medium Hair",9.7268
"Male","Domestic Long Hair",12.6119
"Female","Domestic Long Hair",11.0072
"Female","Domestic Short Hair",6.3697
"Female","Domestic Short Hair",9.3574
"Female","Domestic Short Hair",8.639
"Female","Domestic Short Hair",8.5332
"Female","Domestic Medium Hair",9.3012
"Male","Domestic Medium Hair",10.6675
"Male","Domestic Medium Hair",9.6869
"Female","Domestic Medium Hair",8.3506
"Female","Domestic Medium Hair",10.4272
"Female","Domestic Short Hair",9.5609
"Male","Domestic Medium Hair",12.4376
"Male","Domestic Long Hair",10.7989
"Female","Domestic Long Hair",8.3351
"Female","Domestic Medium Hair",10.0011
"Female","Domestic Medium Hair",10.0821
"Female","Domestic Long Hair",11.8707
"Male","Domestic Medium Hair",9.8499
"Female","Domestic Long Hair",9.899
"Male","Domestic Short Hair",10.1885
"Male","Domestic Long Hair",12.6296
"Female","Domestic Long Hair",9.794
"Male","Domestic Long Hair",10.1377
"Female","Domestic Long Hair",9.819
"Male","Domestic Long Hair",9.91
"Female","Domestic Medium Hair",6.992
"Female","Domestic Short Hair",6.8119
"Male","Domestic Long Hair",10.8075
"Male","Domestic Long Hair",10.7836
"Male","Domestic Short Hair",7.5528
"Male","Domestic Medium Hair",8.1743
"Male","Domestic Medium Hair",9.6201
"Female","Domestic Long Hair",9.9836
"Male","Domestic Short Hair",9.0075
"Male","Domestic Medium Hair",9.4465
"Male","Domestic Short Hair",10.9683
"Female","Domestic Short Hair",10.0828
"Female","Domestic Short Hair",8.0271
"Male","Domestic Short Hair",11.1767
"Female","Domestic Short Hair",8.1328
"Male","Domestic Short Hair",9.8365
"Female","Domestic Long Hair",10.7713
"Female","Domestic Short Hair",7.2176
"Male","Domestic Short Hair",9.3995
"Male","Domestic Medium Hair",9.9894
"Female","Domestic Medium Hair",10.006
"Male","Domestic Long Hair",13.1396
"Female","Domestic Short Hair",8.6281
"Female","Domestic Medium Hair",9.3768
"Male","Domestic Long Hair",10.8947
"Male","Domestic Short Hair",8.9894
"Male","Domestic Short Hair",8.9392
"Female","Domestic Medium Hair",8.9039
"Female","Domestic Long Hair",9.6597
"Female","Domestic Short Hair",9.5572
"Male","Domestic Short Hair",10.7934
"Male","Domestic Short Hair",9.6056
"Male","Domestic Long Hair",12.5092
"Male","Domestic Medium Hair",11.1307
"Female","Domestic Short Hair",8.379
"Male","Domestic Short Hair",8.5148
"Female","Domestic Long Hair",6.9389
"Female","Domestic Short Hair",8.3041
"Male","Domestic Long Hair",10.9345
"Male","Domestic Short Hair",8.7831
"Male","Domestic Long Hair",11.8069
"Female","Domestic Short Hair",8.4339
"Female","Domestic Medium Hair",9.5987
"Female","Domestic Short Hair",7.616
"Male","Domestic Medium Hair",10.3607
"Female","Domestic Medium Hair",9.4759
"Male","Domestic Medium Hair",11.1363
"Male","Domestic Short Hair",8.8541
"Male","Domestic Long Hair",10.932
"Female","Domestic Short Hair",9.1669
"Female","Domestic Short Hair",9.3504
"Male","Domestic Long Hair",11.2019
"Male","Domestic Long Hair",9.4422
"Male","Domestic Short Hair",9.7231
"Female","Domestic Long Hair",10.5942
"Female","Domestic Medium Hair",11.3146
"Female","Domestic Short Hair",10.8213
"Male","Domestic Short Hair",9.1314
"Male","Domestic Short Hair",10.1807
"Male","Domestic Medium Hair",9.5753
"Female","Domestic Medium Hair",9.1155
"Male","Domestic Medium Hair",10.6848
"Female","Domestic Short Hair",9.4357
"Female","Domestic Short Hair",7.5833
"Female","Domestic Long Hair",9.8672
"Female","Domestic Short Hair",8.8921
"Female","Domestic Long Hair",9.9958
"Female","Domestic Long Hair",10.1199
"Male","Domestic Long Hair",11.3232
"Female","Domestic Short Hair",8.9556
"Male","Domestic Long Hair",10.009
"Female","Domestic Short Hair",9.0953
"Female","Domestic Long Hair",10.5018
"Female","Domestic Short Hair",9.3816
"Female","Domestic Short Hair",9.2183
"Female","Domestic Medium Hair",9.7528
"Female","Domestic Medium Hair",9.6181
"Male","Domestic Short Hair",7.3675
"Female","Domestic Medium Hair",9.9126
"Male","Domestic Long Hair",9.1313
"Female","Domestic Medium Hair",9.0117
"Female","Domestic Short Hair",7.7186
"Male","Domestic Short Hair",7.7062
"Male","Domestic Medium Hair",10.3112
"Male","Domestic Medium Hair",11.3975
"Female","Domestic Medium Hair",9.131
"Male","Domestic Medium Hair",9.8731
"Male","Domestic Short Hair",8.5058
"Male","Domestic Long Hair",11.6859
"Female","Domestic Long Hair",10.4046
"Female","Domestic Long Hair",10.5877
"Female","Domestic Short Hair",8.4507
"Male","Domestic Long Hair",11.2962
"Female","Domestic Long Hair",6.9674
"Male","Domestic Long Hair",11.3713
"Female","Domestic Short Hair",8.6673
"Male","Domestic Medium Hair",9.4771
"Female","Domestic Long Hair",10.2106
"Male","Domestic Long Hair",12.8774
"Male","Domestic Medium Hair",9.9079
"Male","Domestic Short Hair",10.0556
"Male","Domestic Medium Hair",12.2339
"Female","Domestic Medium Hair",9.2897
"Male","Domestic Short Hair",9.2873
"Male","Domestic Long Hair",11.9092
"Male","Domestic Long Hair",11.7265
"Male","Domestic Short Hair",7.6941
"Male","Domestic Medium Hair",9.4566
"Male","Domestic Short Hair",9.7064
"Female","Domestic Long Hair",11.2574
"Male","Domestic Long Hair",10.1714
"Male","Domestic Short Hair",8.9491
"Female","Domestic Long Hair",8.7486
"Female","Domestic Short Hair",8.9316
"Male","Domestic Short Hair",9.1494
"Female","Domestic Short Hair",9.1518
"Male","Domestic Medium Hair",11.2656
"Male","Domestic Short Hair",10.7397
"Male","Domestic Short Hair",9.0986
"Male","Domestic Medium Hair",10.101
"Male","Domestic Long Hair",11.9228
"Female","Domestic Short Hair",8.0419
"Male","Domestic Medium Hair",8.4962
"Female","Domestic Short Hair",9.2057
"Male","Domestic Medium Hair",11.3345
"Male","Domestic Medium Hair",10.6726
"Male","Domestic Medium Hair",9.9808
"Female","Domestic Medium Hair",9.5124
"Male","Domestic Long Hair",11.9419
"Male","Domestic Medium Hair",8.1439
"Female","Domestic Medium Hair",9.7578
"Female","Domestic Short Hair",7.6367
"Female","Domestic Medium Hair",10.9415
"Female","Domestic Short Hair",7.1106
"Female","Domestic Long Hair",8.6175
"Female","Domestic Long Hair",10.1062
"Female","Domestic Long Hair",11.4605
"Female","Domestic Medium Hair",7.3171
"Male","Domestic Long Hair",11.1584
"Male","Domestic Long Hair",11.2635
"Male","Domestic Medium Hair",9.9972
"Male","Domestic Short Hair",8.6742
"Female","Domestic Short Hair",8.7492
"Female","Domestic Short Hair",6.9726
"Female","Domestic Long Hair",9.0465
"Male","Domestic Short Hair",9.5504
"Female","Domestic Medium Hair",9.8008
"Female","Domestic Short Hair",8.3664
"Female","Domestic Long Hair",10.209
"Male","Domestic Medium Hair",9.9977
"Male","Domestic Medium Hair",10.3322
"Female","Domestic Medium Hair",9.7431
"Female","Domestic Medium Hair",10.1645
"Female","Domestic Short Hair",8.3026
"Female","Domestic Medium Hair",9.3376
"Male","Domestic Medium Hair",10.3994
"Male","Domestic Medium Hair",8.1432
"Female","Domestic Medium Hair",9.4336
"Female","Domestic Short Hair",9.9939
"Male","Domestic Short Hair",11.124
"Female","Domestic Medium Hair",10.8233
"Female","Domestic Medium Hair",11.0862
"Female","Domestic Medium Hair",10.4126
"Female","Domestic Medium Hair",12.2608
"Male","Domestic Short Hair",9.534
"Female","Domestic Short Hair",7.0359
"Male","Domestic Long Hair",11.773
"Male","Domestic Long Hair",11.4214
"Female","Domestic Short Hair",10.2055
"Female","Domestic Medium Hair",10.3159
"Female","Domestic Long Hair",10.1024
"Male","Domestic Short Hair",9.4933
"Male","Domestic Medium Hair",10.5475
"Male","Domestic Long Hair",11.6321
"Male","Domestic Short Hair",9.0593
"Male","Domestic Long Hair",9.9811
"Female","Domestic Short Hair",7.5663
"Female","Domestic Medium Hair",8.1177
"Female","Domestic Medium Hair",9.6339
"Female","Domestic Medium Hair",9.6313
"Female","Domestic Medium Hair",10.106
"Male","Domestic Long Hair",11.9709
"Male","Domestic Medium Hair",9.6394
"Female","Domestic Medium Hair",9.2562
"Female","Domestic Short Hair",6.8237
"Female","Domestic Short Hair",9.4227
"Female","Domestic Long Hair",9.8645
"Female","Domestic Medium Hair",10.3095
"Female","Domestic Long Hair",10.3907
"Female","Domestic Short Hair",9.6126
"Female","Domestic Medium Hair",9.9801
"Male","Domestic Long Hair",8.7812
"Male","Domestic Medium Hair",9.7651
"Female","Domestic Medium Hair",9.4615
"Male","Domestic Medium Hair",10.0207
"Female","Domestic Short Hair",8.9686
"Male","Domestic Long Hair",9.9614
"Male","Domestic Long Hair",8.6637
"Female","Domestic Medium Hair",10.2025
"Female","Domestic Medium Hair",8.7614
"Male","Domestic Long Hair",12.0182
"Female","Domestic Medium Hair",10.1273
"Female","Domestic Long Hair",10.0602
"Male","Domestic Medium Hair",9.4512
"Female","Domestic Short Hair",6.716
"Female","Domestic Medium Hair",8.779
"Female","Domestic Short Hair",7.7942
"Female","Domestic Short Hair",8.7324
"Female","Domestic Medium Hair",9.6652
"Male","Domestic Long Hair",10.5977
"Female","Domestic Short Hair",8.0122
"Male","Domestic Short Hair",9.6622
"Male","Domestic Medium Hair",8.3645
"Female","Domestic Long Hair",10.4148
"Male","Domestic Medium Hair",9.5734
"Female","Domestic Medium Hair",9.771
"Female","Domestic Short Hair",7.9019
"Female","Domestic Short Hair",9.3821
"Male","Domestic Long Hair",10.4708
"Female","Domestic Short Hair",8.4206
"Male","Domestic Short Hair",7.3913
"Male","Domestic Medium Hair",10.3565
"Male","Domestic Long Hair",10.3516
"Male","Domestic Long Hair",12.0502
"Male","Domestic Long Hair",10.853
"Male","Domestic Medium Hair",9.4222
"Male","Domestic Long Hair",10.9637
"Male","Domestic Medium Hair",8.2275
"Female","Domestic Medium Hair",8.0499
"Male","Domestic Long Hair",8.6976
"Female","Domestic Long Hair",11.8953
"Male","Domestic Long Hair",10.47
"Male","Domestic Short Hair",7.7815
"Female","Domestic Long Hair",10.3252
"Female","Domestic Medium Hair",10.1502
"Male","Domestic Long Hair",11.6122
"Female","Domestic Long Hair",10.4842
"Female","Domestic Long Hair",11.4112
"Male","Domestic Short Hair",9.1773
"Female","Domestic Long Hair",10.2741
"Male","Domestic Medium Hair",10.6316
"Female","Domestic Short Hair",8.3835
"Male","Domestic Medium Hair",10.8706
"Female","Domestic Long Hair",11.2345
"Male","Domestic Short Hair",9.208
"Female","Domestic Short Hair",8.5387
"Female","Domestic Long Hair",10.3155
"Female","Domestic Long Hair",11.1671
"Female","Domestic Long Hair",10.2884
"Male","Domestic Long Hair",10.5692
"Male","Domestic Long Hair",10.7842
"Female","Domestic Long Hair",11.3116
"Female","Domestic Short Hair",10.6596
"Male","Domestic Short Hair",6.8964
"Female","Domestic Short Hair",9.3462
"Female","Domestic Short Hair",5.7404
"Male","Domestic Short Hair",8.6363
"Female","Domestic Short Hair",6.8054
"Male","Domestic Long Hair",9.3332
"Male","Domestic Long Hair",11.3989
"Male","Domestic Medium Hair",10.8181
"Female","Domestic Short Hair",9.1601
"Male","Domestic Long Hair",11.7432
"Male","Domestic Long Hair",11.0999
"Female","Domestic Long Hair",9.8656
"Male","Domestic Long Hair",11.8082
"Female","Domestic Medium Hair",8.2467
"Female","Domestic Short Hair",6.7157
"Female","Domestic Medium Hair",9.553
"Male","Domestic Medium Hair",11.5947
"Female","Domestic Long Hair",11.1151
"Female","Domestic Long Hair",9.8686
"Female","Domestic Short Hair",8.4507
"Female","Domestic Medium Hair",7.596
"Male","Domestic Short Hair",7.1146
"Female","Domestic Medium Hair",11.1734
"Male","Domestic Long Hair",10.538
"Female","Domestic Medium Hair",9.2466
"Female","Domestic Medium Hair",8.2285
"Female","Domestic Long Hair",8.9094
"Male","Domestic Long Hair",9.6548
"Female","Domestic Long Hair",8.6617
"Male","Domestic Medium Hair",9.2492
"Female","Domestic Short Hair",6.8058
"Female","Domestic Short Hair",8.9083
"Female","Domestic Short Hair",7.8043
"Female","Domestic Short Hair",6.857
"Male","Domestic Long Hair",13.2174
"Female","Domestic Long Hair",11.1574
"Male","Domestic Medium Hair",8.5259
"Female","Domestic Short Hair",8.2922
"Female","Domestic Medium Hair",9.8707
"Male","Domestic Long Hair",12.3746
"Female","Domestic Short Hair",9.1719
"Female","Domestic Medium Hair",8.574
"Female","Domestic Medium Hair",9.7729
"Female","Domestic Short Hair",9.1429
"Female","Domestic Short Hair",8.8086
"Female","Domestic Long Hair",9.7205
"Male","Domestic Short Hair",9.8077
"Male","Domestic Medium Hair",11.8204
"Male","Domestic Short Hair",9.5941
"Male","Domestic Long Hair",11.6737
"Male","Domestic Medium Hair",10.9491
"Female","Domestic Short Hair",6.7776
"Male","Domestic Long Hair",10.1893
"Female","Domestic Long Hair",9.2949
"Female","Domestic Medium Hair",8.7078
"Female","Domestic Medium Hair",9.191
"Female","Domestic Long Hair",9.163
"Female","Domestic Short Hair",8.5889
"Female","Domestic Long Hair",9.0742
"Male","Domestic Medium Hair",8.8911
"Female","Domestic Medium Hair",10.6054
"Female","Domestic Short Hair",8.866
"Male","Domestic Long Hair",10.3323
"Male","Domestic Medium Hair",10.381
"Female","Domestic Short Hair",8.2188
"Male","Domestic Short Hair",7.6389
"Female","Domestic Medium Hair",9.7071
"Female","Domestic Short Hair",8.8924
"Female","Domestic Medium Hair",9.3182
"Female","Domestic Short Hair",8.3167
"Male","Domestic Short Hair",9.496
"Male","Domestic Long Hair",10.7729
"Female","Domestic Medium Hair",8.778
"Female","Domestic Short Hair",8.8195
"Male","Domestic Short Hair",9.9043
"Female","Domestic Short Hair",8.465
"Female","Domestic Medium Hair",8.2782
"Male","Domestic Short Hair",7.283
"Female","Domestic Medium Hair",9.5075
"Male","Domestic Long Hair",10.4751
"Female","Domestic Long Hair",11.5396
"Female","Domestic Short Hair",8.0326
"Female","Domestic Long Hair",8.4069
"Male","Domestic Short Hair",9.3873
"Female","Domestic Long Hair",9.8371
"Female","Domestic Short Hair",9.2295
"Male","Domestic Long Hair",11.1505
"Female","Domestic Long Hair",10.2228
"Male","Domestic Long Hair",12.9668
"Female","Domestic Short Hair",8.6991
"Female","Domestic Long Hair",9.9484
"Female","Domestic Short Hair",8.7813
"Female","Domestic Medium Hair",10.2334
"Female","Domestic Short Hair",7.4029
"Male","Domestic Medium Hair",8.9168
"Female","Domestic Medium Hair",10.6375
"Male","Domestic Short Hair",9.4873
"Male","Domestic Short Hair",9.0942
"Male","Domestic Short Hair",8.1174
"Female","Domestic Medium Hair",10.5406
"Male","Domestic Short Hair",8.8345
"Female","Domestic Short Hair",9.091
"Male","Domestic Long Hair",12.6012
"Female","Domestic Long Hair",9.8563
"Female","Domestic Long Hair",9.1059
"Female","Domestic Short Hair",7.8163
"Female","Domestic Short Hair",9.4397
"Male","Domestic Long Hair",11.5963
"Male","Domestic Short Hair",9.3315
"Female","Domestic Long Hair",10.4491
"Female","Domestic Long Hair",10.0973
"Female","Domestic Long Hair",9.9189
"Female","Domestic Medium Hair",10.1203
"Male","Domestic Short Hair",10.3365
"Male","Domestic Short Hair",9.6135
"Male","Domestic Short Hair",8.8475
"Male","Domestic Short Hair",10.0462
"Female","Domestic Long Hair",11.3662
"Female","Domestic Short Hair",9.0927
"Male","Domestic Long Hair",11.9726
"Female","Domestic Long Hair",9.4125
"Male","Domestic Medium Hair",10.0173
"Male","Domestic Long Hair",12.3483
"Male","Domestic Long Hair",11.6159
"Male","Domestic Short Hair",8.7774
"Female","Domestic Medium Hair",10.2356
"Male","Domestic Long Hair",8.541
"Male","Domestic Short Hair",11.6366
"Male","Domestic Short Hair",9.328
"Female","Domestic Short Hair",8.2637
"Female","Domestic Short Hair",8.9328
"Male","Domestic Long Hair",10.7015
"Male","Domestic Long Hair",10.7725
"Male","Domestic Long Hair",10.1974
"Male","Domestic Short Hair",7.1388
"Male","Domestic Medium Hair",8.8905
"Female","Domestic Short Hair",8.4738
"Female","Domestic Medium Hair",10.203
"Female","Domestic Medium Hair",8.2604
"Female","Domestic Long Hair",9.1772
"Male","Domestic Long Hair",9.3662
"Female","Domestic Short Hair",7.6315
"Male","Domestic Long Hair",11.0043
"Female","Domestic Short Hair",8.5265
"Female","Domestic Medium Hair",8.3024
"Male","Domestic Long Hair",11.9609
"Female","Domestic Short Hair",8.1995
"Female","Domestic Medium Hair",8.3962
"Female","Domestic Medium Hair",7.8169
"Male","Domestic Long Hair",9.9834
"Male","Domestic Long Hair",10.0098
"Female","Domestic Long Hair",12.1756
"Male","Domestic Medium Hair",11.8822
"Male","Domestic Short Hair",9.737
"Male","Domestic Medium Hair",9.3757
"Male","Domestic Medium Hair",9.1258
"Male","Domestic Short Hair",8.0602
"Male","Domestic Medium Hair",11.4461
"Male","Domestic Short Hair",9.3072
"Female","Domestic Short Hair",8.9318
"Female","Domestic Short Hair",8.5496
"Female","Domestic Short Hair",8.6592
"Female","Domestic Long Hair",10.0786
"Female","Domestic Long Hair",9.3343
"Female","Domestic Medium Hair",9.511
"Female","Domestic Long Hair",9.7661
"Female","Domestic Short Hair",6.7031
"Female","Domestic Long Hair",10.1423
"Male","Domestic Long Hair",11.3564
"Male","Domestic Medium Hair",10.6414
"Female","Domestic Medium Hair",8.2953
"Male","Domestic Long Hair",10.7886
"Male","Domestic Short Hair",8.5995
"Male","Domestic Short Hair",8.483
"Male","Domestic Short Hair",10.5029
"Female","Domestic Medium Hair",10.2006
"Male","Domestic Short Hair",10.7926
"Female","Domestic Long Hair",9.7339
"Female","Domestic Short Hair",8.4802
"Female","Domestic Short Hair",7.6788
"Male","Domestic Long Hair",10.6484
"Female","Domestic Long Hair",10.4626
"Female","Domestic Short Hair",9.1317
"Female","Domestic Medium Hair",9.2812
"Female","Domestic Long Hair",9.6566
"Male","Domestic Medium Hair",8.603
"Male","Domestic Medium Hair",10.3134
"Male","Domestic Short Hair",9.236
"Male","Domestic Long Hair",11.6717
"Male","Domestic Short Hair",8.9998
"Female","Domestic Short Hair",8.5784
"Female","Domestic Medium Hair",10.3421
"Female","Domestic Short Hair",7.7259
"Male","Domestic Long Hair",11.8247
"Male","Domestic Long Hair",12.1311
"Male","Domestic Long Hair",11.0962
"Male","Domestic Long Hair",10.7631
"Female","Domestic Medium Hair",8.8888
"Male","Domestic Long Hair",11.2184
"Male","Domestic Medium Hair",11.4622
"Male","Domestic Long Hair",10.7296
"Male","Domestic Medium Hair",8.3418
"Male","Domestic Short Hair",8.5065
"Male","Domestic Medium Hair",10.4098
"Male","Domestic Medium Hair",11.7858
"Male","Domestic Long Hair",11.9062
"Male","Domestic Long Hair",11.3816
"Female","Domestic Medium Hair",8.1404
"Female","Domestic Short Hair",6.9718
"Female","Domestic Short Hair",8.0199
"Male","Domestic Short Hair",8.7224
"Female","Domestic Medium Hair",9.9972
"Female","Domestic Short Hair",8.0613
"Male","Domestic Short Hair",10.7684
"Female","Domestic Long Hair",11.6632
"Male","Domestic Long Hair",10.0511
"Female","Domestic Medium Hair",9.6518
"Male","Domestic Short Hair",9.2429
"Female","Domestic Medium Hair",11.1852
"Male","Domestic Medium Hair",10.4595
"Female","Domestic Short Hair",7.9623
"Female","Domestic Medium Hair",9.3235
"Female","Domestic Medium Hair",11.3828
"Female","Domestic Short Hair",9.9441
"Female","Domestic Short Hair",7.7159
"Male","Domestic Long Hair",10.9318
"Male","Domestic Long Hair",10.6624
"Female","Domestic Medium Hair",9.3019
"Male","Domestic Short Hair",8.9811
"Male","Domestic Short Hair",7.2677
"Male","Domestic Medium Hair",9.3958
"Male","Domestic Long Hair",9.814
"Female","Domestic Long Hair",10.866
"Male","Domestic Short Hair",9.7229
"Male","Domestic Short Hair",8.1779
"Male","Domestic Short Hair",9.0024
"Female","Domestic Long Hair",10.4735
"Female","Domestic Short Hair",8.113
"Male","Domestic Medium Hair",7.4806
"Male","Domestic Long Hair",11.1381
"Male","Domestic Long Hair",10.8577
"Male","Domestic Short Hair",10.3742
"Female","Domestic Medium Hair",10.7845
"Female","Domestic Long Hair",8.282
"Male","Domestic Long Hair",10.2679
"Male","Domestic Medium Hair",10.6383
"Female","Domestic Medium Hair",8.6231
"Female","Domestic Medium Hair",8.2645
"Male","Domestic Short Hair",8.8726
"Male","Domestic Short Hair",7.9218
"Male","Domestic Short Hair",8.7044
"Male","Domestic Short Hair",9.8869
"Female","Domestic Medium Hair",9.73
"Female","Domestic Short Hair",6.9348
"Male","Domestic Long Hair",8.786
"Male","Domestic Short Hair",8.326
"Female","Domestic Medium Hair",8.5761
"Female","Domestic Medium Hair",8.8241
"Male","Domestic Long Hair",11.2339
"Female","Domestic Medium Hair",8.9238
"Male","Domestic Medium Hair",9.6389
"Male","Domestic Medium Hair",10.5841
"Female","Domestic Long Hair",8.9893
"Female","Domestic Medium Hair",9.8335
"Male","Domestic Medium Hair",11.4463
"Male","Domestic Short Hair",8.9366
"Male","Domestic Medium Hair",9.3873
"Female","Domestic Long Hair",12.357
"Male","Domestic Long Hair",8.8438
"Female","Domestic Medium Hair",10.4461
"Male","Domestic Medium Hair",10.4038
"Female","Domestic Short Hair",8.4026
"Male","Domestic Short Hair",8.8273
"Female","Domestic Medium Hair",10.3449
"Male","Domestic Short Hair",10.4411
"Male","Domestic Long Hair",10.3568
"Male","Domestic Medium Hair",9.7923
"Female","Domestic Long Hair",10.1619
"Male","Domestic Short Hair",10.0416
"Male","Domestic Medium Hair",9.427
"Female","Domestic Long Hair",9.8752
"Female","Domestic Medium Hair",8.361
"Male","Domestic Medium Hair",9.8804
"Female","Domestic Short Hair",8.9758
"Female","Domestic Medium Hair",8.747
"Male","Domestic Short Hair",8.5929
"Female","Domestic Short Hair",8.1287
"Female","Domestic Short Hair",10.4224
"Male","Domestic Short Hair",8.2539
"Male","Domestic Short Hair",8.9063
"Female","Domestic Long Hair",10.8843
"Female","Domestic Medium Hair",9.2751
"Female","Domestic Long Hair",7.6306
"Male","Domestic Short Hair",7.926
"Male","Domestic Short Hair",8.1935
"Male","Domestic Long Hair",10.9477
"Female","Domestic Medium Hair",11.7801
"Male","Domestic Long Hair",11.1539
"Female","Domestic Medium Hair",9.9597
"Male","Domestic Short Hair",7.5952
"Male","Domestic Long Hair",10.3324
"Female","Domestic Short Hair",8.9596
"Male","Domestic Long Hair",10.485
"Female","Domestic Long Hair",9.6338
"Female","Domestic Medium Hair",9.2427
"Male","Domestic Long Hair",12.1605
"Female","Domestic Short Hair",8.3638
"Female","Domestic Medium Hair",8.3285
"Male","Domestic Long Hair",10.6981
"Male","Domestic Long Hair",11.7418
"Male","Domestic Medium Hair",9.955
"Male","Domestic Medium Hair",9.4454
"Female","Domestic Medium Hair",8.9809
"Female","Domestic Medium Hair",8.7508
"Female","Domestic Medium Hair",11.3017
"Male","Domestic Long Hair",10.3526
"Male","Domestic Long Hair",9.9233
"Female","Domestic Short Hair",8.3358
"Female","Domestic Short Hair",9.0601
"Male","Domestic Long Hair",13.2857
"Female","Domestic Medium Hair",8.9412
"Female","Domestic Short Hair",8.1993
"Female","Domestic Short Hair",7.7602
"Female","Domestic Short Hair",10.3092
"Male","Domestic Long Hair",11.5337
"Female","Domestic Short Hair",9.2334
"Female","Domestic Medium Hair",9.3375
"Female","Domestic Short Hair",8.9089
"Male","Domestic Long Hair",12.3384
"Female","Domestic Long Hair",9.9774
"Female","Domestic Long Hair",11.0762
"Female","Domestic Long Hair",10.3353
"Female","Domestic Medium Hair",9.1743
"Female","Domestic Medium Hair",10.9213
"Male","Domestic Long Hair",9.964
"Female","Domestic Medium Hair",7.8504
"Female","Domestic Medium Hair",9.7941
"Male","Domestic Short Hair",9.7153
"Male","Domestic Short Hair",8.1665
"Female","Domestic Short Hair",8.4959
"Female","Domestic Long Hair",9.4812
"Female","Domestic Long Hair",12.0568
"Female","Domestic Medium Hair",10.1281
"Female","Domestic Medium Hair",8.7453
"Male","Domestic Medium Hair",11.0632
"Female","Domestic Long Hair",10.8558
"Female","Domestic Medium Hair",9.7944
"Female","Domestic Short Hair",9.0213
"Male","Domestic Medium Hair",11.2531
"Female","Domestic Medium Hair",9.364
"Female","Domestic Medium Hair",8.5438
"Female","Domestic Medium Hair",10.0625
"Male","Domestic Short Hair",7.8366
"Female","Domestic Long Hair",10.5658
"Female","Domestic Long Hair",10.5047
"Male","Domestic Medium Hair",9.8755
"Female","Domestic Long Hair",10.5004
"Male","Domestic Long Hair",11.1922
"Female","Domestic Long Hair",9.6612
"Male","Domestic Medium Hair",12.579
"Female","Domestic Short Hair",9.1022
"Female","Domestic Long Hair",9.0609
"Female","Domestic Short Hair",7.8595
"Female","Domestic Short Hair",8.2898
"Female","Domestic Short Hair",8.5694
"Male","Domestic Long Hair",11.116
"Male","Domestic Medium Hair",9.8714
"Male","Domestic Short Hair",8.1227
"Male","Domestic Long Hair",13.0483
"Female","Domestic Medium Hair",9.0119
"Female","Domestic Long Hair",10.6919
"Male","Domestic Short Hair",10.2199
"Female","Domestic Medium Hair",9.4475
"Female","Domestic Long Hair",9.0624
"Male","Domestic Long Hair",12.7162
"Male","Domestic Short Hair",9.394
"Female","Domestic Short Hair",6.4446
"Male","Domestic Short Hair",10.221
"Female","Domestic Medium Hair",9.5155
"Male","Domestic Medium Hair",12.5024
"Female","Domestic Short Hair",9.1923
"Female","Domestic Short Hair",9.9843
"Male","Domestic Medium Hair",13.1493
"Female","Domestic Long Hair",9.9484
"Female","Domestic Short Hair",7.5475
"Female","Domestic Medium Hair",9.9422
"Female","Domestic Short Hair",7.5645
"Female","Domestic Medium Hair",10.0385
"Male","Domestic Long Hair",12.8022
"Male","Domestic Long Hair",9.8291
"Male","Domestic Short Hair",9.1401
"Female","Domestic Short Hair",8.2784
"Male","Domestic Long Hair",12.2871
"Male","Domestic Short Hair",8.6743
"Male","Domestic Long Hair",9.6059
"Male","Domestic Short Hair",8.1534
"Female","Domestic Short Hair",10.4579
"Female","Domestic Short Hair",8.6978
"Female","Domestic Medium Hair",10.6503
"Male","Domestic Long Hair",11.9336
"Male","Domestic Medium Hair",11.7441
"Female","Domestic Medium Hair",9.7359
"Female","Domestic Short Hair",7.6684
"Male","Domestic Long Hair",10.0343
"Female","Domestic Long Hair",9.8039
"Female","Domestic Long Hair",10.245
"Female","Domestic Medium Hair",8.4876
"Female","Domestic Medium Hair",9.7839
"Female","Domestic Short Hair",6.9645
"Female","Domestic Medium Hair",11.0584
"Female","Domestic Short Hair",7.9967
"Male","Domestic Medium Hair",10.2044
"Male","Domestic Medium Hair",10.354
"Female","Domestic Long Hair",12.2795
"Female","Domestic Short Hair",6.5726
"Male","Domestic Short Hair",8.994
"Male","Domestic Long Hair",9.6222
"Female","Domestic Long Hair",9.3191
"Female","Domestic Long Hair",8.4544
"Female","Domestic Medium Hair",9.1327
"Male","Domestic Medium Hair",12.0995
"Female","Domestic Medium Hair",10.4837
"Male","Domestic Short Hair",9.8572
"Male","Domestic Long Hair",10.9094
"Male","Domestic Medium Hair",11.0274
"Female","Domestic Long Hair",7.9094
"Female","Domestic Long Hair",11.0344
"Female","Domestic Short Hair",9.2126
"Female","Domestic Short Hair",6.445
"Male","Domestic Long Hair",10.9806
"Male","Domestic Long Hair",13.5765
"Male","Domestic Medium Hair",11.4343
"Female","Domestic Medium Hair",11.0283
"Male","Domestic Medium Hair",12.2343
"Male","Domestic Short Hair",8.6157
"Female","Domestic Medium Hair",9.0036
"Male","Domestic Short Hair",9.2753
"Female","Domestic Long Hair",10.728
"Male","Domestic Medium Hair",9.7231
"Female","Domestic Long Hair",11.902
"Male","Domestic Long Hair",11.1662
"Female","Domestic Medium Hair",7.3667
"Female","Domestic Medium Hair",9.4772
"Male","Domestic Long Hair",14.0917
"Male","Domestic Medium Hair",10.2099
"Female","Domestic Short Hair",7.6639
"Female","Domestic Short Hair",7.6493
"Female","Domestic Short Hair",7.2012
"Female","Domestic Medium Hair",11.0953
"Male","Domestic Short Hair",8.4874
"Female","Domestic Medium Hair",8.9322
"Female","Domestic Medium Hair",9.1886
"Male","Domestic Long Hair",10.8038
"Male","Domestic Short Hair",10.1938
"Male","Domestic Short Hair",8.6385
"Female","Domestic Medium Hair",11.6448
"Male","Domestic Long Hair",10.2363
"Female","Domestic Medium Hair",8.8127
"Male","Domestic Short Hair",9.2342
"Female","Domestic Medium Hair",11.8254
"Male","Domestic Medium Hair",10.2709
"Male","Domestic Short Hair",8.5012
"Male","Domestic Short Hair",9.5959
"Female","Domestic Short Hair",6.5199
"Male","Domestic Medium Hair",11.8333
"Female","Domestic Medium Hair",11.165
"Male","Domestic Medium Hair",9.467
"Male","Domestic Long Hair",9.8158
"Female","Domestic Short Hair",9.6912
"Female","Domestic Short Hair",8.4902
"Female","Domestic Long Hair",8.7203
"Male","Domestic Medium Hair",9.8155
"Male","Domestic Long Hair",9.7877
"Male","Domestic Long Hair",11.0491
"Female","Domestic Medium Hair",9.7783
"Male","Domestic Short Hair",9.0312
"Male","Domestic Long Hair",10.377
"Female","Domestic Short Hair",8.2752
"Male","Domestic Short Hair",9.0921
"Female","Domestic Short Hair",8.0588
"Female","Domestic Medium Hair",10.08
"Male","Domestic Short Hair",7.6652
"Male","Domestic Long Hair",11.0047
"Male","Domestic Long Hair",10.0957
"Female","Domestic Medium Hair",9.394
"Female","Domestic Medium Hair",9.2324
"Male","Domestic Medium Hair",10.1047
"Female","Domestic Medium Hair",10.1881
"Female","Domestic Long Hair",10.6643
"Female","Domestic Medium Hair",8.2646
"Male","Domestic Short Hair",9.0324
"Female","Domestic Medium Hair",9.6114
"Female","Domestic Short Hair",9.0973
"Female","Domestic Long Hair",10.3547
"Female","Domestic Medium Hair",10.577
"Male","Domestic Long Hair",10.8459
"Male","Domestic Short Hair",7.879
"Male","Domestic Long Hair",11.0168
"Male","Domestic Short Hair",8.4572
"Female","Domestic Short Hair",7.2486
"Female","Domestic Long Hair",11.7678
"Female","Domestic Long Hair",10.0093
"Male","Domestic Short Hair",8.9735
"Male","Domestic Short Hair",7.2829
"Female","Domestic Medium Hair",10.028
"Male","Domestic Long Hair",12.9824
"Male","Domestic Short Hair",8.8099
"Male","Domestic Medium Hair",10.8087
"Female","Domestic Medium Hair",9.2865
"Female","Domestic Short Hair",8.8022
"Male","Domestic Medium Hair",11.0502
"Female","Domestic Medium Hair",9.0378
"Female","Domestic Short Hair",11.4221
"Male","Domestic Long Hair",10.4344
"Female","Domestic Short Hair",7.0537
"Male","Domestic Medium Hair",11.7578
"Male","Domestic Short Hair",9.1319
"Female","Domestic Medium Hair",11.2335
"Female","Domestic Short Hair",8.8559
"Female","Domestic Short Hair",8.2178
"Male","Domestic Medium Hair",9.3225
"Male","Domestic Long Hair",12.4338
"Female","Domestic Medium Hair",11.4224
"Female","Domestic Medium Hair",7.4782
"Male","Domestic Medium Hair",9.2847
"Male","Domestic Long Hair",12.6606
"Female","Domestic Medium Hair",10.8436
"Male","Domestic Short Hair",7.857
"Female","Domestic Long Hair",11.7324
"Female","Domestic Medium Hair",8.9143
"Female","Domestic Long Hair",10.5003
"Female","Domestic Medium Hair",9.8937
"Male","Domestic Short Hair",8.2494
"Male","Domestic Medium Hair",7.934
"Female","Domestic Short Hair",8.3627
"Female","Domestic Short Hair",8.6343
"Female","Domestic Medium Hair",9.494
"Male","Domestic Long Hair",10.9848
"Female","Domestic Long Hair",10.2663
"Male","Domestic Short Hair",9.4932
"Female","Domestic Short Hair",8.8961
"Female","Domestic Short Hair",6.0636
"Male","Domestic Long Hair",11.1786
"Male","Domestic Short Hair",8.3785
"Female","Domestic Short Hair",8.0397
"Female","Domestic Long Hair",8.187
"Female","Domestic Long Hair",10.2518
"Male","Domestic Short Hair",9.0089
"Male","Domestic Medium Hair",12.2967
"Female","Domestic Long Hair",10.2441
"Female","Domestic Long Hair",11.0049
"Male","Domestic Short Hair",10.3812
"Male","Domestic Short Hair",9.4772
"Female","Domestic Short Hair",7.761
"Male","Domestic Short Hair",6.9236
"Male","Domestic Long Hair",11.0619
"Female","Domestic Medium Hair",10.6264
"Male","Domestic Long Hair",11.8383
"Male","Domestic Long Hair",10.4034
"Male","Domestic Short Hair",9.0659
"Male","Domestic Long Hair",9.7258
"Male","Domestic Short Hair",7.9079
"Male","Domestic Short Hair",8.1268
"Male","Domestic Long Hair",12.0375
"Male","Domestic Short Hair",10.9635
"Male","Domestic Medium Hair",10.9812
"Female","Domestic Medium Hair",10.1099
"Female","Domestic Medium Hair",7.6796
"Male","Domestic Long Hair",11.1454
"Male","Domestic Medium Hair",10.9096
"Female","Domestic Short Hair",6.7335
"Male","Domestic Long Hair",12.8646
"Female","Domestic Short Hair",8.4638
"Male","Domestic Short Hair",8.5739
"Male","Domestic Short Hair",10.4213
"Male","Domestic Short Hair",10.1369
"Male","Domestic Medium Hair",9.4932
"Male","Domestic Medium Hair",10.5344
"Female","Domestic Short Hair",7.7795
"Male","Domestic Short Hair",9.8355
"Male","Domestic Long Hair",12.6019
"Female","Domestic Short Hair",7.664
"Male","Domestic Short Hair",9.185
"Male","Domestic Short Hair",8.8365
"Female","Domestic Long Hair",8.6563
"Female","Domestic Long Hair",10.3432
"Male","Domestic Short Hair",8.653
"Male","Domestic Long Hair",10.941
"Male","Domestic Short Hair",9.6678
"Female","Domestic Medium Hair",8.2643
"Female","Domestic Short Hair",8.6514
"Male","Domestic Short Hair",9.8386
"Female","Domestic Medium Hair",10.2222
"Female","Domestic Medium Hair",9.7892
"Male","Domestic Medium Hair",10.5852
"Male","Domestic Long Hair",11.4068
"Male","Domestic Short Hair",11.8194
"Male","Domestic Short Hair",7.0922
"Male","Domestic Medium Hair",10.9219
"Female","Domestic Short Hair",7.7101
"Male","Domestic Short Hair",10.4574
"Female","Domestic Short Hair",9.8608
"Female","Domestic Short Hair",8.7207
"Female","Domestic Short Hair",8.9617
"Female","Domestic Short Hair",7.7558
"Female","Domestic Short Hair",8.6478
"Female","Domestic Short Hair",7.9843
"Male","Domestic Long Hair",9.7802
"Male","Domestic Medium Hair",9.3493
"Male","Domestic Short Hair",8.2898
"Female","Domestic Short Hair",8.4155
"Female","Domestic Short Hair",7.7467
"Male","Domestic Long Hair",11.6569
"Female","Domestic Long Hair",10.9062
"Male","Domestic Long Hair",12.5337
"Female","Domestic Short Hair",9.8533
"Female","Domestic Short Hair",6.9328
"Female","Domestic Medium Hair",10.5277
"Male","Domestic Medium Hair",8.2734
"Male","Domestic Short Hair",6.6072
"Male","Domestic Long Hair",10.1056
"Female","Domestic Short Hair",9.1482
"Female","Domestic Short Hair",10.3128
"Female","Domestic Short Hair",9.6605
"Female","Domestic Short Hair",9.0606
"Female","Domestic Long Hair",9.9714
"Male","Domestic Short Hair",9.1729
"Male","Domestic Long Hair",10.7
"Male","Domestic Medium Hair",9.1161
"Female","Domestic Short Hair",8.6468
"Female","Domestic Long Hair",9.4613
"Female","Domestic Long Hair",10.2539
"Female","Domestic Long Hair",10.9391
"Female","Domestic Long Hair",9.4085
"Female","Domestic Medium Hair",9.5127
"Male","Domestic Long Hair",9.8458
"Female","Domestic Medium Hair",8.2533
"Male","Domestic Medium Hair",10.4176
"Female","Domestic Short Hair",9.1726
"Female","Domestic Medium Hair",8.9747
"Male","Domestic Long Hair",11.6554
"Male","Domestic Short Hair",7.5108
"Female","Domestic Medium Hair",9.0855
"Female","Domestic Short Hair",6.9833
"Female","Domestic Medium Hair",9.3586
"Female","Domestic Short Hair",7.0361
"Male","Domestic Medium Hair",9.513
"Male","Domestic Medium Hair",10.3811
"Female","Domestic Medium Hair",7.7774
"Male","Domestic Long Hair",9.9547
"Female","Domestic Long Hair",10.6563
"Female","Domestic Long Hair",9.0626
"Male","Domestic Short Hair",8.5313
"Female","Domestic Short Hair",7.7425
"Male","Domestic Long Hair",10.8434
"Male","Domestic Short Hair",8.4392
"Female","Domestic Medium Hair",10.5428
"Female","Domestic Short Hair",6.7753
"Male","Domestic Short Hair",10.3077
"Male","Domestic Medium Hair",10.7747
"Female","Domestic Medium Hair",8.1759
"Male","Domestic Short Hair",8.1981
"Male","Domestic Long Hair",9.7561
"Male","Domestic Short Hair",8.8595
"Female","Domestic Short Hair",9.2493
"Female","Domestic Short Hair",8.3802
"Male","Domestic Long Hair",11.2969
"Female","Domestic Short Hair",8.5676
"Male","Domestic Short Hair",8.71
"Female","Domestic Short Hair",8.7392
"Male","Domestic Long Hair",10.854
"Female","Domestic Medium Hair",9.2253
"Female","Domestic Short Hair",8.0367
"Male","Domestic Long Hair",8.2753
"Male","Domestic Medium Hair",11.4551
"Female","Domestic Short Hair",7.5979
"Male","Domestic Long Hair",12.0536
"Female","Domestic Short Hair",7.6342
"Female","Domestic Short Hair",8.0513
"Male","Domestic Medium Hair",11.2227
"Male","Domestic Long Hair",11.2208
"Female","Domestic Short Hair",8.0665
"Male","Domestic Medium Hair",10.3614
"Male","Domestic Long Hair",10.1176
"Female","Domestic Short Hair",9.2608
"Female","Domestic Medium Hair",7.7123
"Female","Domestic Short Hair",7.9137
"Male","Domestic Long Hair",10.0987
"Female","Domestic Long Hair",10.5475
"Male","Domestic Medium Hair",9.7174
"Female","Domestic Medium Hair",9.236
"Female","Domestic Short Hair",8.6476
"Male","Domestic Long Hair",11.8574
"Male","Domestic Medium Hair",10.5392
"Male","Domestic Long Hair",10.5155
"Male","Domestic Long Hair",10.2651
"Female","Domestic Medium Hair",10.0495
"Female","Domestic Short Hair",7.8861
"Female","Domestic Medium Hair",9.4047
"Male","Domestic Long Hair",9.9402
"Female","Domestic Medium Hair",9.7778
"Female","Domestic Medium Hair",11.6403
"Female","Domestic Short Hair",8.1234
"Female","Domestic Short Hair",9.1373
"Male","Domestic Short Hair",8.3038
"Male","Domestic Short Hair",8.856
"Male","Domestic Long Hair",10.6838
"Female","Domestic Short Hair",9.4405
"Female","Domestic Short Hair",9.0282
"Female","Domestic Short Hair",10.0974
"Male","Domestic Short Hair",10.7563
"Male","Domestic Short Hair",9.1396
"Male","Domestic Short Hair",9.5098
"Female","Domestic Medium Hair",10.8031
"Female","Domestic Medium Hair",9.8452
"Male","Domestic Medium Hair",10.5204
"Male","Domestic Long Hair",10.3012
"Male","Domestic Medium Hair",10.8665
"Female","Domestic Long Hair",9.0473
"Male","Domestic Short Hair",8.3064
"Male","Domestic Short Hair",7.9726
"Male","Domestic Long Hair",11.9161
"Female","Domestic Long Hair",10.672
"Female","Domestic Long Hair",11.3084
"Female","Domestic Medium Hair",7.4445
"Female","Domestic Medium Hair",10.2431
"Male","Domestic Short Hair",8.4193
"Male","Domestic Long Hair",11.419
"Female","Domestic Medium Hair",10.5263
"Female","Domestic Short Hair",9.3544
"Female","Domestic Medium Hair",11.5485
"Female","Domestic Short Hair",7.611
"Male","Domestic Medium Hair",9.9634
"Male","Domestic Short Hair",9.3309
"Male","Domestic Long Hair",11.6119
"Female","Domestic Medium Hair",9.6112
"Male","Domestic Long Hair",12.5479
"Female","Domestic Long Hair",9.0142
"Male","Domestic Medium Hair",9.1177
"Male","Domestic Short Hair",8.6505
"Female","Domestic Long Hair",10.3455
"Female","Domestic Short Hair",8.8514
"Male","Domestic Medium Hair",9.8533
"Female","Domestic Short Hair",7.4708
"Female","Domestic Medium Hair",10.2796
"Female","Domestic Long Hair",11.0756
"Female","Domestic Long Hair",11.1843
"Female","Domestic Medium Hair",9.6438
"Male","Domestic Short Hair",9.5049
"Female","Domestic Short Hair",8.0365
"Male","Domestic Short Hair",8.6693
"Female","Domestic Medium Hair",8.0038
"Female","Domestic Long Hair",10.8672
"Male","Domestic Short Hair",8.2583
"Female","Domestic Medium Hair",9.3165
"Female","Domestic Long Hair",9.7327
"Male","Domestic Short Hair",9.1067
"Male","Domestic Short Hair",7.0893
"Male","Domestic Short Hair",9.9592
"Female","Domestic Short Hair",10.1684
"Female","Domestic Long Hair",9.9492
"Male","Domestic Short Hair",7.2213
"Male","Domestic Long Hair",9.3771
"Female","Domestic Medium Hair",9.4599
"Female","Domestic Long Hair",11.0721
"Male","Domestic Medium Hair",9.9708
"Male","Domestic Long Hair",11.6255
"Male","Domestic Long Hair",12.4588
"Female","Domestic Short Hair",9.1632
"Male","Domestic Short Hair",10.1212
"Female","Domestic Long Hair",11.0434
"Female","Domestic Long Hair",9.9712
"Male","Domestic Short Hair",8.4061
"Female","Domestic Medium Hair",9.6381
"Female","Domestic Short Hair",9.2455
"Male","Domestic Medium Hair",9.8802
"Male","Domestic Medium Hair",10.9814
"Female","Domestic Short Hair",9.3074
"Male","Domestic Medium Hair",9.3444
"Male","Domestic Short Hair",10.022
"Female","Domestic Short Hair",7.9402
"Female","Domestic Short Hair",10.4197
"Male","Domestic Short Hair",9.11
"Female","Domestic Long Hair",8.8118
"Female","Domestic Medium Hair",11.1727
"Female","Domestic Medium Hair",9.0324
"Male","Domestic Long Hair",11.1376
"Female","Domestic Medium Hair",11.3412
"Female","Domestic Long Hair",10.2055
"Female","Domestic Short Hair",9.2192
"Female","Domestic Short Hair",8.0676
"Male","Domestic Long Hair",12.5322
"Male","Domestic Long Hair",11.6372
"Female","Domestic Short Hair",7.9549
"Male","Domestic Short Hair",9.6441
"Female","Domestic Medium Hair",8.3137
"Male","Domestic Short Hair",10.2165
"Male","Domestic Long Hair",10.7399
"Male","Domestic Long Hair",10.0499
"Male","Domestic Medium Hair",9.2605
"Male","Domestic Short Hair",9.0634
"Male","Domestic Long Hair",10.0564
"Male","Domestic Medium Hair",11.3681
"Female","Domestic Long Hair",9.493
"Female","Domestic Long Hair",7.3558
"Female","Domestic Short Hair",7.9088
"Male","Domestic Short Hair",9.2726
"Male","Domestic Long Hair",12.4393
"Female","Domestic Short Hair",11.0987
"Male","Domestic Medium Hair",10.2173
"Female","Domestic Long Hair",10.6781
"Female","Domestic Medium Hair",9.7302
"Male","Domestic Short Hair",10.0767
"Female","Domestic Medium Hair",9.7605
"Male","Domestic Short Hair",10.4606
"Female","Domestic Long Hair",9.9622
"Female","Domestic Long Hair",9.4953
"Female","Domestic Long Hair",11.4876
"Male","Domestic Medium Hair",11.65
"Male","Domestic Short Hair",8.1382
"Female","Domestic Medium Hair",10.3089
"Female","Domestic Long Hair",10.0283
"Male","Domestic Long Hair",11.9414
"Female","Domestic Long Hair",8.5634
"Male","Domestic Long Hair",11.5606
"Female","Domestic Short Hair",9.466
"Female","Domestic Medium Hair",9.5594
"Female","Domestic Medium Hair",9.1657
"Female","Domestic Long Hair",10.1397
"Male","Domestic Short Hair",8.5076
"Male","Domestic Short Hair",8.5311
"Female","Domestic Short Hair",8.4308
"Male","Domestic Short Hair",7.3889
"Male","Domestic Long Hair",11.67
"Male","Domestic Long Hair",11.3917
"Female","Domestic Short Hair",8.2298
"Male","Domestic Long Hair",12.0606
"Female","Domestic Short Hair",9.05
"Male","Domestic Long Hair",11.2783
"Female","Domestic Medium Hair",10.541
"Female","Domestic Short Hair",8.1851
"Male","Domestic Medium Hair",8.3676
"Female","Domestic Long Hair",9.276
"Male","Domestic Long Hair",9.2814
"Female","Domestic Short Hair",8.359
"Female","Domestic Short Hair",8.018
"Female","Domestic Short Hair",9.9862
"Male","Domestic Short Hair",10.2125
"Female","Domestic Short Hair",7.49
"Male","Domestic Medium Hair",10.124
"Male","Domestic Short Hair",9.958
"Female","Domestic Medium Hair",9.5564
"Male","Domestic Long Hair",11.0929
"Female","Domestic Long Hair",8.9975
"Male","Domestic Short Hair",9.9175
"Male","Domestic Long Hair",11.5226
"Female","Domestic Short Hair",8.1043
"Male","Domestic Long Hair",11.5254
"Male","Domestic Short Hair",9.3248
"Male","Domestic Medium Hair",10.9457
"Female","Domestic Short Hair",8.8763
"Male","Domestic Medium Hair",10.2338
"Female","Domestic Medium Hair",9.7448
"Male","Domestic Short Hair",11.4422
"Male","Domestic Short Hair",9.8947
"Male","Domestic Long Hair",10.9394
"Female","Domestic Medium Hair",9.712
"Male","Domestic Short Hair",8.3044
"Female","Domestic Short Hair",7.9489
"Female","Domestic Short Hair",9.0033
"Female","Domestic Medium Hair",10.464
"Male","Domestic Medium Hair",9.0186
"Female","Domestic Short Hair",9.0776
"Female","Domestic Medium Hair",10.1614
"Female","Domestic Long Hair",9.6137
"Male","Domestic Medium Hair",10.1447
"Male","Domestic Medium Hair",9.9748
"Male","Domestic Long Hair",11.4712
"Female","Domestic Short Hair",9.0436
"Female","Domestic Short Hair",8.4078
"Female","Domestic Short Hair",10.2888
"Female","Domestic Long Hair",9.3972
"Female","Domestic Short Hair",6.5887
"Male","Domestic Short Hair",9.5168
"Female","Domestic Medium Hair",8.5502
"Female","Domestic Long Hair",10.5448
"Female","Domestic Medium Hair",10.0005
"Female","Domestic Short Hair",9.7205
"Female","Domestic Short Hair",9.1422
"Female","Domestic Medium Hair",9.1779
"Male","Domestic Long Hair",10.6743
"Male","Domestic Medium Hair",10.6396
"Female","Domestic Short Hair",7.2644
"Male","Domestic Short Hair",8.8478
"Female","Domestic Short Hair",9.2103
"Female","Domestic Short Hair",8.3317
"Female","Domestic Long Hair",7.8472
"Female","Domestic Long Hair",10.2155
"Male","Domestic Long Hair",11.8334
"Male","Domestic Long Hair",9.9711
"Female","Domestic Long Hair",9.1341
"Male","Domestic Long Hair",9.505
"Male","Domestic Long Hair",8.9747
"Female","Domestic Medium Hair",11.4883
"Male","Domestic Short Hair",8.4888
"Male","Domestic Short Hair",11.9185
"Female","Domestic Short Hair",9.6359
"Female","Domestic Long Hair",9.4304
"Male","Domestic Short Hair",9.5941
"Male","Domestic Medium Hair",9.0718
"Male","Domestic Long Hair",9.6594
"Male","Domestic Medium Hair",8.4971
"Male","Domestic Long Hair",10.4159
"Male","Domestic Long Hair",10.1959
"Male","Domestic Medium Hair",11.1545
"Male","Domestic Short Hair",8.814
"Male","Domestic Short Hair",8.997
"Female","Domestic Short Hair",9.4069
"Female","Domestic Short Hair",9.0236
"Female","Domestic Medium Hair",10.1009
"Male","Domestic Medium Hair",9.5429
"Male","Domestic Medium Hair",8.9342
"Female","Domestic Short Hair",9.5551
"Male","Domestic Long Hair",12.489
"Female","Domestic Short Hair",8.1493
"Female","Domestic Short Hair",7.6769
"Male","Domestic Long Hair",11.7178
"Male","Domestic Medium Hair",9.319
"Male","Domestic Medium Hair",9.6896
"Female","Domestic Long Hair",9.0741
"Female","Domestic Medium Hair",11.4907
"Female","Domestic Medium Hair",10.8626
"Male","Domestic Long Hair",11.4187
"Male","Domestic Short Hair",8.7937
"Female","Domestic Medium Hair",10.4642
"Male","Domestic Long Hair",11.8913
"Female","Domestic Long Hair",9.7862
"Male","Domestic Long Hair",11.9157
"Male","Domestic Short Hair",8.1697
"Female","Domestic Medium Hair",9.7511
"Female","Domestic Short Hair",8.7576
"Male","Domestic Long Hair",12.0944
"Male","Domestic Short Hair",9.6476
"Male","Domestic Short Hair",9.5955
"Male","Domestic Medium Hair",9.8351
"Male","Domestic Medium Hair",11.2204
"Female","Domestic Short Hair",8.1519
"Female","Domestic Medium Hair",10.0495
"Female","Domestic Medium Hair",8.7561
"Female","Domestic Medium Hair",10.2851
"Male","Domestic Short Hair",10.1835
"Male","Domestic Short Hair",9.1957
"Female","Domestic Short Hair",8.8439
"Female","Domestic Short Hair",8.2937
"Male","Domestic Medium Hair",10.7229
"Male","Domestic Short Hair",10.5043
"Female","Domestic Medium Hair",9.3555
"Male","Domestic Medium Hair",9.7516
"Male","Domestic Long Hair",10.8765
"Male","Domestic Short Hair",11.3807
"Male","Domestic Short Hair",11.1638
"Male","Domestic Long Hair",11.492
"Female","Domestic Short Hair",9.9258
"Female","Domestic Short Hair",7.8437
"Female","Domestic Long Hair",9.009
"Female","Domestic Short Hair",8.4108
"Female","Domestic Short Hair",8.5495
"Female","Domestic Short Hair",8.576
"Female","Domestic Short Hair",9.1965
"Female","Domestic Short Hair",9.3918
"Male","Domestic Short Hair",8.8354
"Female","Domestic Short Hair",7.771
"Female","Domestic Medium Hair",9.387
"Female","Domestic Medium Hair",8.2415
"Female","Domestic Short Hair",7.6441
"Female","Domestic Medium Hair",10.2163
"Female","Domestic Medium Hair",7.7667
"Female","Domestic Short Hair",8.0222
"Female","Domestic Long Hair",9.8299
"Female","Domestic Short Hair",9.2296
"Male","Domestic Short Hair",9.6783
"Male","Domestic Medium Hair",10.5484
"Female","Domestic Medium Hair",8.7982
"Male","Domestic Short Hair",8.1915
"Female","Domestic Short Hair",9.9495
"Female","Domestic Long Hair",8.8644
"Male","Domestic Short Hair",9.9174
"Male","Domestic Short Hair",7.8825
"Male","Domestic Long Hair",9.5466
"Female","Domestic Short Hair",8.1626
"Female","Domestic Long Hair",9.1827
"Female","Domestic Long Hair",9.5232
"Male","Domestic Short Hair",9.0948
"Female","Domestic Long Hair",10.6718
"Male","Domestic Medium Hair",9.453
"Female","Domestic Short Hair",6.5079
"Male","Domestic Medium Hair",9.8678
"Female","Domestic Long Hair",11.9184
"Female","Domestic Long Hair",9.0929
"Male","Domestic Long Hair",11.4758
"Female","Domestic Short Hair",8.476
"Female","Domestic Long Hair",11.4108
"Female","Domestic Medium Hair",10.7333
"Female","Domestic Short Hair",7.7948
"Male","Domestic Long Hair",10.9632
"Female","Domestic Long Hair",10.9618
"Male","Domestic Long Hair",10.9772
"Female","Domestic Short Hair",9.0736
"Male","Domestic Long Hair",11.1628
"Male","Domestic Medium Hair",9.8511
"Male","Domestic Short Hair",9.0682
"Male","Domestic Medium Hair",11.2104
"Male","Domestic Long Hair",10.3082
"Male","Domestic Medium Hair",8.6454
"Female","Domestic Short Hair",8.0148
"Female","Domestic Short Hair",7.5113
"Male","Domestic Long Hair",11.1556
"Female","Domestic Short Hair",7.7425
"Female","Domestic Long Hair",9.0136
"Male","Domestic Long Hair",10.5264
"Female","Domestic Short Hair",7.9148
"Female","Domestic Short Hair",9.3638
"Male","Domestic Short Hair",7.8348
"Male","Domestic Long Hair",11.2461
"Female","Domestic Short Hair",8.4424
"Female","Domestic Long Hair",8.4466
"Male","Domestic Medium Hair",10.6845
"Female","Domestic Short Hair",9.597
"Male","Domestic Short Hair",8.2275
"Male","Domestic Medium Hair",10.464
"Female","Domestic Medium Hair",9.214
"Female","Domestic Medium Hair",7.6476
"Male","Domestic Long Hair",12.6494
"Female","Domestic Long Hair",10.143
"Female","Domestic Short Hair",7.4619
"Female","Domestic Long Hair",10.8278
"Male","Domestic Medium Hair",10.429
"Female","Domestic Long Hair",9.4282
"Female","Domestic Long Hair",9.4557
"Female","Domestic Long Hair",9.7089
"Female","Domestic Short Hair",9.5044
"Female","Domestic Medium Hair",11.4345
"Female","Domestic Long Hair",9.7361
"Female","Domestic Medium Hair",9.6824
"Female","Domestic Short Hair",7.8361
"Female","Domestic Long Hair",10.6904
"Male","Domestic Long Hair",12.4734
"Male","Domestic Short Hair",8.6619
"Male","Domestic Long Hair",11.5815
"Female","Domestic Medium Hair",9.25
"Male","Domestic Short Hair",8.7543
"Female","Domestic Short Hair",7.9633
"Male","Domestic Medium Hair",10.422
"Male","Domestic Long Hair",11.7772
"Male","Domestic Medium Hair",11.1317
"Male","Domestic Medium Hair",9.1023
"Male","Domestic Long Hair",11.6544
"Male","Domestic Short Hair",9.5613
"Female","Domestic Long Hair",10.7706
"Male","Domestic Long Hair",10.3566
"Female","Domestic Short Hair",8.6876
"Female","Domestic Long Hair",8.6532
"Female","Domestic Medium Hair",9.3932
"Male","Domestic Short Hair",9.7034
"Female","Domestic Short Hair",7.7313
"Female","Domestic Short Hair",8.8755
"Female","Domestic Long Hair",9.1323
"Female","Domestic Short Hair",6.8165
"Female","Domestic Long Hair",10.0689
"Male","Domestic Medium Hair",9.8527
"Female","Domestic Medium Hair",10.1283
"Female","Domestic Medium Hair",10.883
"Male","Domestic Long Hair",11.4875
"Female","Domestic Short Hair",8.7451
"Male","Domestic Medium Hair",9.7396
"Male","Domestic Long Hair",11.253
"Female","Domestic Long Hair",10.4587
"Male","Domestic Medium Hair",8.6704
"Male","Domestic Medium Hair",10.2261
"Male","Domestic Medium Hair",10.197
"Female","Domestic Medium Hair",10.0747
"Female","Domestic Long Hair",9.4465
"Female","Domestic Short Hair",8.5568
"Female","Domestic Long Hair",11.1812
"Male","Domestic Short Hair",9.1223
"Male","Domestic Short Hair",11.5225
"Female","Domestic Medium Hair",9.629
"Female","Domestic Long Hair",8.8046
"Female","Domestic Long Hair",8.9805
"Female","Domestic Short Hair",8.6879
"Male","Domestic Medium Hair",11.8687
"Male","Domestic Short Hair",6.5974
"Female","Domestic Short Hair",10.2914
"Female","Domestic Medium Hair",9.525
"Male","Domestic Long Hair",13.2252
"Female","Domestic Short Hair",8.033
"Male","Domestic Long Hair",8.228
"Female","Domestic Medium Hair",11.2408
"Male","Domestic Short Hair",9.5563
"Female","Domestic Short Hair",9.5366
"Female","Domestic Short Hair",7.8779
"Female","Domestic Long Hair",8.9259
"Female","Domestic Medium Hair",10.5797
"Female","Domestic Short Hair",9.2734
"Female","Domestic Long Hair",10.0489
"Female","Domestic Medium Hair",8.248
"Female","Domestic Medium Hair",9.5252
"Male","Domestic Short Hair",10.2385
"Female","Domestic Short Hair",8.2948
"Female","Domestic Short Hair",9.8562
"Male","Domestic Short Hair",10.3248
"Male","Domestic Long Hair",9.2166
"Female","Domestic Short Hair",8.2926
"Female","Domestic Long Hair",12.1265
"Female","Domestic Medium Hair",10.0197
"Male","Domestic Medium Hair",11.1182
"Male","Domestic Short Hair",9.9383
"Female","Domestic Short Hair",11.1815
"Female","Domestic Short Hair",9.99
"Male","Domestic Short Hair",6.9723
"Male","Domestic Long Hair",10.9531
"Female","Domestic Long Hair",10.0068
"Male","Domestic Short Hair",10.1408
"Female","Domestic Short Hair",8.8027
"Male","Domestic Short Hair",10.1884
"Female","Domestic Short Hair",8.5901
"Female","Domestic Short Hair",7.8246
"Male","Domestic Long Hair",12.3284
"Male","Domestic Long Hair",10.9987
"Male","Domestic Short Hair",8.0207
"Male","Domestic Medium Hair",10.326
"Male","Domestic Short Hair",9.8325
"Male","Domestic Medium Hair",8.189
"Female","Domestic Long Hair",9.7213
"Female","Domestic Medium Hair",9.2779
"Female","Domestic Short Hair",6.8021
"Male","Domestic Short Hair",11.2119
"Male","Domestic Short Hair",9.6106
"Male","Domestic Short Hair",8.8464
"Female","Domestic Medium Hair",9.4633
"Female","Domestic Short Hair",7.9106
"Female","Domestic Medium Hair",8.1371
"Female","Domestic Short Hair",8.7435
"Female","Domestic Medium Hair",9.1318
"Male","Domestic Short Hair",10.2739
"Male","Domestic Short Hair",9.217
"Female","Domestic Short Hair",9.7505
"Male","Domestic Short Hair",8.645
"Male","Domestic Short Hair",8.8173
"Female","Domestic Medium Hair",9.121
"Female","Domestic Long Hair",10.1322
"Male","Domestic Medium Hair",9.5045
"Male","Domestic Medium Hair",12.5619
"Female","Domestic Medium Hair",8.2926
"Female","Domestic Long Hair",9.9891
"Male","Domestic Long Hair",11.5377
"Male","Domestic Short Hair",8.7785
"Female","Domestic Long Hair",9.2293
"Male","Domestic Short Hair",9.1035
"Male","Domestic Short Hair",8.9138
"Female","Domestic Long Hair",11.7306
"Female","Domestic Medium Hair",9.5394
"Female","Domestic Medium Hair",8.9012
"Female","Domestic Long Hair",7.9732
"Female","Domestic Short Hair",7.9477
"Male","Domestic Medium Hair",9.8524
"Male","Domestic Long Hair",10.8005
"Female","Domestic Long Hair",9.2779
"Female","Domestic Short Hair",10.1549
"Female","Domestic Medium Hair",9.4685
"Female","Domestic Short Hair",9.6981
"Female","Domestic Long Hair",10.1837
"Male","Domestic Medium Hair",9.5075
"Female","Domestic Short Hair",9.186
"Female","Domestic Long Hair",9.3657
"Female","Domestic Short Hair",6.8546
"Male","Domestic Long Hair",9.8101
"Female","Domestic Short Hair",9.3823
"Female","Domestic Long Hair",9.5944
"Male","Domestic Medium Hair",11.8429
"Male","Domestic Short Hair",9.4538
"Male","Domestic Medium Hair",12.3164
"Male","Domestic Long Hair",11.3578
"Male","Domestic Medium Hair",9.03
"Female","Domestic Medium Hair",10.0208
"Male","Domestic Short Hair",8.9677
"Female","Domestic Medium Hair",9.5583
"Female","Domestic Long Hair",10.726
"Female","Domestic Long Hair",10.2784
"Female","Domestic Long Hair",9.8002
"Male","Domestic Medium Hair",10.227
"Male","Domestic Long Hair",11.1661
"Male","Domestic Long Hair",13.4162
"Female","Domestic Short Hair",8.3502
"Female","Domestic Short Hair",9.4104
"Male","Domestic Medium Hair",11.2959
"Male","Domestic Long Hair",10.5169
"Female","Domestic Medium Hair",9.9677
"Female","Domestic Medium Hair",9.9863
"Female","Domestic Short Hair",9.0349
"Male","Domestic Medium Hair",9.6514
"Female","Domestic Long Hair",8.8011
"Male","Domestic Medium Hair",11.0368
"Female","Domestic Short Hair",7.9947
"Male","Domestic Short Hair",9.493
"Female","Domestic Short Hair",8.9338
"Female","Domestic Medium Hair",8.3685
"Male","Domestic Long Hair",11.283
"Male","Domestic Long Hair",11.7261
"Female","Domestic Short Hair",8.5375
"Female","Domestic Medium Hair",10.4527
"Female","Domestic Medium Hair",9.2429
"Female","Domestic Short Hair",9.0445
"Female","Domestic Medium Hair",10.8484
"Female","Domestic Medium Hair",9.8989
"Male","Domestic Medium Hair",9.5454
"Female","Domestic Long Hair",10.9084
"Male","Domestic Medium Hair",9.044
"Male","Domestic Long Hair",10.1373
"Male","Domestic Long Hair",11.5362
"Female","Domestic Short Hair",6.9361
"Male","Domestic Long Hair",10.1739
"Male","Domestic Long Hair",10.1985
"Male","Domestic Long Hair",10.4184
"Male","Domestic Short Hair",8.7906
"Female","Domestic Long Hair",9.0398
"Male","Domestic Short Hair",8.207
"Male","Domestic Short Hair",10.2394
"Male","Domestic Long Hair",12.0061
"Male","Domestic Short Hair",11.0405
"Female","Domestic Short Hair",9.632
"Female","Domestic Long Hair",10.9519
"Female","Domestic Short Hair",8.2362
"Male","Domestic Short Hair",8.4774
"Male","Domestic Medium Hair",10.8104
"Female","Domestic Long Hair",10.8254
"Male","Domestic Long Hair",11.771
"Male","Domestic Long Hair",10.404
"Female","Domestic Long Hair",8.395
"Female","Domestic Medium Hair",10.6609
"Female","Domestic Medium Hair",8.6484
"Female","Domestic Short Hair",8.4852
"Male","Domestic Short Hair",9.9325
"Female","Domestic Medium Hair",9.656
"Female","Domestic Short Hair",8.7574
"Male","Domestic Short Hair",10.0229
"Female","Domestic Short Hair",10.8136
"Male","Domestic Long Hair",10.772
"Male","Domestic Short Hair",8.5877
"Female","Domestic Short Hair",8.8615
"Male","Domestic Short Hair",9.4355
"Female","Domestic Medium Hair",11.1944
"Male","Domestic Short Hair",7.9765
"Male","Domestic Long Hair",12.0157
"Male","Domestic Short Hair",7.905
"Female","Domestic Long Hair",10.8764
"Female","Domestic Medium Hair",9.5647
"Female","Domestic Medium Hair",10.8766
"Male","Domestic Long Hair",10.201
"Female","Domestic Short Hair",8.3308
"Female","Domestic Medium Hair",10.1438
"Female","Domestic Short Hair",9.3195
"Female","Domestic Short Hair",9.5031
"Male","Domestic Short Hair",10.8587
"Female","Domestic Short Hair",9.1826
"Male","Domestic Long Hair",11.3008
"Male","Domestic Short Hair",10.1342
"Female","Domestic Medium Hair",9.9082
"Male","Domestic Medium Hair",10.327
"Male","Domestic Medium Hair",9.2164
"Female","Domestic Medium Hair",10.5114
"Female","Domestic Medium Hair",11.0711
"Male","Domestic Medium Hair",10.5246
"Female","Domestic Medium Hair",9.4009
"Female","Domestic Short Hair",8.7344
"Male","Domestic Medium Hair",8.8779
"Female","Domestic Medium Hair",10.0502
"Female","Domestic Long Hair",11.0016
"Female","Domestic Medium Hair",10.3444
"Female","Domestic Medium Hair",8.0134
"Female","Domestic Short Hair",8.414
"Female","Domestic Medium Hair",9.1493
"Male","Domestic Long Hair",10.3017
"Female","Domestic Medium Hair",7.7214
"Male","Domestic Short Hair",6.3611
"Female","Domestic Short Hair",7.1512
"Female","Domestic Medium Hair",10.7367
"Male","Domestic Long Hair",10.5105
"Female","Domestic Long Hair",11.3014
"Male","Domestic Long Hair",12.159
"Female","Domestic Short Hair",8.9797
"Male","Domestic Short Hair",9.5574
"Male","Domestic Short Hair",10.1547
"Male","Domestic Medium Hair",10.3058
"Female","Domestic Medium Hair",7.8358
"Female","Domestic Short Hair",8.3929
"Female","Domestic Short Hair",8.5078
"Female","Domestic Long Hair",10.9535
"Female","Domestic Short Hair",7.6835
"Male","Domestic Long Hair",10.5463
"Female","Domestic Medium Hair",9.8287
"Male","Domestic Short Hair",9.2833
"Male","Domestic Medium Hair",9.8005
"Female","Domestic Short Hair",7.7182
"Female","Domestic Medium Hair",10.8735
"Male","Domestic Long Hair",10.5913
"Male","Domestic Medium Hair",9.2575
"Female","Domestic Short Hair",8.752
"Female","Domestic Short Hair",7.6017
"Female","Domestic Short Hair",8.5364
"Male","Domestic Long Hair",10.4341
"Male","Domestic Medium Hair",10.3533
"Male","Domestic Long Hair",11.4263
"Female","Domestic Long Hair",10.3876
"Female","Domestic Long Hair",8.3082
"Female","Domestic Short Hair",8.4368
"Male","Domestic Medium Hair",10.668
"Female","Domestic Short Hair",9.7633
"Male","Domestic Long Hair",10.6337
"Male","Domestic Long Hair",11.4321
"Female","Domestic Short Hair",10.9048
"Female","Domestic Short Hair",9.0751
"Female","Domestic Medium Hair",9.9577
"Female","Domestic Long Hair",10.1517
"Male","Domestic Long Hair",9.7884
"Female","Domestic Long Hair",11.1994
"Female","Domestic Long Hair",10.12
"Female","Domestic Short Hair",9.5767
"Female","Domestic Short Hair",9.0225
"Female","Domestic Medium Hair",9.0218
"Male","Domestic Short Hair",8.2302
"Female","Domestic Medium Hair",10.0726
"Male","Domestic Short Hair",9.1379
"Female","Domestic Short Hair",6.7791
"Female","Domestic Medium Hair",10.469
"Male","Domestic Long Hair",11.3157
"Female","Domestic Short Hair",9.1772
"Female","Domestic Short Hair",8.4035
"Male","Domestic Short Hair",8.3921
"Female","Domestic Medium Hair",10.3498
"Male","Domestic Long Hair",11.3854
"Female","Domestic Short Hair",9.3345
"Female","Domestic Medium Hair",11.1008
"Female","Domestic Medium Hair",9.1817
"Female","Domestic Long Hair",10.2706
"Male","Domestic Medium Hair",10.9979
"Male","Domestic Long Hair",11.2687
"Female","Domestic Medium Hair",11.424
"Male","Domestic Short Hair",11.1565
"Female","Domestic Short Hair",8.8021
"Female","Domestic Medium Hair",10.7192
"Male","Domestic Short Hair",10.9975
"Female","Domestic Medium Hair",10.3393
"Female","Domestic Short Hair",7.9338
"Female","Domestic Long Hair",8.3957
"Female","Domestic Long Hair",10.4543
"Female","Domestic Medium Hair",9.4839
"Male","Domestic Short Hair",12.3514
"Female","Domestic Medium Hair",10.1951
"Female","Domestic Short Hair",8.9942
"Female","Domestic Short Hair",8.7275
"Female","Domestic Short Hair",7.922
"Male","Domestic Medium Hair",10.9895
"Female","Domestic Long Hair",9.6709
"Female","Domestic Short Hair",8.7348
"Male","Domestic Medium Hair",10.2023
"Male","Domestic Short Hair",7.6938
"Female","Domestic Medium Hair",9.9652
"Female","Domestic Long Hair",8.8571
"Male","Domestic Long Hair",11.4847
"Male","Domestic Long Hair",11.4657
"Female","Domestic Short Hair",8.9363
"Female","Domestic Short Hair",8.4907
"Female","Domestic Medium Hair",9.2321
"Male","Domestic Long Hair",11.1422
"Male","Domestic Long Hair",10.7345
"Female","Domestic Medium Hair",7.0626
"Male","Domestic Short Hair",10.4489
"Female","Domestic Long Hair",9.9378
"Female","Domestic Medium Hair",7.1835
"Female","Domestic Long Hair",9.8914
"Female","Domestic Short Hair",9.6938
"Female","Domestic Long Hair",9.7063
"Female","Domestic Long Hair",7.7673
"Male","Domestic Long Hair",11.9028
"Female","Domestic Long Hair",9.7698
"Male","Domestic Medium Hair",9.2994
"Female","Domestic Short Hair",8.0989
"Female","Domestic Long Hair",8.1675
"Male","Domestic Medium Hair",9.618
"Male","Domestic Medium Hair",10.5564
"Female","Domestic Medium Hair",7.8287
"Male","Domestic Short Hair",10.4692
"Female","Domestic Long Hair",9.0167
"Female","Domestic Long Hair",9.287
"Male","Domestic Short Hair",9.0215
"Male","Domestic Medium Hair",10.0843
"Female","Domestic Short Hair",10.3218
"Female","Domestic Short Hair",8.3669
"Female","Domestic Medium Hair",7.9369
"Male","Domestic Short Hair",8.3878
"Female","Domestic Short Hair",7.7405
"Male","Domestic Short Hair",7.9744
"Male","Domestic Long Hair",9.9042
"Female","Domestic Medium Hair",10.0638
"Female","Domestic Medium Hair",11.1358
"Male","Domestic Short Hair",8.6304
"Male","Domestic Medium Hair",10.1489
"Female","Domestic Long Hair",9.5057
"Female","Domestic Medium Hair",10.6714
"Male","Domestic Short Hair",8.5259
"Male","Domestic Short Hair",9.5277
"Male","Domestic Short Hair",9.8005
"Female","Domestic Short Hair",9.8307
"Female","Domestic Short Hair",10.4769
"Female","Domestic Long Hair",9.514
"Male","Domestic Long Hair",11.5363
"Female","Domestic Medium Hair",9.7667
"Male","Domestic Long Hair",11.885
"Female","Domestic Medium Hair",10.5192
"Male","Domestic Long Hair",10.4804
"Male","Domestic Long Hair",11.2376
"Female","Domestic Short Hair",8.7121
"Female","Domestic Short Hair",8.1871
"Female","Domestic Medium Hair",10.7149
"Female","Domestic Medium Hair",9.7613
"Male","Domestic Short Hair",8.0626
"Male","Domestic Long Hair",10.8812
"Female","Domestic Medium Hair",9.4844
"Female","Domestic Long Hair",10.4654
"Female","Domestic Short Hair",8.8709
"Female","Domestic Medium Hair",9.0959
"Male","Domestic Medium Hair",11.042
"Female","Domestic Long Hair",10.1077
"Male","Domestic Long Hair",11.8914
"Male","Domestic Long Hair",13.2823
"Female","Domestic Medium Hair",9.1537
"Female","Domestic Medium Hair",10.062
"Female","Domestic Long Hair",8.9904
"Male","Domestic Short Hair",9.139
"Female","Domestic Long Hair",9.7819
"Female","Domestic Short Hair",7.6927
"Male","Domestic Long Hair",11.5907
"Female","Domestic Long Hair",11.9266
"Male","Domestic Short Hair",10.3984
"Female","Domestic Long Hair",9.2108
"Male","Domestic Short Hair",8.7828
"Female","Domestic Short Hair",8.8631
"Male","Domestic Long Hair",13.7126
"Female","Domestic Medium Hair",10.2944
"Female","Domestic Long Hair",10.5615
"Female","Domestic Medium Hair",8.3009
"Male","Domestic Long Hair",9.1021
"Male","Domestic Long Hair",10.178
"Male","Domestic Long Hair",10.6944
"Female","Domestic Long Hair",9.2891
"Female","Domestic Medium Hair",10.4908
"Male","Domestic Short Hair",9.3483
"Male","Domestic Short Hair",9.8659
"Female","Domestic Medium Hair",9.9828
"Male","Domestic Medium Hair",9.5624
"Female","Domestic Medium Hair",9.32
"Male","Domestic Medium Hair",9.0559
"Female","Domestic Medium Hair",9.9491
"Male","Domestic Medium Hair",9.504
"Male","Domestic Medium Hair",11.0152
"Male","Domestic Short Hair",9.4034
"Male","Domestic Long Hair",11.3675
"Male","Domestic Short Hair",9.2059
"Female","Domestic Short Hair",7.3745
"Female","Domestic Short Hair",9.4723
"Female","Domestic Short Hair",6.8016
"Female","Domestic Long Hair",7.9775
"Male","Domestic Long Hair",11.9262
"Female","Domestic Long Hair",10.3062
"Female","Domestic Medium Hair",9.3599
"Male","Domestic Short Hair",9.9972
"Male","Domestic Long Hair",10.1984
"Female","Domestic Long Hair",8.58
"Female","Domestic Long Hair",8.9819
"Male","Domestic Medium Hair",11.0236
"Female","Domestic Long Hair",8.2102
"Male","Domestic Short Hair",7.8019
"Male","Domestic Short Hair",10.8878
"Male","Domestic Medium Hair",11.8132
"Male","Domestic Medium Hair",10.5347
"Male","Domestic Short Hair",8.3947
"Female","Domestic Short Hair",7.8997
"Female","Domestic Long Hair",6.8398
"Female","Domestic Short Hair",9.1774
"Female","Domestic Medium Hair",9.9332
"Male","Domestic Medium Hair",10.2498
"Male","Domestic Long Hair",10.646
"Female","Domestic Medium Hair",11.8409
"Female","Domestic Long Hair",9.9732
"Male","Domestic Long Hair",12.6236
"Female","Domestic Short Hair",8.6511
"Female","Domestic Medium Hair",9.2617
"Female","Domestic Medium Hair",11.0042
"Female","Domestic Medium Hair",8.7169
"Female","Domestic Medium Hair",7.1109
"Female","Domestic Medium Hair",9.4079
"Female","Domestic Medium Hair",10.9324
"Female","Domestic Medium Hair",9.0516
"Male","Domestic Medium Hair",11.1816
"Male","Domestic Short Hair",9.5412
"Female","Domestic Long Hair",9.4351
"Male","Domestic Short Hair",8.485
"Male","Domestic Short Hair",10.051
"Female","Domestic Long Hair",9.8399
"Female","Domestic Short Hair",9.2632
"Male","Domestic Short Hair",9.3164
"Female","Domestic Medium Hair",10.2133
"Male","Domestic Long Hair",11.9171
"Male","Domestic Short Hair",9.2139
"Male","Domestic Long Hair",9.69
"Male","Domestic Medium Hair",10.0989
"Female","Domestic Short Hair",9.9823
"Female","Domestic Medium Hair",9.0691
"Female","Domestic Medium Hair",10.1658
"Female","Domestic Short Hair",8.9562
"Female","Domestic Long Hair",9.7672
"Male","Domestic Medium Hair",9.9035
"Male","Domestic Short Hair",7.6115
"Female","Domestic Short Hair",7.9918
"Female","Domestic Medium Hair",10.0239
"Female","Domestic Long Hair",10.1491
"Female","Domestic Short Hair",10.6805
"Male","Domestic Long Hair",10.6553
"Male","Domestic Short Hair",8.8117
"Female","Domestic Medium Hair",10.4287
"Male","Domestic Long Hair",10.9807
"Female","Domestic Short Hair",6.5427
"Male","Domestic Short Hair",10.9747
"Female","Domestic Long Hair",11.4755
"Male","Domestic Short Hair",9.2383
"Female","Domestic Long Hair",9.7478
"Male","Domestic Short Hair",9.9464
"Male","Domestic Long Hair",10.2731
"Female","Domestic Short Hair",7.1815
"Female","Domestic Short Hair",8.6874
"Male","Domestic Medium Hair",8.1395
"Female","Domestic Short Hair",8.2694
"Female","Domestic Long Hair",9.6931
"Female","Domestic Short Hair",7.0826
"Male","Domestic Short Hair",7.6183
"Male","Domestic Long Hair",10.5795
"Male","Domestic Short Hair",10.6523
"Male","Domestic Medium Hair",11.9918
"Female","Domestic Medium Hair",8.3332
"Female","Domestic Short Hair",8.7714
"Male","Domestic Medium Hair",8.9507
"Female","Domestic Short Hair",7.868
"Male","Domestic Long Hair",10.1268
"Male","Domestic Long Hair",10.6765
"Female","Domestic Medium Hair",7.842
"Male","Domestic Medium Hair",9.9467
"Female","Domestic Medium Hair",8.5284
"Male","Domestic Short Hair",8.8101
"Female","Domestic Short Hair",7.9995
"Female","Domestic Short Hair",8.5803
"Male","Domestic Long Hair",10.3453
"Male","Domestic Short Hair",7.0762
"Female","Domestic Short Hair",7.9246
"Male","Domestic Short Hair",6.2193
"Male","Domestic Short Hair",9.1875
"Female","Domestic Medium Hair",11.6383
"Male","Domestic Long Hair",10.0261
"Female","Domestic Long Hair",10.465
"Female","Domestic Long Hair",9.2374
"Female","Domestic Medium Hair",10.0541
"Female","Domestic Long Hair",11.4024
"Female","Domestic Medium Hair",8.8453
"Male","Domestic Medium Hair",10.4439
"Male","Domestic Short Hair",10.134
"Female","Domestic Short Hair",9.6768
"Female","Domestic Medium Hair",9.5991
"Male","Domestic Short Hair",10.5891
"Female","Domestic Short Hair",7.8121
"Male","Domestic Short Hair",10.3062
"Male","Domestic Short Hair",7.7212
"Male","Domestic Medium Hair",10.8581
"Male","Domestic Long Hair",11.8765
"Male","Domestic Short Hair",8.8943
"Male","Domestic Long Hair",10.9715
"Male","Domestic Long Hair",10.3728
"Female","Domestic Short Hair",9.1528
"Male","Domestic Medium Hair",11.2837
"Female","Domestic Long Hair",9.5587
"Female","Domestic Long Hair",10.0015
"Female","Domestic Long Hair",12.3917
"Male","Domestic Short Hair",8.8216
"Female","Domestic Short Hair",9.2777
"Male","Domestic Short Hair",9.9934
"Female","Domestic Short Hair",8.6082
"Female","Domestic Short Hair",8.9613
"Female","Domestic Long Hair",10.2542
"Male","Domestic Short Hair",12.2648
"Female","Domestic Medium Hair",11.4818
"Male","Domestic Medium Hair",9.9313
"Male","Domestic Short Hair",9.5007
"Male","Domestic Medium Hair",9.0716
"Male","Domestic Medium Hair",10.8477
"Female","Domestic Long Hair",9.5001
"Male","Domestic Medium Hair",10.0232
"Male","Domestic Medium Hair",8.8976
"Male","Domestic Medium Hair",9.0841
"Female","Domestic Long Hair",11.5875
"Female","Domestic Medium Hair",12.2469
"Male","Domestic Short Hair",10.4224
"Female","Domestic Short Hair",8.3967
"Female","Domestic Medium Hair",9.5848
"Female","Domestic Long Hair",9.2276
"Female","Domestic Long Hair",9.7506
"Female","Domestic Medium Hair",10.2117
"Female","Domestic Medium Hair",9.4039
"Male","Domestic Long Hair",10.2263
"Male","Domestic Short Hair",10.4339
"Male","Domestic Short Hair",8.7862
"Female","Domestic Short Hair",9.0409
"Male","Domestic Short Hair",9.4847
"Female","Domestic Short Hair",8.7205
"Female","Domestic Short Hair",8.4268
"Male","Domestic Short Hair",6.7958
"Male","Domestic Long Hair",11.5203
"Female","Domestic Medium Hair",11.5792
"Male","Domestic Medium Hair",10.5469
"Female","Domestic Short Hair",8.1523
"Female","Domestic Short Hair",7.7353
"Male","Domestic Short Hair",10.4226
"Male","Domestic Short Hair",8.3352
"Female","Domestic Medium Hair",9.945
"Male","Domestic Long Hair",11.0788
"Female","Domestic Short Hair",7.4669
"Female","Domestic Long Hair",9.2433
"Female","Domestic Short Hair",9.2941
"Female","Domestic Medium Hair",9.3614
"Female","Domestic Medium Hair",11.1552
"Female","Domestic Long Hair",10.0333
"Male","Domestic Medium Hair",9.5336
"Male","Domestic Short Hair",8.2448
"Female","Domestic Medium Hair",11.6836
"Male","Domestic Long Hair",11.076
"Female","Domestic Short Hair",10.4491
"Female","Domestic Medium Hair",8.8595
"Female","Domestic Short Hair",9.3138
"Female","Domestic Short Hair",7.9187
"Male","Domestic Long Hair",11.3601
"Male","Domestic Medium Hair",9.8166
"Male","Domestic Short Hair",7.9931
"Female","Domestic Short Hair",7.7847
"Female","Domestic Medium Hair",9.8925
"Male","Domestic Long Hair",11.1279
"Male","Domestic Short Hair",10.1387
"Female","Domestic Medium Hair",9.3093
"Female","Domestic Short Hair",8.423
"Male","Domestic Long Hair",11.2517
"Female","Domestic Short Hair",10.3193
"Male","Domestic Long Hair",10.2392
"Female","Domestic Long Hair",9.5502
"Female","Domestic Short Hair",8.0812
"Female","Domestic Short Hair",10.4099
"Female","Domestic Medium Hair",11.3038
"Female","Domestic Long Hair",9.4263
"Male","Domestic Medium Hair",8.8943
"Female","Domestic Long Hair",9.0419
"Female","Domestic Short Hair",6.228
"Female","Domestic Short Hair",8.7249
"Female","Domestic Short Hair",8.3645
"Male","Domestic Short Hair",9.2564
"Female","Domestic Medium Hair",9.8928
"Male","Domestic Long Hair",9.9988
"Male","Domestic Long Hair",11.2613
"Female","Domestic Short Hair",11.775
"Female","Domestic Medium Hair",8.8689
"Female","Domestic Medium Hair",9.6171
"Female","Domestic Medium Hair",6.8503
"Female","Domestic Medium Hair",10.105
"Male","Domestic Long Hair",11.0959
"Male","Domestic Medium Hair",12.3417
"Male","Domestic Medium Hair",10.5509
"Female","Domestic Long Hair",10.0332
"Male","Domestic Long Hair",11.6614
"Male","Domestic Medium Hair",9.7676
"Male","Domestic Long Hair",11.8944
"Female","Domestic Long Hair",11.1605
"Female","Domestic Long Hair",9.4054
"Male","Domestic Short Hair",8.9091
"Female","Domestic Short Hair",8.0696
"Male","Domestic Long Hair",10.9727
"Female","Domestic Short Hair",8.1649
"Male","Domestic Medium Hair",10.1498
"Male","Domestic Short Hair",9.8289
"Male","Domestic Medium Hair",10.3907
"Female","Domestic Medium Hair",9.2281
"Female","Domestic Medium Hair",8.2441
"Female","Domestic Medium Hair",9.4086
"Female","Domestic Long Hair",10.5235
"Male","Domestic Long Hair",9.9932
"Female","Domestic Medium Hair",9.6574
"Female","Domestic Long Hair",7.3633
"Female","Domestic Long Hair",10.8745
"Male","Domestic Medium Hair",11.7598
"Female","Domestic Medium Hair",10.2535
"Female","Domestic Long Hair",9.3363
"Male","Domestic Short Hair",9.4072
"Male","Domestic Short Hair",8.9579
"Female","Domestic Medium Hair",10.362
"Female","Domestic Long Hair",10.5889
"Female","Domestic Short Hair",9.0381
"Female","Domestic Long Hair",9.7783
"Male","Domestic Long Hair",10.8049
"Female","Domestic Medium Hair",8.969
"Female","Domestic Medium Hair",11.5494
"Female","Domestic Short Hair",10.3244
"Male","Domestic Long Hair",12.9846
"Female","Domestic Medium Hair",9.7519
"Female","Domestic Long Hair",11.0767
"Male","Domestic Short Hair",9.2878
"Male","Domestic Medium Hair",10.8124
"Male","Domestic Short Hair",8.6176
"Female","Domestic Short Hair",6.786
"Male","Domestic Long Hair",10.4748
"Female","Domestic Medium Hair",8.924
"Female","Domestic Short Hair",7.3385
"Male","Domestic Long Hair",12.0737
"Male","Domestic Short Hair",8.9862
"Male","Domestic Long Hair",11.6434
"Male","Domestic Short Hair",8.7278
"Female","Domestic Medium Hair",8.4089
"Male","Domestic Short Hair",8.8187
"Female","Domestic Long Hair",10.0322
"Female","Domestic Long Hair",9.9907
"Male","Domestic Medium Hair",9.5802
"Female","Domestic Medium Hair",10.2465
"Male","Domestic Short Hair",8.8595
"Male","Domestic Short Hair",7.8777
"Male","Domestic Short Hair",9.0098
"Female","Domestic Short Hair",9.0458
"Male","Domestic Short Hair",8.9917
"Female","Domestic Short Hair",8.3219
"Male","Domestic Long Hair",10.756
"Female","Domestic Short Hair",8.1706
"Female","Domestic Short Hair",9.2035
"Female","Domestic Long Hair",10.8014
"Female","Domestic Short Hair",9.1018
"Female","Domestic Short Hair",10.3965
"Female","Domestic Short Hair",9.0217
"Female","Domestic Short Hair",9.4446
"Female","Domestic Long Hair",9.8607
"Female","Domestic Medium Hair",8.7158
"Female","Domestic Short Hair",7.7472
"Female","Domestic Medium Hair",9.3459
"Male","Domestic Short Hair",10.6454
"Male","Domestic Medium Hair",10.284
"Male","Domestic Short Hair",8.9888
"Female","Domestic Medium Hair",9.5487
"Male","Domestic Long Hair",12.3611
"Female","Domestic Short Hair",7.601
"Male","Domestic Short Hair",8.5811
"Male","Domestic Short Hair",9.8041
"Male","Domestic Long Hair",12.8015
"Female","Domestic Medium Hair",8.1334
"Male","Domestic Medium Hair",11.4778
"Female","Domestic Medium Hair",8.2627
"Male","Domestic Long Hair",11.6188
"Male","Domestic Medium Hair",9.3284
"Male","Domestic Short Hair",9.2856
"Female","Domestic Long Hair",10.119
"Female","Domestic Short Hair",8.1622
"Female","Domestic Short Hair",7.7392
"Female","Domestic Long Hair",10.5277
"Female","Domestic Short Hair",6.9569
"Female","Domestic Short Hair",7.7652
"Male","Domestic Long Hair",9.9977
"Male","Domestic Medium Hair",11.0117
"Female","Domestic Short Hair",10.1091
"Female","Domestic Medium Hair",11.2407
"Male","Domestic Medium Hair",9.3496
"Female","Domestic Short Hair",7.5618
"Female","Domestic Medium Hair",9.4349
"Female","Domestic Medium Hair",9.0148
"Male","Domestic Long Hair",12.29
"Female","Domestic Medium Hair",8.4991
"Female","Domestic Long Hair",11.5849
"Female","Domestic Long Hair",10.3987
"Female","Domestic Medium Hair",11.5097
"Male","Domestic Long Hair",12.3687
"Female","Domestic Short Hair",9.2263
"Female","Domestic Short Hair",8.2472
"Male","Domestic Long Hair",11.0948
"Female","Domestic Short Hair",8.2413
"Male","Domestic Medium Hair",10.1244
"Female","Domestic Medium Hair",10.1708
"Male","Domestic Short Hair",11.1033
"Male","Domestic Medium Hair",9.652
"Male","Domestic Medium Hair",10.2462
"Male","Domestic Long Hair",10.8962
"Male","Domestic Medium Hair",9.9617
"Male","Domestic Short Hair",7.2158
"Female","Domestic Medium Hair",9.8864
"Female","Domestic Medium Hair",10.7295
"Female","Domestic Medium Hair",9.9367
"Male","Domestic Long Hair",11.0055
"Female","Domestic Short Hair",8.6022
"Female","Domestic Short Hair",8.2738
"Female","Domestic Short Hair",12.1774
"Female","Domestic Short Hair",7.4927
"Female","Domestic Medium Hair",10.8165
"Male","Domestic Medium Hair",10.8719
"Female","Domestic Short Hair",8.1824
"Male","Domestic Medium Hair",10.8384
"Male","Domestic Medium Hair",11.2679
"Female","Domestic Medium Hair",8.7403
"Female","Domestic Medium Hair",9.2631
"Female","Domestic Medium Hair",8.4671
"Male","Domestic Medium Hair",10.4912
"Male","Domestic Short Hair",8.4405
"Female","Domestic Medium Hair",9.3794
"Male","Domestic Long Hair",10.9607
"Male","Domestic Short Hair",11.6765
"Female","Domestic Medium Hair",11.6217
"Male","Domestic Long Hair",11.5609
"Female","Domestic Short Hair",8.9184
"Female","Domestic Long Hair",10.2515
"Male","Domestic Long Hair",11.1619
"Male","Domestic Medium Hair",9.2334
"Male","Domestic Medium Hair",10.077
"Female","Domestic Medium Hair",8.4842
"Female","Domestic Medium Hair",9.6696
"Female","Domestic Medium Hair",11.4403
"Male","Domestic Long Hair",10.6626
"Female","Domestic Long Hair",7.8404
"Female","Domestic Medium Hair",11.3545
"Male","Domestic Long Hair",12.3181
"Female","Domestic Short Hair",8.0478
"Female","Domestic Medium Hair",9.2695
"Male","Domestic Short Hair",7.9801
"Female","Domestic Short Hair",7.3988
"Female","Domestic Short Hair",9.188
"Male","Domestic Medium Hair",9.0798
"Male","Domestic Long Hair",11.1868
"Female","Domestic Short Hair",8.7402
"Male","Domestic Short Hair",9.5431
"Male","Domestic Short Hair",8.5348
"Female","Domestic Short Hair",7.4881
"Male","Domestic Long Hair",9.517
"Female","Domestic Short Hair",9.3591
"Female","Domestic Long Hair",9.3373
"Male","Domestic Long Hair",11.7473
"Male","Domestic Long Hair",11.1283
"Female","Domestic Medium Hair",9.2715
"Female","Domestic Short Hair",9.1152
"Male","Domestic Medium Hair",10.4134
"Male","Domestic Short Hair",8.9621
"Male","Domestic Long Hair",11.7048
"Male","Domestic Short Hair",8.8441
"Male","Domestic Short Hair",9.1
"Female","Domestic Short Hair",8.5517
"Male","Domestic Short Hair",9.2289
"Female","Domestic Long Hair",9.3911
"Female","Domestic Short Hair",8.1801
"Male","Domestic Short Hair",9.0863
"Female","Domestic Medium Hair",8.6469
"Female","Domestic Long Hair",9.5885
"Female","Domestic Short Hair",8.4885
"Male","Domestic Medium Hair",10.4947
"Female","Domestic Medium Hair",9.5587
"Female","Domestic Medium Hair",11.679
"Male","Domestic Medium Hair",9.4816
"Female","Domestic Long Hair",9.3103
"Female","Domestic Short Hair",7.6378
"Male","Domestic Short Hair",10.78
"Female","Domestic Long Hair",9.6661
"Female","Domestic Short Hair",7.6765
"Female","Domestic Long Hair",9.652
"Female","Domestic Long Hair",9.1224
"Female","Domestic Medium Hair",10.6777
"Male","Domestic Long Hair",11.9318
"Male","Domestic Short Hair",8.7397
"Female","Domestic Short Hair",7.8765
"Male","Domestic Long Hair",10.5804
"Male","Domestic Medium Hair",9.433
"Male","Domestic Medium Hair",11.369
"Male","Domestic Medium Hair",9.0928
"Female","Domestic Long Hair",10.1657
"Female","Domestic Long Hair",11.8937
"Male","Domestic Long Hair",9.7084
"Female","Domestic Short Hair",7.6908
"Female","Domestic Medium Hair",12.0361
"Female","Domestic Medium Hair",8.0238
"Male","Domestic Medium Hair",10.3239
"Female","Domestic Short Hair",8.6903
"Male","Domestic Long Hair",11.9416
"Male","Domestic Long Hair",11.3755
"Female","Domestic Short Hair",8.6577
"Female","Domestic Short Hair",7.85
"Male","Domestic Long Hair",10.9601
"Female","Domestic Medium Hair",9.1983
"Male","Domestic Long Hair",11.4211
"Female","Domestic Short Hair",10.296
"Female","Domestic Medium Hair",10.661
"Male","Domestic Short Hair",8.7423
"Male","Domestic Medium Hair",9.7295
"Female","Domestic Medium Hair",9.8524
"Female","Domestic Long Hair",10.0552
"Male","Domestic Long Hair",10.994
"Male","Domestic Medium Hair",9.2795
"Male","Domestic Short Hair",9.3513
"Male","Domestic Short Hair",9.6177
"Male","Domestic Long Hair",10.3959
"Female","Domestic Long Hair",8.9233
"Male","Domestic Long Hair",11.8308
"Male","Domestic Short Hair",8.7477
"Female","Domestic Long Hair",9.4424
"Female","Domestic Medium Hair",9.0347
"Female","Domestic Medium Hair",8.4066
"Female","Domestic Short Hair",10.106
"Female","Domestic Long Hair",9.0003
"Female","Domestic Medium Hair",11.2196
"Female","Domestic Medium Hair",10.404
"Female","Domestic Medium Hair",9.8873
"Female","Domestic Long Hair",11.4992
"Male","Domestic Long Hair",9.8184
"Male","Domestic Long Hair",10.7459
"Male","Domestic Long Hair",10.197
"Female","Domestic Medium Hair",9.6101
"Male","Domestic Short Hair",8.5816
"Male","Domestic Short Hair",9.101
"Female","Domestic Long Hair",9.5435
"Male","Domestic Long Hair",11.3557
"Male","Domestic Long Hair",11.0447
"Female","Domestic Long Hair",9.4341
"Female","Domestic Medium Hair",12.4987
"Female","Domestic Long Hair",9.0988
"Male","Domestic Short Hair",9.5561
"Female","Domestic Medium Hair",9.8114
"Female","Domestic Long Hair",10.481
"Female","Domestic Medium Hair",8.1156
"Male","Domestic Long Hair",10.9649
"Female","Domestic Short Hair",7.0416
"Male","Domestic Long Hair",13.8105
"Male","Domestic Long Hair",10.5991
"Male","Domestic Long Hair",12.0189
"Female","Domestic Short Hair",9.6165
"Male","Domestic Long Hair",11.7589
"Male","Domestic Short Hair",11.5457
"Female","Domestic Long Hair",9.749
"Female","Domestic Short Hair",6.9908
"Female","Domestic Medium Hair",10.2434
"Male","Domestic Short Hair",10.2769
"Female","Domestic Short Hair",11.1417
"Female","Domestic Short Hair",7.6571
"Female","Domestic Short Hair",7.9124
"Male","Domestic Short Hair",10.5822
"Male","Domestic Short Hair",9.5387
"Female","Domestic Short Hair",7.878
"Male","Domestic Short Hair",9.5988
"Female","Domestic Long Hair",9.0889
"Female","Domestic Long Hair",9.0829
"Female","Domestic Long Hair",10.1801
"Male","Domestic Medium Hair",9.7738
"Female","Domestic Medium Hair",10.0343
"Female","Domestic Medium Hair",9.794
"Female","Domestic Medium Hair",8.7632
"Female","Domestic Long Hair",10.6808
"Male","Domestic Medium Hair",10.9302
"Male","Domestic Medium Hair",11.554
"Female","Domestic Long Hair",10.3944
"Male","Domestic Long Hair",11.0675
"Female","Domestic Short Hair",7.4457
"Male","Domestic Long Hair",12.9681
"Male","Domestic Long Hair",11.7076
"Male","Domestic Short Hair",7.7917
"Female","Domestic Medium Hair",9.2241
"Male","Domestic Medium Hair",10.8105
"Male","Domestic Medium Hair",10.408
"Female","Domestic Medium Hair",9.9043
"Female","Domestic Short Hair",8.6069
"Female","Domestic Medium Hair",9.6642
"Male","Domestic Medium Hair",10.2245
"Male","Domestic Long Hair",9.9281
"Female","Domestic Short Hair",8.7839
"Female","Domestic Long Hair",9.2479
"Female","Domestic Long Hair",9.1571
"Male","Domestic Medium Hair",10.1877
"Male","Domestic Short Hair",8.992
"Male","Domestic Short Hair",9.8344
"Male","Domestic Long Hair",11.4041
"Female","Domestic Medium Hair",9.9178
"Male","Domestic Medium Hair",10.4758
"Male","Domestic Short Hair",8.8782
"Female","Domestic Short Hair",8.0163
"Female","Domestic Short Hair",8.3491
"Female","Domestic Medium Hair",10.4524
"Female","Domestic Short Hair",7.724
"Female","Domestic Medium Hair",10.4387
"Male","Domestic Short Hair",10.4557
"Male","Domestic Medium Hair",10.3867
"Male","Domestic Medium Hair",10.8702
"Male","Domestic Long Hair",13.1515
"Female","Domestic Long Hair",9.9581
"Female","Domestic Long Hair",8.5466
"Male","Domestic Short Hair",7.6795
"Female","Domestic Short Hair",9.1772
"Male","Domestic Short Hair",9.1328
"Male","Domestic Medium Hair",10.2196
"Male","Domestic Long Hair",9.6323
"Male","Domestic Short Hair",8.5711
"Female","Domestic Long Hair",11.8215
"Female","Domestic Medium Hair",10.689
"Male","Domestic Medium Hair",10.6269
"Female","Domestic Medium Hair",7.8438
"Male","Domestic Medium Hair",9.3261
"Male","Domestic Short Hair",9.1269
"Male","Domestic Short Hair",8.8023
"Female","Domestic Medium Hair",9.4714
"Male","Domestic Short Hair",9.708
"Female","Domestic Short Hair",7.4516
"Male","Domestic Short Hair",9.2054
"Male","Domestic Long Hair",9.7076
"Female","Domestic Medium Hair",11.0704
"Female","Domestic Medium Hair",9.7545
"Female","Domestic Medium Hair",8.8053
"Female","Domestic Medium Hair",9.6981
"Female","Domestic Medium Hair",8.9691
"Female","Domestic Short Hair",8.0293
"Male","Domestic Long Hair",12.13
"Female","Domestic Short Hair",8.3727
"Male","Domestic Long Hair",11.2926
"Male","Domestic Short Hair",7.296
"Female","Domestic Short Hair",8.4209
"Male","Domestic Long Hair",11.8119
"Male","Domestic Long Hair",12.26
"Female","Domestic Long Hair",8.9058
"Female","Domestic Short Hair",8.4666
"Male","Domestic Medium Hair",9.886
"Male","Domestic Medium Hair",9.3991
"Female","Domestic Short Hair",10.1294
"Female","Domestic Long Hair",10.069
"Female","Domestic Short Hair",8.7114
"Female","Domestic Medium Hair",11.2758
"Female","Domestic Long Hair",9.857
"Male","Domestic Long Hair",11.0227
"Female","Domestic Short Hair",8.0882
"Female","Domestic Short Hair",7.7884
"Male","Domestic Medium Hair",10.3443
"Male","Domestic Long Hair",10.1195
"Male","Domestic Long Hair",11.6506
"Male","Domestic Long Hair",9.8874
"Female","Domestic Short Hair",8.9246
"Male","Domestic Short Hair",8.6269
"Female","Domestic Short Hair",7.554
"Male","Domestic Long Hair",10.1409
"Male","Domestic Medium Hair",9.937
"Male","Domestic Short Hair",9.3979
"Female","Domestic Short Hair",9.5641
"Male","Domestic Long Hair",11.1376
"Female","Domestic Long Hair",9.872
"Female","Domestic Medium Hair",9.9508
"Female","Domestic Medium Hair",10.2663
"Male","Domestic Medium Hair",10.9243
"Male","Domestic Short Hair",7.7772
"Female","Domestic Long Hair",9.0438
"Female","Domestic Short Hair",9.3453
"Male","Domestic Long Hair",10.6198
"Male","Domestic Medium Hair",9.9589
"Male","Domestic Medium Hair",10.5529
"Female","Domestic Short Hair",8.4432
"Female","Domestic Short Hair",9.7179
"Female","Domestic Medium Hair",8.9109
"Female","Domestic Short Hair",8.9672
"Female","Domestic Medium Hair",10.8041
"Female","Domestic Medium Hair",8.2047
"Female","Domestic Medium Hair",8.6339
"Male","Domestic Short Hair",10.6404
"Male","Domestic Long Hair",11.5444
"Female","Domestic Long Hair",11.49
"Male","Domestic Medium Hair",10.1948
"Female","Domestic Short Hair",8.3659
"Female","Domestic Short Hair",8.2227
"Male","Domestic Short Hair",11.1047
"Male","Domestic Medium Hair",9.0384
"Male","Domestic Medium Hair",10.9874
"Female","Domestic Medium Hair",8.9722
"Female","Domestic Medium Hair",10.6455
"Female","Domestic Short Hair",7.4325
"Male","Domestic Long Hair",11.9397
"Female","Domestic Short Hair",6.9715
"Female","Domestic Short Hair",7.1577
"Male","Domestic Short Hair",10.6636
"Male","Domestic Long Hair",10.5461
"Male","Domestic Medium Hair",8.8689
"Male","Domestic Long Hair",10.3707
"Male","Domestic Medium Hair",11.8279
"Male","Domestic Medium Hair",8.9775
"Female","Domestic Long Hair",9.4927
"Female","Domestic Short Hair",8.029
"Male","Domestic Medium Hair",10.2096
"Female","Domestic Short Hair",7.627
"Male","Domestic Long Hair",11.2703
"Female","Domestic Short Hair",8.4484
"Female","Domestic Medium Hair",10.0594
"Male","Domestic Medium Hair",9.4943
"Male","Domestic Long Hair",11.0466
"Female","Domestic Long Hair",9.901
"Male","Domestic Short Hair",9.8495
"Female","Domestic Long Hair",10.6102
"Male","Domestic Short Hair",9.3705
"Male","Domestic Medium Hair",10.8857
"Female","Domestic Medium Hair",9.1685
"Male","Domestic Medium Hair",9.8135
"Male","Domestic Short Hair",10.4222
"Female","Domestic Medium Hair",9.1036
"Female","Domestic Short Hair",8.7332
"Female","Domestic Short Hair",8.5277
"Male","Domestic Long Hair",10.1129
"Female","Domestic Short Hair",7.9757
"Male","Domestic Medium Hair",12.4392
"Female","Domestic Long Hair",13.0497
"Female","Domestic Short Hair",7.1457
"Female","Domestic Short Hair",8.8132
"Female","Domestic Short Hair",8.7275
"Male","Domestic Long Hair",10.7497
"Male","Domestic Short Hair",8.1401
"Female","Domestic Long Hair",9.8752
"Male","Domestic Medium Hair",9.9573
"Female","Domestic Short Hair",7.9329
"Female","Domestic Long Hair",10.2197
"Male","Domestic Short Hair",8.9439
"Female","Domestic Long Hair",11.0991
"Female","Domestic Long Hair",9.3896
"Male","Domestic Medium Hair",9.3298
"Male","Domestic Short Hair",8.8525
"Male","Domestic Long Hair",9.3921
"Female","Domestic Medium Hair",9.6005
"Male","Domestic Short Hair",9.1273
"Male","Domestic Medium Hair",8.636
"Female","Domestic Short Hair",7.6438
"Male","Domestic Medium Hair",9.6789
"Female","Domestic Long Hair",9.373
"Female","Domestic Long Hair",8.6611
"Male","Domestic Short Hair",9.2213
"Male","Domestic Short Hair",10.9812
"Female","Domestic Long Hair",9.5288
"Female","Domestic Long Hair",9.803
"Male","Domestic Medium Hair",10.9316
"Male","Domestic Short Hair",8.9984
"Male","Domestic Medium Hair",11.1624
"Male","Domestic Long Hair",9.4918
"Female","Domestic Long Hair",10.1721
"Male","Domestic Short Hair",9.76
"Female","Domestic Short Hair",7.9245
"Male","Domestic Long Hair",9.9253
"Male","Domestic Short Hair",9.2159
"Male","Domestic Short Hair",6.5726
"Male","Domestic Short Hair",9.1284
"Male","Domestic Short Hair",9.6365
"Male","Domestic Long Hair",10.4971
"Male","Domestic Short Hair",10.3017
"Female","Domestic Medium Hair",8.7713
"Female","Domestic Long Hair",11.5655
"Male","Domestic Long Hair",10.7274
"Male","Domestic Long Hair",11.5589
"Female","Domestic Medium Hair",8.4148
"Female","Domestic Medium Hair",9.1944
"Female","Domestic Medium Hair",8.7066
"Male","Domestic Long Hair",10.0285
"Female","Domestic Short Hair",8.6106
"Male","Domestic Long Hair",10.1653
"Male","Domestic Medium Hair",10.0446
"Female","Domestic Medium Hair",9.6581
"Male","Domestic Short Hair",8.4855
"Female","Domestic Medium Hair",7.6477
"Female","Domestic Long Hair",11.1534
"Male","Domestic Medium Hair",11.9357
"Male","Domestic Short Hair",9.6443
"Female","Domestic Medium Hair",8.7578
"Female","Domestic Medium Hair",9.9836
"Female","Domestic Long Hair",10.5655
"Male","Domestic Long Hair",10.917
"Female","Domestic Long Hair",9.8672
"Male","Domestic Short Hair",10.105
"Female","Domestic Short Hair",8.8144
"Female","Domestic Long Hair",12.2171
"Male","Domestic Long Hair",10.6786
"Female","Domestic Long Hair",10.755
"Female","Domestic Medium Hair",8.4057
"Male","Domestic Short Hair",9.6132
"Female","Domestic Medium Hair",11.1386
"Female","Domestic Long Hair",10.9311
"Female","Domestic Long Hair",9.5595
"Male","Domestic Short Hair",8.5383
"Female","Domestic Medium Hair",10.0869
"Female","Domestic Short Hair",8.7039
"Female","Domestic Medium Hair",8.8566
"Female","Domestic Medium Hair",8.8061
"Male","Domestic Short Hair",7.846
"Female","Domestic Short Hair",7.1633
"Male","Domestic Medium Hair",10.1827
"Female","Domestic Short Hair",8.5131
"Female","Domestic Medium Hair",10.0323
"Male","Domestic Short Hair",9.0061
"Female","Domestic Short Hair",8.3246
"Female","Domestic Medium Hair",8.925
"Female","Domestic Medium Hair",8.6376
"Female","Domestic Medium Hair",10.8265
"Male","Domestic Long Hair",10.9515
"Female","Domestic Long Hair",10.102
"Female","Domestic Medium Hair",9.245
"Female","Domestic Short Hair",7.5595
"Male","Domestic Short Hair",8.164
"Female","Domestic Short Hair",8.3896
"Female","Domestic Medium Hair",9.2284
"Female","Domestic Short Hair",8.2683
"Male","Domestic Long Hair",10.56
"Male","Domestic Medium Hair",9.2405
"Male","Domestic Long Hair",10.6216
"Male","Domestic Long Hair",10.5358
"Female","Domestic Short Hair",8.6911
"Male","Domestic Medium Hair",9.5374
"Female","Domestic Medium Hair",11.3684
"Male","Domestic Medium Hair",11.0131
"Female","Domestic Long Hair",9.7871
"Male","Domestic Short Hair",10.4985
"Male","Domestic Short Hair",7.7961
"Male","Domestic Long Hair",11.8059
"Female","Domestic Short Hair",7.7399
"Male","Domestic Short Hair",11.1785
"Female","Domestic Long Hair",10.8504
"Male","Domestic Long Hair",11.0172
"Male","Domestic Long Hair",10.0399
"Male","Domestic Short Hair",9.6994
"Female","Domestic Long Hair",10.5731
"Male","Domestic Short Hair",8.2488
"Male","Domestic Short Hair",10.0894
"Male","Domestic Short Hair",8.3011
"Female","Domestic Short Hair",6.9538
"Male","Domestic Short Hair",9.3132
"Female","Domestic Short Hair",8.0507
"Male","Domestic Short Hair",9.4962
"Female","Domestic Short Hair",7.9126
"Male","Domestic Medium Hair",8.7664
"Female","Domestic Short Hair",8.9345
"Female","Domestic Medium Hair",9.1812
"Male","Domestic Long Hair",12.9622
"Male","Domestic Medium Hair",10.9133
"Female","Domestic Long Hair",8.3953
"Female","Domestic Short Hair",8.1688
"Female","Domestic Medium Hair",9.0164
"Female","Domestic Short Hair",8.3283
"Female","Domestic Short Hair",9.3468
"Male","Domestic Short Hair",9.552
"Female","Domestic Long Hair",11.4363
"Female","Domestic Medium Hair",9.0585
"Female","Domestic Short Hair",8.8374
"Female","Domestic Short Hair",6.8568
"Male","Domestic Short Hair",8.0415
"Male","Domestic Short Hair",8.76
"Male","Domestic Long Hair",12.3067
"Female","Domestic Long Hair",9.9953
"Male","Domestic Medium Hair",9.1793
"Male","Domestic Short Hair",10.4073
"Male","Domestic Short Hair",9.4936
"Female","Domestic Short Hair",9.6118
"Male","Domestic Long Hair",13.5225
"Male","Domestic Long Hair",12.0155
"Male","Domestic Medium Hair",8.4814
"Female","Domestic Long Hair",9.5396
"Female","Domestic Short Hair",8.9292
"Female","Domestic Short Hair",7.0955
"Male","Domestic Long Hair",11.3479
"Male","Domestic Short Hair",10.0206
"Female","Domestic Long Hair",11.2846
"Male","Domestic Medium Hair",11.762
"Female","Domestic Short Hair",5.8661
"Male","Domestic Long Hair",12.9456
"Female","Domestic Short Hair",8.6617
"Male","Domestic Medium Hair",10.4349
"Male","Domestic Long Hair",11.7605
"Male","Domestic Long Hair",10.561
"Male","Domestic Short Hair",8.8009
"Male","Domestic Short Hair",10.56
"Male","Domestic Short Hair",10.194
"Female","Domestic Short Hair",6.5945
"Female","Domestic Medium Hair",9.245
"Male","Domestic Medium Hair",11.5158
"Male","Domestic Long Hair",10.942
"Female","Domestic Short Hair",9.5931
"Male","Domestic Short Hair",9.8902
"Female","Domestic Medium Hair",9.6406
"Female","Domestic Long Hair",10.69
"Male","Domestic Medium Hair",12.1801
"Male","Domestic Long Hair",11.1603
"Male","Domestic Long Hair",10.0081
"Female","Domestic Short Hair",8.5622
"Male","Domestic Long Hair",10.6612
"Male","Domestic Long Hair",8.8537
"Female","Domestic Short Hair",6.537
"Female","Domestic Medium Hair",9.2897
"Male","Domestic Medium Hair",10.2297
"Male","Domestic Long Hair",11.7831
"Male","Domestic Medium Hair",10.4811
"Female","Domestic Short Hair",9.7508
"Male","Domestic Short Hair",10.035
"Male","Domestic Short Hair",9.7583
"Male","Domestic Short Hair",7.1188
"Female","Domestic Medium Hair",11.7743
"Male","Domestic Short Hair",9.198
"Female","Domestic Medium Hair",10.6514
"Male","Domestic Short Hair",10.4186
"Female","Domestic Medium Hair",9.2912
"Male","Domestic Long Hair",9.6993
"Male","Domestic Long Hair",11.3171
"Female","Domestic Long Hair",8.9501
"Male","Domestic Short Hair",10.0152
"Female","Domestic Short Hair",7.9537
"Female","Domestic Short Hair",8.3111
"Male","Domestic Long Hair",11.1503
"Female","Domestic Short Hair",8.8373
"Male","Domestic Long Hair",14.1002
"Female","Domestic Short Hair",8.4208
"Female","Domestic Long Hair",9.5147
"Male","Domestic Long Hair",11.3641
"Female","Domestic Short Hair",8.0548
"Male","Domestic Medium Hair",10.6997
"Female","Domestic Long Hair",10.1215
"Female","Domestic Short Hair",9.1533
"Male","Domestic Medium Hair",10.1647
"Female","Domestic Short Hair",9.0645
"Female","Domestic Long Hair",10.5838
"Male","Domestic Short Hair",9.2726
"Female","Domestic Short Hair",8.9828
"Female","Domestic Medium Hair",9.6451
"Female","Domestic Short Hair",9.1127
"Female","Domestic Short Hair",6.3371
"Female","Domestic Long Hair",10.6647
"Male","Domestic Short Hair",9.6718
"Male","Domestic Medium Hair",10.1356
"Female","Domestic Short Hair",7.0461
"Female","Domestic Short Hair",6.8375
"Male","Domestic Long Hair",9.4916
"Female","Domestic Medium Hair",8.141
"Male","Domestic Short Hair",9.3094
"Female","Domestic Long Hair",10.296
"Female","Domestic Long Hair",10.4165
"Male","Domestic Medium Hair",11.3471
"Female","Domestic Short Hair",7.5509
"Male","Domestic Short Hair",9.0025
"Male","Domestic Medium Hair",9.2129
"Female","Domestic Medium Hair",8.7481
"Male","Domestic Long Hair",11.0913
"Female","Domestic Long Hair",11.2325
"Male","Domestic Short Hair",8.5047
"Female","Domestic Short Hair",7.4316
"Female","Domestic Short Hair",6.5949
"Female","Domestic Medium Hair",9.5455
"Female","Domestic Long Hair",10.1206
"Female","Domestic Medium Hair",9.2098
"Female","Domestic Medium Hair",9.8795
"Female","Domestic Long Hair",10.6434
"Male","Domestic Long Hair",9.9321
"Male","Domestic Long Hair",11.0768
"Male","Domestic Medium Hair",10.6019
"Male","Domestic Long Hair",10.6645
"Female","Domestic Short Hair",7.5581
"Male","Domestic Long Hair",10.8373
"Female","Domestic Long Hair",9.9924
"Female","Domestic Medium Hair",7.7232
"Male","Domestic Long Hair",11.867
"Female","Domestic Long Hair",8.7937
"Male","Domestic Short Hair",9.5239
"Male","Domestic Short Hair",8.8792
"Male","Domestic Long Hair",10.5542
"Male","Domestic Long Hair",12.0656
"Male","Domestic Long Hair",11.7136
"Female","Domestic Short Hair",8.2589
"Female","Domestic Long Hair",10.665
"Female","Domestic Medium Hair",10.9171
"Female","Domestic Short Hair",9.3535
"Female","Domestic Short Hair",7.9192
"Female","Domestic Long Hair",10.2165
"Female","Domestic Short Hair",7.9489
"Male","Domestic Long Hair",11.8422
"Female","Domestic Long Hair",9.5147
"Male","Domestic Medium Hair",10.5287
"Female","Domestic Long Hair",9.1532
"Male","Domestic Long Hair",12.6337
"Female","Domestic Medium Hair",10.1308
"Female","Domestic Short Hair",7.5841
"Female","Domestic Short Hair",8.5393
"Female","Domestic Medium Hair",8.8282
"Female","Domestic Long Hair",8.302
"Male","Domestic Short Hair",9.6769
"Male","Domestic Short Hair",9.3754
"Male","Domestic Long Hair",13.2199
"Male","Domestic Medium Hair",10.3549
"Female","Domestic Long Hair",9.7438
"Male","Domestic Medium Hair",9.6266
"Female","Domestic Medium Hair",11.1946
"Female","Domestic Medium Hair",8.3766
"Male","Domestic Short Hair",9.565
"Female","Domestic Medium Hair",8.9407
"Male","Domestic Medium Hair",10.0935
"Female","Domestic Long Hair",9.8597
"Male","Domestic Short Hair",8.4927
"Female","Domestic Short Hair",7.4488
"Female","Domestic Long Hair",10.1666
"Female","Domestic Medium Hair",8.8667
"Male","Domestic Medium Hair",9.3355
"Female","Domestic Long Hair",10.962
"Female","Domestic Medium Hair",9.5203
"Female","Domestic Short Hair",10.476
"Male","Domestic Medium Hair",9.7332
"Male","Domestic Short Hair",9.6752
"Female","Domestic Medium Hair",9.9214
"Female","Domestic Medium Hair",9.8561
"Female","Domestic Short Hair",8.0601
"Female","Domestic Long Hair",9.6804
"Male","Domestic Short Hair",8.4617
"Male","Domestic Short Hair",10.1846
"Female","Domestic Short Hair",7.5013
"Male","Domestic Short Hair",9.5597
"Female","Domestic Short Hair",8.1535
"Female","Domestic Long Hair",11.2563
"Female","Domestic Medium Hair",9.0828
"Female","Domestic Medium Hair",9.5047
"Female","Domestic Short Hair",9.3582
"Male","Domestic Medium Hair",9.8783
"Female","Domestic Short Hair",10.8617
"Female","Domestic Short Hair",8.5678
"Male","Domestic Short Hair",8.1501
"Female","Domestic Medium Hair",10.0972
"Female","Domestic Short Hair",7.1007
"Female","Domestic Long Hair",8.043
"Male","Domestic Short Hair",9.0617
"Male","Domestic Short Hair",8.8553
"Female","Domestic Long Hair",10.2542
"Male","Domestic Medium Hair",10.869
"Female","Domestic Short Hair",9.2679
"Female","Domestic Long Hair",9.7472
"Female","Domestic Long Hair",10.3555
"Female","Domestic Long Hair",11.2356
"Male","Domestic Short Hair",6.7764
"Male","Domestic Short Hair",9.631
"Female","Domestic Short Hair",8.6954
"Female","Domestic Medium Hair",9.3592
"Female","Domestic Short Hair",9.363
"Female","Domestic Long Hair",9.7793
"Female","Domestic Medium Hair",11.2711
"Male","Domestic Long Hair",10.4765
"Female","Domestic Short Hair",7.5581
"Female","Domestic Medium Hair",9.28
"Female","Domestic Short Hair",9.1057
"Male","Domestic Short Hair",10.8689
"Male","Domestic Short Hair",9.0013
"Male","Domestic Short Hair",8.7685
"Male","Domestic Short Hair",7.9195
"Female","Domestic Medium Hair",9.5316
"Male","Domestic Short Hair",8.2681
"Female","Domestic Long Hair",8.6833
"Female","Domestic Medium Hair",8.3601
"Female","Domestic Long Hair",10.8417
"Female","Domestic Short Hair",7.7414
"Female","Domestic Long Hair",10.0717
"Female","Domestic Medium Hair",10.5563
"Male","Domestic Medium Hair",11.0401
"Male","Domestic Long Hair",12.4383
"Male","Domestic Long Hair",11.7645
"Male","Domestic Long Hair",11.1836
"Female","Domestic Medium Hair",10.0977
"Male","Domestic Long Hair",11.3511
"Male","Domestic Long Hair",10.4762
"Male","Domestic Short Hair",9.4922
"Female","Domestic Long Hair",10.9052
"Female","Domestic Medium Hair",8.561
"Male","Domestic Long Hair",11.7854
"Male","Domestic Long Hair",12.3319
"Female","Domestic Short Hair",8.7651
"Male","Domestic Medium Hair",9.3481
"Female","Domestic Medium Hair",8.617
"Male","Domestic Medium Hair",11.0096
"Female","Domestic Medium Hair",8.9122
"Male","Domestic Short Hair",9.5937
"Female","Domestic Medium Hair",10.2995
"Female","Domestic Long Hair",9.477
"Female","Domestic Long Hair",8.5207
"Male","Domestic Long Hair",9.3086
"Female","Domestic Long Hair",9.9317
"Male","Domestic Short Hair",9.3648
"Female","Domestic Medium Hair",10.6125
"Female","Domestic Long Hair",8.3971
"Male","Domestic Short Hair",8.9142
"Female","Domestic Medium Hair",8.7493
"Male","Domestic Long Hair",11.7342
"Male","Domestic Medium Hair",9.8742
"Female","Domestic Medium Hair",8.9309
"Male","Domestic Long Hair",10.6713
"Male","Domestic Short Hair",9.4827
"Male","Domestic Medium Hair",10.0395
"Male","Domestic Long Hair",9.9439
"Female","Domestic Long Hair",11.2008
"Male","Domestic Short Hair",10.1948
"Female","Domestic Short Hair",6.5704
"Female","Domestic Short Hair",9.43
"Female","Domestic Short Hair",6.1303
"Male","Domestic Long Hair",11.2595
"Male","Domestic Short Hair",9.0202
"Male","Domestic Long Hair",10.7463
"Male","Domestic Long Hair",12.5774
"Male","Domestic Medium Hair",8.9081
"Male","Domestic Short Hair",9.9794
"Female","Domestic Long Hair",10.7609
"Male","Domestic Medium Hair",11.0235
"Male","Domestic Medium Hair",8.8589
"Female","Domestic Medium Hair",9.7154
"Female","Domestic Short Hair",8.7714
"Female","Domestic Short Hair",7.5844
"Female","Domestic Short Hair",9.6574
"Male","Domestic Short Hair",9.4465
"Female","Domestic Long Hair",10.5903
"Female","Domestic Long Hair",9.6544
"Male","Domestic Short Hair",8.9634
"Male","Domestic Short Hair",9.5294
"Male","Domestic Long Hair",10.1072
"Female","Domestic Short Hair",9.2256
"Female","Domestic Short Hair",6.5648
"Female","Domestic Medium Hair",9.7179
"Female","Domestic Long Hair",9.8276
"Male","Domestic Short Hair",9.7144
"Male","Domestic Short Hair",8.415
"Female","Domestic Long Hair",8.5339
"Male","Domestic Long Hair",10.0789
"Female","Domestic Long Hair",9.8148
"Female","Domestic Medium Hair",10.0258
"Female","Domestic Long Hair",9.4419
"Male","Domestic Medium Hair",8.9985
"Female","Domestic Short Hair",8.4942
"Female","Domestic Long Hair",10.9303
"Male","Domestic Medium Hair",9.9135
"Female","Domestic Medium Hair",9.7479
"Male","Domestic Medium Hair",9.7879
"Female","Domestic Medium Hair",9.9708
"Female","Domestic Short Hair",8.7134
"Male","Domestic Long Hair",10.779
"Male","Domestic Medium Hair",10.1636
"Female","Domestic Short Hair",7.9067
"Female","Domestic Medium Hair",11.4985
"Male","Domestic Long Hair",10.5653
"Female","Domestic Medium Hair",9.3217
"Male","Domestic Short Hair",8.2059
"Female","Domestic Short Hair",6.0526
"Male","Domestic Long Hair",12.0558
"Female","Domestic Medium Hair",10.2336
"Male","Domestic Short Hair",9.1616
"Female","Domestic Short Hair",11.1666
"Male","Domestic Long Hair",10.2774
"Female","Domestic Long Hair",9.8294
"Male","Domestic Long Hair",11.5162
"Female","Domestic Short Hair",9.4172
"Female","Domestic Short Hair",8.3052
"Male","Domestic Medium Hair",11.8118
"Male","Domestic Medium Hair",8.8453
"Male","Domestic Long Hair",11.5888
"Female","Domestic Short Hair",9.0264
"Female","Domestic Long Hair",10.5145
"Female","Domestic Short Hair",9.2721
"Female","Domestic Short Hair",8.8851
"Male","Domestic Long Hair",9.3904
"Female","Domestic Long Hair",9.9941
"Male","Domestic Medium Hair",10.3338
"Male","Domestic Short Hair",8.1763
"Female","Domestic Medium Hair",9.9499
"Female","Domestic Short Hair",7.5216
"Male","Domestic Medium Hair",10.8551
"Female","Domestic Short Hair",7.863
"Male","Domestic Long Hair",11.7096
"Male","Domestic Long Hair",8.6738
"Female","Domestic Medium Hair",9.7323
"Female","Domestic Short Hair",8.0852
"Male","Domestic Long Hair",13.543
"Female","Domestic Short Hair",7.2409
"Female","Domestic Medium Hair",10.0583
"Male","Domestic Short Hair",9.2354
"Female","Domestic Short Hair",9.3051
"Female","Domestic Medium Hair",9.626
"Male","Domestic Short Hair",7.9468
"Female","Domestic Medium Hair",10.6996
"Male","Domestic Long Hair",11.0864
"Male","Domestic Medium Hair",10.182
"Male","Domestic Short Hair",8.2609
"Male","Domestic Long Hair",10.0984
"Male","Domestic Long Hair",12.79
"Female","Domestic Long Hair",9.3905
"Male","Domestic Medium Hair",11.3524
"Female","Domestic Long Hair",9.6816
"Female","Domestic Short Hair",6.7337
"Female","Domestic Medium Hair",9.4348
"Female","Domestic Short Hair",8.3322
"Female","Domestic Short Hair",7.8791
"Male","Domestic Long Hair",10.3103
"Female","Domestic Medium Hair",10.4962
"Female","Domestic Medium Hair",8.3547
"Female","Domestic Short Hair",8.6295
"Male","Domestic Long Hair",10.2398
"Female","Domestic Medium Hair",8.3356
"Female","Domestic Long Hair",10.5798
"Male","Domestic Short Hair",7.6243
"Male","Domestic Long Hair",10.7953
"Male","Domestic Medium Hair",9.9481
"Female","Domestic Medium Hair",10.0813
"Male","Domestic Long Hair",10.0206
"Male","Domestic Short Hair",7.8914
"Male","Domestic Short Hair",9.1267
"Male","Domestic Medium Hair",12.1703
"Male","Domestic Long Hair",10.4967
"Female","Domestic Medium Hair",10.013
"Female","Domestic Medium Hair",10.4642
"Female","Domestic Short Hair",9.555
"Male","Domestic Long Hair",12.0375
"Female","Domestic Long Hair",9.6707
"Male","Domestic Short Hair",7.9566
"Female","Domestic Short Hair",8.1564
"Male","Domestic Short Hair",6.9527
"Male","Domestic Long Hair",10.5495
"Female","Domestic Medium Hair",7.9763
"Female","Domestic Short Hair",10.0409
"Female","Domestic Medium Hair",9.7567
"Female","Domestic Long Hair",11.7777
"Male","Domestic Long Hair",12.9127
"Male","Domestic Short Hair",11.6516
"Male","Domestic Medium Hair",9.2665
"Female","Domestic Short Hair",7.7999
"Female","Domestic Short Hair",9.2349
"Male","Domestic Medium Hair",8.9314
"Female","Domestic Short Hair",9.3596
"Female","Domestic Short Hair",7.9554
"Female","Domestic Short Hair",8.1977
"Male","Domestic Short Hair",8.1513
"Male","Domestic Short Hair",9.9168
"Male","Domestic Short Hair",10.9988
"Female","Domestic Long Hair",10.3522
"Male","Domestic Long Hair",11.2889
"Male","Domestic Medium Hair",11.4544
"Male","Domestic Medium Hair",9.2637
"Female","Domestic Long Hair",9.6421
"Female","Domestic Short Hair",6.5587
"Female","Domestic Long Hair",9.2804
"Female","Domestic Short Hair",7.2076
"Female","Domestic Medium Hair",11.3934
"Female","Domestic Long Hair",8.5848
"Female","Domestic Medium Hair",10.3082
"Female","Domestic Long Hair",8.9423
"Female","Domestic Short Hair",9.3583
"Female","Domestic Long Hair",11.0388
"Female","Domestic Short Hair",8.6357
"Female","Domestic Medium Hair",9.5164
"Female","Domestic Long Hair",8.5746
"Female","Domestic Long Hair",10.7116
"Female","Domestic Medium Hair",8.9315
"Female","Domestic Long Hair",10.5099
"Female","Domestic Medium Hair",10.159
"Male","Domestic Medium Hair",9.5825
"Female","Domestic Medium Hair",9.0143
"Female","Domestic Short Hair",10.0382
"Male","Domestic Medium Hair",10.9052
"Female","Domestic Long Hair",8.678
"Female","Domestic Medium Hair",8.6575
"Male","Domestic Long Hair",10.0659
"Male","Domestic Short Hair",8.8754
"Male","Domestic Short Hair",10.4781
"Male","Domestic Long Hair",11.8417
"Female","Domestic Medium Hair",11.4611
"Female","Domestic Long Hair",10.317
"Female","Domestic Long Hair",10.8425
"Female","Domestic Long Hair",8.284
"Male","Domestic Short Hair",9.6
"Female","Domestic Long Hair",9.8001
"Female","Domestic Short Hair",8.6971
"Male","Domestic Short Hair",8.3795
"Female","Domestic Medium Hair",9.0911
"Male","Domestic Short Hair",9.0778
"Male","Domestic Long Hair",11.5158
"Female","Domestic Short Hair",7.4496
"Female","Domestic Long Hair",10.7865
"Female","Domestic Long Hair",7.872
"Male","Domestic Long Hair",11.589
"Male","Domestic Long Hair",11.446
"Male","Domestic Medium Hair",10.1476
"Male","Domestic Medium Hair",9.3689
"Female","Domestic Short Hair",8.2844
"Female","Domestic Short Hair",8.4563
"Female","Domestic Short Hair",9.429
"Male","Domestic Short Hair",8.4359
"Female","Domestic Medium Hair",8.6177
"Female","Domestic Medium Hair",9.3457
"Male","Domestic Long Hair",11.314
"Male","Domestic Short Hair",10.5032
"Female","Domestic Medium Hair",9.6761
"Male","Domestic Short Hair",8.275
"Female","Domestic Short Hair",8.1297
"Male","Domestic Medium Hair",10.2298
"Female","Domestic Long Hair",10.127
"Female","Domestic Medium Hair",10.1384
"Male","Domestic Short Hair",7.3565
"Male","Domestic Long Hair",9.6844
"Male","Domestic Short Hair",8.4903
"Female","Domestic Short Hair",8.5967
"Female","Domestic Medium Hair",9.9109
"Female","Domestic Long Hair",11.6038
"Female","Domestic Short Hair",8.7964
"Female","Domestic Short Hair",9.0596
"Male","Domestic Short Hair",8.7875
"Female","Domestic Medium Hair",9.8124
"Male","Domestic Long Hair",12.5698
"Male","Domestic Long Hair",12.4372
"Male","Domestic Long Hair",10.2448
"Male","Domestic Long Hair",10.5602
"Male","Domestic Medium Hair",10.9975
"Female","Domestic Long Hair",10.1647
"Male","Domestic Long Hair",12.9016
"Female","Domestic Short Hair",9.1193
"Female","Domestic Long Hair",9.4272
"Male","Domestic Short Hair",8.0839
"Female","Domestic Long Hair",12.8708
"Male","Domestic Short Hair",10.7469
"Male","Domestic Medium Hair",9.0404
"Male","Domestic Long Hair",11.0794
"Female","Domestic Medium Hair",9.9095
"Female","Domestic Medium Hair",7.9989
"Male","Domestic Short Hair",7.7628
"Female","Domestic Short Hair",9.8272
"Female","Domestic Short Hair",8.9766
"Female","Domestic Long Hair",10.2828
"Male","Domestic Short Hair",7.9717
"Male","Domestic Medium Hair",11.049
"Male","Domestic Long Hair",11.277
"Male","Domestic Long Hair",9.2621
"Male","Domestic Medium Hair",9.483
"Male","Domestic Short Hair",8.9566
"Female","Domestic Short Hair",6.8103
"Male","Domestic Short Hair",9.3825
"Male","Domestic Long Hair",9.9683
"Male","Domestic Short Hair",10.0838
"Female","Domestic Medium Hair",10.0476
"Female","Domestic Short Hair",9.6946
"Male","Domestic Long Hair",11.8835
"Female","Domestic Medium Hair",8.6434
"Female","Domestic Medium Hair",8.6834
"Male","Domestic Short Hair",7.9397
"Male","Domestic Short Hair",8.8126
"Male","Domestic Short Hair",10.5575
"Female","Domestic Long Hair",9.0433
"Female","Domestic Short Hair",8.9554
"Female","Domestic Long Hair",11.8651
"Female","Domestic Long Hair",9.4047
"Male","Domestic Medium Hair",10.3692
"Female","Domestic Long Hair",9.9415
"Male","Domestic Short Hair",9.5418
"Male","Domestic Long Hair",12.1183
"Female","Domestic Short Hair",11.2319
"Male","Domestic Long Hair",11.1577
"Female","Domestic Long Hair",9.2716
"Male","Domestic Long Hair",11.3469
"Female","Domestic Long Hair",9.2789
"Male","Domestic Medium Hair",9.6327
"Male","Domestic Short Hair",8.8728
"Male","Domestic Long Hair",12.3808
"Female","Domestic Short Hair",8.4779
"Male","Domestic Medium Hair",10.8772
"Female","Domestic Short Hair",8.2422
"Female","Domestic Long Hair",11.7486
"Male","Domestic Short Hair",7.6537
"Female","Domestic Long Hair",8.7692
"Female","Domestic Short Hair",8.3302
"Female","Domestic Short Hair",7.7317
"Female","Domestic Medium Hair",8.9678
"Male","Domestic Long Hair",11.0443
"Male","Domestic Short Hair",7.7092
"Male","Domestic Short Hair",9.4386
"Female","Domestic Short Hair",5.8094
"Male","Domestic Long Hair",11.3386
"Male","Domestic Long Hair",9.0104
"Male","Domestic Short Hair",8.1117
"Female","Domestic Medium Hair",9.0895
"Female","Domestic Short Hair",8.4485
"Female","Domestic Long Hair",10.9625
"Female","Domestic Short Hair",8.419
"Female","Domestic Medium Hair",10.9571
"Female","Domestic Short Hair",6.2514
"Female","Domestic Medium Hair",9.4089
"Female","Domestic Long Hair",9.1583
"Female","Domestic Medium Hair",9.8238
"Male","Domestic Long Hair",11.9777
"Male","Domestic Short Hair",9.6317
"Female","Domestic Medium Hair",10.7165
"Female","Domestic Long Hair",11.2902
"Female","Domestic Medium Hair",7.624
"Male","Domestic Short Hair",8.509
"Male","Domestic Medium Hair",10.3298
"Male","Domestic Long Hair",11.7988
"Male","Domestic Short Hair",9.1755
"Male","Domestic Short Hair",9.1282
"Male","Domestic Short Hair",8.9803
"Male","Domestic Medium Hair",10.5833
"Female","Domestic Long Hair",9.5004
"Female","Domestic Short Hair",7.8044
"Male","Domestic Long Hair",10.8648
"Male","Domestic Short Hair",9.2727
"Female","Domestic Short Hair",7.6487
"Male","Domestic Long Hair",10.7972
"Male","Domestic Long Hair",9.8747
"Female","Domestic Short Hair",10.5177
"Male","Domestic Long Hair",11.2344
"Female","Domestic Short Hair",8.6216
"Male","Domestic Medium Hair",10.0099
"Male","Domestic Medium Hair",10.2933
"Male","Domestic Short Hair",11.1212
"Female","Domestic Medium Hair",8.9963
"Female","Domestic Short Hair",7.7253
"Female","Domestic Short Hair",8.4004
"Male","Domestic Long Hair",11.2189
"Female","Domestic Medium Hair",8.3518
"Male","Domestic Long Hair",10.9068
"Female","Domestic Long Hair",9.5737
"Male","Domestic Long Hair",10.3255
"Female","Domestic Medium Hair",8.1191
"Female","Domestic Short Hair",8.7987
"Female","Domestic Short Hair",10.0951
"Female","Domestic Medium Hair",10.0277
"Female","Domestic Short Hair",7.6986
"Male","Domestic Medium Hair",8.5391
"Male","Domestic Short Hair",10.2488
"Female","Domestic Short Hair",7.4927
"Female","Domestic Long Hair",9.5824
"Female","Domestic Short Hair",8.9479
"Male","Domestic Short Hair",8.7348
"Female","Domestic Medium Hair",9.6657
"Female","Domestic Short Hair",10.5222
"Female","Domestic Long Hair",11.1463
"Male","Domestic Short Hair",8.423
"Male","Domestic Long Hair",10.7342
"Female","Domestic Medium Hair",10.1984
"Male","Domestic Medium Hair",11.6008
"Male","Domestic Medium Hair",9.4869
"Female","Domestic Medium Hair",8.0487
"Male","Domestic Short Hair",8.4855
"Male","Domestic Short Hair",9.5157
"Female","Domestic Medium Hair",8.9438
"Male","Domestic Short Hair",9.9906
"Female","Domestic Medium Hair",9.2059
"Male","Domestic Medium Hair",10.4161
"Female","Domestic Long Hair",9.7938
"Male","Domestic Long Hair",11.5746
"Male","Domestic Medium Hair",10.8863
"Female","Domestic Medium Hair",8.3814
"Male","Domestic Long Hair",10.1315
"Female","Domestic Long Hair",9.5552
"Male","Domestic Medium Hair",10.0833
"Female","Domestic Short Hair",7.4829
"Male","Domestic Short Hair",8.9454
"Female","Domestic Long Hair",9.846
"Male","Domestic Medium Hair",10.2763
"Male","Domestic Short Hair",9.8659
"Male","Domestic Long Hair",10.4104
"Female","Domestic Long Hair",10.6166
"Female","Domestic Short Hair",8.3049
"Female","Domestic Medium Hair",7.8831
"Male","Domestic Long Hair",10.3287
"Male","Domestic Short Hair",7.4177
"Female","Domestic Medium Hair",10.4844
"Male","Domestic Medium Hair",11.1046
"Male","Domestic Medium Hair",9.7529
"Female","Domestic Medium Hair",9.3431
"Female","Domestic Medium Hair",9.3405
"Male","Domestic Short Hair",9.3015
"Male","Domestic Short Hair",8.7502
"Male","Domestic Medium Hair",9.5859
"Male","Domestic Short Hair",11.0733
"Female","Domestic Long Hair",7.9782
"Male","Domestic Long Hair",10.4615
"Male","Domestic Medium Hair",9.8691
"Female","Domestic Medium Hair",10.1104
"Male","Domestic Medium Hair",10.3793
"Female","Domestic Long Hair",11.0292
"Female","Domestic Short Hair",7.7456
"Male","Domestic Medium Hair",11.5137
"Male","Domestic Short Hair",8.2019
"Female","Domestic Short Hair",9.8016
"Female","Domestic Long Hair",11.8963
"Male","Domestic Short Hair",9.4399
"Female","Domestic Medium Hair",8.1202
"Female","Domestic Medium Hair",7.3521
"Male","Domestic Short Hair",10.7921
"Male","Domestic Long Hair",8.8103
"Female","Domestic Medium Hair",8.6132
"Female","Domestic Short Hair",8.645
"Female","Domestic Long Hair",9.0779
"Male","Domestic Medium Hair",11.5112
"Male","Domestic Medium Hair",11.0889
"Male","Domestic Long Hair",10.7521
"Female","Domestic Long Hair",10.7141
"Male","Domestic Long Hair",10.7918
"Male","Domestic Medium Hair",10.1071
"Female","Domestic Short Hair",7.7338
"Male","Domestic Short Hair",9.1019
"Male","Domestic Medium Hair",10.4268
"Male","Domestic Long Hair",12.1657
"Female","Domestic Medium Hair",8.6203
"Female","Domestic Long Hair",9.5402
"Male","Domestic Long Hair",12.1259
"Female","Domestic Short Hair",8.8781
"Male","Domestic Long Hair",12.2893
"Female","Domestic Short Hair",8.5464
"Male","Domestic Short Hair",8.6062
"Female","Domestic Short Hair",8.7417
"Male","Domestic Long Hair",12.301
"Male","Domestic Long Hair",11.6424
"Female","Domestic Short Hair",8.4361
"Female","Domestic Short Hair",9.2724
"Female","Domestic Long Hair",9.7859
"Male","Domestic Short Hair",8.4032
"Male","Domestic Long Hair",11.0539
"Female","Domestic Short Hair",6.9144
"Male","Domestic Short Hair",10.3198
"Male","Domestic Medium Hair",9.5043
"Female","Domestic Medium Hair",7.9668
"Male","Domestic Medium Hair",11.4537
"Female","Domestic Short Hair",8.8226
"Female","Domestic Long Hair",11.4115
"Female","Domestic Medium Hair",10.3085
"Female","Domestic Short Hair",8.6472
"Male","Domestic Medium Hair",9.0246
"Female","Domestic Short Hair",8.6256
"Female","Domestic Long Hair",9.961
"Female","Domestic Long Hair",10.4067
"Female","Domestic Long Hair",11.4488
"Female","Domestic Medium Hair",9.3747
"Female","Domestic Short Hair",7.4559
"Female","Domestic Short Hair",8.7896
"Female","Domestic Short Hair",8.9821
"Female","Domestic Short Hair",8.664
"Male","Domestic Short Hair",9.7324
"Male","Domestic Long Hair",10.3511
"Female","Domestic Long Hair",8.6983
"Male","Domestic Long Hair",12.8145
"Female","Domestic Short Hair",8.4916
"Female","Domestic Medium Hair",8.796
"Male","Domestic Medium Hair",8.9453
"Female","Domestic Long Hair",11.011
"Female","Domestic Short Hair",7.5657
"Female","Domestic Medium Hair",9.8561
"Male","Domestic Medium Hair",9.961
"Female","Domestic Medium Hair",8.6792
"Female","Domestic Short Hair",7.9549
"Male","Domestic Medium Hair",11.1263
"Male","Domestic Medium Hair",10.5444
"Male","Domestic Short Hair",10.2981
"Female","Domestic Short Hair",7.3512
"Female","Domestic Short Hair",6.6684
"Female","Domestic Short Hair",8.148
"Male","Domestic Long Hair",11.0329
"Female","Domestic Short Hair",9.5754
"Female","Domestic Medium Hair",10.2721
"Female","Domestic Short Hair",7.4678
"Male","Domestic Medium Hair",10.5067
"Female","Domestic Long Hair",12.4624
"Female","Domestic Medium Hair",8.799
"Male","Domestic Medium Hair",10.4142
"Female","Domestic Long Hair",10.6456
"Female","Domestic Medium Hair",9.229
"Male","Domestic Short Hair",9.2885
"Female","Domestic Long Hair",8.6534
"Male","Domestic Long Hair",10.0364
"Male","Domestic Medium Hair",10.3643
"Female","Domestic Long Hair",9.4721
"Male","Domestic Medium Hair",10.0434
"Female","Domestic Medium Hair",10.3038
"Female","Domestic Long Hair",10.4615
"Female","Domestic Short Hair",10.2584
"Female","Domestic Medium Hair",11.1437
"Female","Domestic Medium Hair",10.1634
"Female","Domestic Medium Hair",8.694
"Female","Domestic Short Hair",9.6527
"Female","Domestic Short Hair",8.0853
"Female","Domestic Long Hair",9.6473
"Female","Domestic Short Hair",9.5375
"Male","Domestic Short Hair",7.45
"Female","Domestic Long Hair",10.8171
"Female","Domestic Short Hair",7.5952
"Female","Domestic Short Hair",9.4987
"Female","Domestic Long Hair",9.9978
"Female","Domestic Medium Hair",10.6287
"Female","Domestic Medium Hair",9.6072
"Male","Domestic Long Hair",9.934
"Female","Domestic Short Hair",8.3388
"Female","Domestic Long Hair",8.8495
"Male","Domestic Medium Hair",9.5551
"Male","Domestic Short Hair",9.9673
"Female","Domestic Long Hair",11.3755
"Male","Domestic Long Hair",9.859
"Female","Domestic Short Hair",6.6776
"Male","Domestic Short Hair",9.425
"Male","Domestic Long Hair",11.9022
"Female","Domestic Short Hair",9.6326
"Female","Domestic Short Hair",8.8813
"Female","Domestic Short Hair",7.3863
"Female","Domestic Medium Hair",10.1393
"Female","Domestic Long Hair",9.4979
"Female","Domestic Short Hair",8.4369
"Male","Domestic Short Hair",8.8414
"Male","Domestic Medium Hair",11.1019
"Male","Domestic Medium Hair",10.2352
"Female","Domestic Long Hair",9.2248
"Female","Domestic Long Hair",9.0476
"Male","Domestic Short Hair",9.4363
"Male","Domestic Short Hair",10.3639
"Female","Domestic Medium Hair",10.2152
"Female","Domestic Medium Hair",10.4132
"Male","Domestic Short Hair",8.8038
"Female","Domestic Medium Hair",9.7384
"Female","Domestic Long Hair",11.9972
"Male","Domestic Medium Hair",11.6396
"Female","Domestic Long Hair",9.7037
"Female","Domestic Long Hair",8.1331
"Female","Domestic Short Hair",10.0099
"Male","Domestic Short Hair",9.4813
"Male","Domestic Medium Hair",11.6429
"Female","Domestic Long Hair",11.7077
"Female","Domestic Medium Hair",9.0622
"Female","Domestic Medium Hair",11.2587
"Male","Domestic Long Hair",8.5807
"Male","Domestic Long Hair",11.1358
"Male","Domestic Medium Hair",9.6297
"Female","Domestic Long Hair",9.0722
"Female","Domestic Medium Hair",9.9852
"Male","Domestic Medium Hair",12.0641
"Female","Domestic Long Hair",8.4114
"Male","Domestic Medium Hair",10.8177
"Female","Domestic Short Hair",7.8051
"Male","Domestic Medium Hair",10.9387
"Male","Domestic Medium Hair",10.6157
"Female","Domestic Long Hair",8.5383
"Male","Domestic Short Hair",8.9713
"Male","Domestic Long Hair",11.4078
"Female","Domestic Long Hair",11.722
"Female","Domestic Short Hair",8.3201
"Female","Domestic Short Hair",7.9429
"Female","Domestic Short Hair",7.678
"Male","Domestic Medium Hair",10.9547
"Female","Domestic Medium Hair",11.1656
"Male","Domestic Short Hair",9.8651
"Male","Domestic Medium Hair",10.1437
"Female","Domestic Medium Hair",9.3336
"Female","Domestic Long Hair",9.0414
"Female","Domestic Medium Hair",11.1288
"Female","Domestic Long Hair",9.3659
"Male","Domestic Long Hair",10.5947
"Male","Domestic Medium Hair",11.9467
"Female","Domestic Long Hair",9.9854
"Female","Domestic Short Hair",9.2774
"Male","Domestic Long Hair",10.8018
"Female","Domestic Long Hair",10.4884
"Male","Domestic Medium Hair",8.6802
"Male","Domestic Long Hair",10.1617
"Female","Domestic Medium Hair",8.1534
"Male","Domestic Long Hair",11.1755
"Male","Domestic Medium Hair",9.7111
"Male","Domestic Long Hair",10.3048
"Female","Domestic Medium Hair",9.1836
"Female","Domestic Short Hair",6.2054
"Female","Domestic Short Hair",8.6772
"Female","Domestic Long Hair",10.1834
"Female","Domestic Medium Hair",10.9856
"Male","Domestic Medium Hair",9.5918
"Female","Domestic Short Hair",10.1647
"Female","Domestic Medium Hair",8.6618
"Male","Domestic Medium Hair",10.6854
"Female","Domestic Short Hair",8.6116
"Male","Domestic Short Hair",8.8629
"Male","Domestic Short Hair",6.9438
"Male","Domestic Short Hair",8.5611
"Male","Domestic Medium Hair",9.3921
"Female","Domestic Long Hair",11.2318
"Male","Domestic Long Hair",10.4812
"Female","Domestic Short Hair",6.932
"Male","Domestic Short Hair",8.8214
"Male","Domestic Long Hair",10.5371
"Male","Domestic Long Hair",10.8018
"Male","Domestic Long Hair",12.2794
"Female","Domestic Short Hair",6.9373
"Female","Domestic Medium Hair",10.0429
"Female","Domestic Medium Hair",8.901
"Male","Domestic Long Hair",9.2698
"Female","Domestic Medium Hair",9.463
"Male","Domestic Short Hair",9.4523
"Female","Domestic Long Hair",10.043
"Female","Domestic Short Hair",6.9788
"Female","Domestic Long Hair",9.0832
"Female","Domestic Short Hair",10.9938
"Male","Domestic Long Hair",12.8218
"Male","Domestic Long Hair",11.3959
"Male","Domestic Short Hair",9.8103
"Male","Domestic Medium Hair",10.5873
"Female","Domestic Short Hair",9.0526
"Female","Domestic Medium Hair",8.1165
"Female","Domestic Short Hair",8.5683
"Male","Domestic Long Hair",12.3051
"Male","Domestic Short Hair",7.5211
"Female","Domestic Short Hair",8.3147
"Male","Domestic Short Hair",9.8341
"Female","Domestic Medium Hair",9.8714
"Male","Domestic Short Hair",8.1644
"Female","Domestic Short Hair",8.6928
"Male","Domestic Long Hair",12.5246
"Female","Domestic Medium Hair",8.6141
"Male","Domestic Short Hair",8.0704
"Female","Domestic Long Hair",9.5546
"Female","Domestic Long Hair",10.8032
"Female","Domestic Long Hair",9.9154
"Male","Domestic Long Hair",11.5898
"Male","Domestic Short Hair",8.9361
"Male","Domestic Short Hair",9.9975
"Male","Domestic Medium Hair",8.1732
"Female","Domestic Medium Hair",10.4948
"Male","Domestic Short Hair",9.5821
"Male","Domestic Short Hair",9.4686
"Male","Domestic Long Hair",10.462
"Male","Domestic Medium Hair",10.155
"Female","Domestic Long Hair",9.9022
"Female","Domestic Long Hair",10.4361
"Female","Domestic Medium Hair",9.4581
"Male","Domestic Medium Hair",9.5575
"Female","Domestic Medium Hair",10.9049
"Female","Domestic Short Hair",8.0001
"Male","Domestic Short Hair",9.5718
"Female","Domestic Long Hair",10.6086
"Male","Domestic Long Hair",13.0208
"Female","Domestic Medium Hair",9.5698
"Male","Domestic Medium Hair",10.3425
"Male","Domestic Long Hair",10.2594
"Female","Domestic Long Hair",10.236
"Male","Domestic Long Hair",10.9708
"Female","Domestic Short Hair",7.3483
"Female","Domestic Short Hair",7.0582
"Female","Domestic Short Hair",8.7387
"Female","Domestic Long Hair",10.5859
"Female","Domestic Medium Hair",10.5887
"Male","Domestic Long Hair",11.8571
"Female","Domestic Short Hair",8.1324
"Male","Domestic Short Hair",9.1248
"Male","Domestic Medium Hair",10.1727
"Female","Domestic Medium Hair",9.5342
"Male","Domestic Short Hair",9.0449
"Male","Domestic Long Hair",11.5268
"Female","Domestic Medium Hair",7.1264
"Female","Domestic Long Hair",9.2608
"Male","Domestic Short Hair",9.2434
"Female","Domestic Medium Hair",10.1872
"Female","Domestic Short Hair",8.9364
"Male","Domestic Medium Hair",8.311
"Male","Domestic Medium Hair",9.6123
"Female","Domestic Long Hair",8.3504
"Female","Domestic Medium Hair",10.475
"Female","Domestic Short Hair",8.9208
"Female","Domestic Medium Hair",8.4418
"Female","Domestic Long Hair",10.4644
"Male","Domestic Short Hair",8.2675
"Female","Domestic Short Hair",10.8835
"Male","Domestic Short Hair",9.156
"Male","Domestic Medium Hair",10.5813
"Female","Domestic Short Hair",7.7352
"Male","Domestic Long Hair",9.8688
"Female","Domestic Long Hair",11.0776
"Female","Domestic Short Hair",8.1522
"Female","Domestic Short Hair",7.969
"Female","Domestic Long Hair",10.2154
"Male","Domestic Short Hair",7.6269
"Male","Domestic Long Hair",12.2699
"Male","Domestic Short Hair",10.2315
"Male","Domestic Short Hair",8.9612
"Male","Domestic Long Hair",11.2068
"Female","Domestic Long Hair",7.6694
"Male","Domestic Short Hair",8.4773
"Female","Domestic Short Hair",8.2705
"Male","Domestic Long Hair",10.3781
"Female","Domestic Long Hair",10.5349
"Male","Domestic Medium Hair",11.6992
"Male","Domestic Long Hair",11.1611
"Female","Domestic Long Hair",9.1853
"Female","Domestic Medium Hair",10.2101
"Male","Domestic Medium Hair",11.4446
"Female","Domestic Long Hair",11.5654
"Male","Domestic Long Hair",11.4568
"Female","Domestic Medium Hair",8.9912
"Female","Domestic Long Hair",9.5668
"Female","Domestic Short Hair",8.115
"Male","Domestic Short Hair",8.7919
"Female","Domestic Short Hair",7.8323
"Male","Domestic Long Hair",9.6731
"Male","Domestic Long Hair",11.204
"Female","Domestic Long Hair",9.8439
"Female","Domestic Short Hair",9.8777
"Female","Domestic Short Hair",8.384
"Female","Domestic Long Hair",10.1271
"Female","Domestic Short Hair",8.0183
"Female","Domestic Medium Hair",9.5672
"Female","Domestic Short Hair",8.3119
"Female","Domestic Short Hair",8.2805
"Male","Domestic Short Hair",7.783
"Male","Domestic Short Hair",8.7383
"Female","Domestic Long Hair",9.4844
"Female","Domestic Long Hair",10.9594
"Female","Domestic Short Hair",7.4824
"Female","Domestic Long Hair",11.2552
"Female","Domestic Medium Hair",10.544
"Male","Domestic Medium Hair",11.458
"Male","Domestic Long Hair",10.8813
"Male","Domestic Long Hair",10.0073
"Female","Domestic Medium Hair",9.8919
"Male","Domestic Medium Hair",11.7412
"Male","Domestic Short Hair",7.3493
"Female","Domestic Medium Hair",10.0073
"Female","Domestic Short Hair",9.1771
"Male","Domestic Medium Hair",11.3657
"Female","Domestic Medium Hair",10.8079
"Male","Domestic Short Hair",11.4673
"Male","Domestic Long Hair",12.0831
"Female","Domestic Medium Hair",9.1847
"Male","Domestic Medium Hair",9.8242
"Male","Domestic Long Hair",11.8063
"Female","Domestic Medium Hair",9.3301
"Male","Domestic Medium Hair",7.5398
"Male","Domestic Long Hair",11.9139
"Male","Domestic Short Hair",7.9183
"Female","Domestic Long Hair",10.4275
"Female","Domestic Short Hair",8.3843
"Male","Domestic Long Hair",11.7638
"Male","Domestic Short Hair",8.5231
"Male","Domestic Long Hair",8.9065
"Male","Domestic Long Hair",13.7944
"Female","Domestic Short Hair",9.3077
"Female","Domestic Short Hair",8.8726
"Male","Domestic Short Hair",11.7133
"Female","Domestic Medium Hair",8.0507
"Female","Domestic Short Hair",6.9002
"Female","Domestic Medium Hair",9.025
"Female","Domestic Long Hair",10.132
"Female","Domestic Medium Hair",10.1869
"Male","Domestic Long Hair",11.6635
"Female","Domestic Long Hair",9.7697
"Male","Domestic Short Hair",9.9128
"Female","Domestic Short Hair",9.3158
"Male","Domestic Short Hair",7.9803
"Male","Domestic Long Hair",10.7744
"Female","Domestic Long Hair",10.6352
"Male","Domestic Long Hair",13.3433
"Female","Domestic Medium Hair",9.2437
"Female","Domestic Short Hair",8.4349
"Male","Domestic Long Hair",8.7674
"Male","Domestic Short Hair",9.4588
"Female","Domestic Short Hair",7.3563
"Male","Domestic Short Hair",8.8514
"Female","Domestic Long Hair",9.4549
"Male","Domestic Medium Hair",8.9232
"Female","Domestic Long Hair",10.3322
"Male","Domestic Long Hair",11.1752
"Male","Domestic Long Hair",9.0419
"Male","Domestic Short Hair",8.6606
"Female","Domestic Medium Hair",9.9043
"Male","Domestic Long Hair",10.3836
"Female","Domestic Long Hair",9.8329
"Male","Domestic Long Hair",9.8959
"Male","Domestic Short Hair",9.5555
"Male","Domestic Long Hair",12.6133
"Female","Domestic Long Hair",7.8635
"Male","Domestic Short Hair",10.0252
"Male","Domestic Medium Hair",9.2521
"Male","Domestic Short Hair",8.917
"Female","Domestic Short Hair",6.7454
"Male","Domestic Medium Hair",10.062
"Male","Domestic Long Hair",11.6839
"Female","Domestic Short Hair",8.0167
"Male","Domestic Short Hair",7.843
"Female","Domestic Medium Hair",10.2874
"Male","Domestic Long Hair",10.3304
"Male","Domestic Short Hair",7.3712
"Male","Domestic Medium Hair",10.4116
"Male","Domestic Medium Hair",9.9388
"Male","Domestic Medium Hair",8.9259
"Female","Domestic Short Hair",8.6085
"Female","Domestic Medium Hair",8.6988
"Female","Domestic Medium Hair",8.2451
"Male","Domestic Short Hair",10.0938
"Female","Domestic Medium Hair",8.725
"Female","Domestic Short Hair",8.1693
"Female","Domestic Long Hair",11.1548
"Male","Domestic Long Hair",10.8274
"Male","Domestic Short Hair",8.8239
"Female","Domestic Short Hair",6.6552
"Male","Domestic Long Hair",11.2536
"Male","Domestic Medium Hair",8.8992
"Male","Domestic Medium Hair",9.6214
"Female","Domestic Medium Hair",10.2033
"Male","Domestic Short Hair",8.7547
"Male","Domestic Medium Hair",10.996
"Male","Domestic Long Hair",13.5724
"Male","Domestic Long Hair",10.8808
"Male","Domestic Medium Hair",9.2358
"Male","Domestic Long Hair",10.9111
"Female","Domestic Medium Hair",9.9034
"Female","Domestic Short Hair",8.4538
"Male","Domestic Short Hair",7.0108
"Female","Domestic Medium Hair",10.449
"Female","Domestic Short Hair",9.583
"Female","Domestic Short Hair",8.489
"Female","Domestic Long Hair",12.7472
"Male","Domestic Long Hair",12.1492
"Female","Domestic Short Hair",8.0984
"Female","Domestic Short Hair",7.8863
"Female","Domestic Medium Hair",10.8946
"Male","Domestic Medium Hair",11.514
"Female","Domestic Medium Hair",9.2147
"Female","Domestic Long Hair",9.8936
"Male","Domestic Short Hair",8.4375
"Female","Domestic Long Hair",9.1936
"Female","Domestic Medium Hair",9.8016
"Female","Domestic Long Hair",10.0748
"Male","Domestic Short Hair",11.1786
"Male","Domestic Medium Hair",10.6632
"Male","Domestic Short Hair",9.8312
"Male","Domestic Short Hair",9.3052
"Female","Domestic Medium Hair",8.6633
"Female","Domestic Short Hair",7.216
"Male","Domestic Long Hair",10.8432
"Male","Domestic Short Hair",8.7652
"Male","Domestic Short Hair",10.0805
"Male","Domestic Long Hair",11.4407
"Female","Domestic Short Hair",6.164
"Female","Domestic Short Hair",9.234
"Male","Domestic Short Hair",9.6715
"Male","Domestic Medium Hair",9.1564
"Female","Domestic Medium Hair",11.2308
"Male","Domestic Medium Hair",10.0708
"Male","Domestic Medium Hair",9.2023
"Male","Domestic Short Hair",10.058
"Male","Domestic Short Hair",9.1373
"Female","Domestic Long Hair",10.0257
"Male","Domestic Medium Hair",10.9093
"Female","Domestic Medium Hair",10.6731
"Male","Domestic Short Hair",9.2315
"Female","Domestic Short Hair",10.0432
"Female","Domestic Short Hair",10.1521
"Male","Domestic Long Hair",11.002
"Male","Domestic Short Hair",8.6687
"Male","Domestic Medium Hair",7.4065
"Male","Domestic Long Hair",8.6591
"Male","Domestic Short Hair",8.5157
"Female","Domestic Medium Hair",10.4652
"Female","Domestic Short Hair",8.8213
"Male","Domestic Long Hair",9.5303
"Male","Domestic Short Hair",6.8801
"Female","Domestic Long Hair",10.2793
"Female","Domestic Short Hair",7.73
"Female","Domestic Long Hair",10.5793
"Female","Domestic Long Hair",10.8981
"Female","Domestic Short Hair",7.582
"Female","Domestic Medium Hair",10.2593
"Male","Domestic Medium Hair",10.4968
"Female","Domestic Medium Hair",6.5698
"Male","Domestic Medium Hair",10.0386
"Male","Domestic Long Hair",9.3469
"Female","Domestic Short Hair",7.8419
"Female","Domestic Long Hair",8.9265
"Female","Domestic Long Hair",9.0768
"Male","Domestic Medium Hair",10.7549
"Female","Domestic Medium Hair",10.2598
"Female","Domestic Short Hair",8.335
"Male","Domestic Short Hair",10.3999
"Female","Domestic Long Hair",8.1933
"Female","Domestic Long Hair",9.5665
"Male","Domestic Medium Hair",11.6273
"Male","Domestic Short Hair",10.2329
"Male","Domestic Short Hair",9.3383
"Female","Domestic Short Hair",8.8943
"Male","Domestic Short Hair",8.8881
"Female","Domestic Short Hair",8.9344
"Female","Domestic Short Hair",7.9335
"Male","Domestic Long Hair",13.8645
"Female","Domestic Short Hair",8.9711
"Female","Domestic Medium Hair",9.4985
"Female","Domestic Short Hair",9.0202
"Female","Domestic Short Hair",7.4679
"Male","Domestic Medium Hair",10.6459
"Female","Domestic Medium Hair",8.826
"Female","Domestic Medium Hair",9.7248
"Male","Domestic Long Hair",9.6935
"Female","Domestic Short Hair",8.3282
"Female","Domestic Long Hair",10.1325
"Female","Domestic Short Hair",8.5719
"Male","Domestic Long Hair",10.4499
"Male","Domestic Short Hair",8.222
"Female","Domestic Short Hair",6.9485
"Female","Domestic Medium Hair",10.6372
"Male","Domestic Long Hair",12.4625
"Female","Domestic Short Hair",7.6762
"Female","Domestic Medium Hair",9.6999
"Male","Domestic Short Hair",8.1008
"Male","Domestic Long Hair",12.2118
"Female","Domestic Short Hair",7.8539
"Female","Domestic Medium Hair",10.5218
"Male","Domestic Long Hair",11.6713
"Female","Domestic Long Hair",11.2107
"Male","Domestic Short Hair",9.006
"Female","Domestic Short Hair",8.6918
"Male","Domestic Long Hair",11.1987
"Female","Domestic Short Hair",7.2074
"Male","Domestic Long Hair",10.018
"Female","Domestic Medium Hair",10.0846
"Female","Domestic Medium Hair",9.2614
"Female","Domestic Short Hair",8.0879
"Male","Domestic Medium Hair",9.2837
"Male","Domestic Short Hair",8.7575
"Male","Domestic Long Hair",12.3588
"Male","Domestic Medium Hair",11.4931
"Female","Domestic Long Hair",9.8061
"Female","Domestic Short Hair",7.7889
"Male","Domestic Medium Hair",11.05
"Female","Domestic Long Hair",10.3062
"Male","Domestic Short Hair",9.6347
"Female","Domestic Medium Hair",8.2069
"Female","Domestic Medium Hair",9.4062
"Male","Domestic Short Hair",9.5886
"Female","Domestic Long Hair",11.2251
"Female","Domestic Medium Hair",10.0872
"Male","Domestic Long Hair",10.6927
"Female","Domestic Medium Hair",9.1995
"Female","Domestic Medium Hair",9.7327
"Male","Domestic Medium Hair",10.5109
"Female","Domestic Long Hair",9.4754
"Male","Domestic Short Hair",9.3357
"Female","Domestic Medium Hair",9.3785
"Female","Domestic Medium Hair",8.8991
"Male","Domestic Long Hair",11.3996
"Female","Domestic Short Hair",8.236
"Female","Domestic Medium Hair",8.6049
"Female","Domestic Medium Hair",9.2031
"Female","Domestic Medium Hair",11.2713
"Female","Domestic Short Hair",9.1775
"Male","Domestic Long Hair",10.0894
"Female","Domestic Medium Hair",9.7611
"Female","Domestic Short Hair",7.7108
"Female","Domestic Long Hair",12.3819
"Female","Domestic Long Hair",12.3928
"Male","Domestic Long Hair",9.8154
"Male","Domestic Short Hair",7.5488
"Female","Domestic Long Hair",10.2288
"Male","Domestic Medium Hair",11.7017
"Male","Domestic Medium Hair",9.7861
"Male","Domestic Medium Hair",10.5457
"Male","Domestic Short Hair",8.5087
"Male","Domestic Medium Hair",11.4259
"Female","Domestic Short Hair",9.46
"Female","Domestic Short Hair",6.7268
"Male","Domestic Medium Hair",10.0094
"Female","Domestic Long Hair",8.6889
"Male","Domestic Short Hair",8.9626
"Female","Domestic Long Hair",9.836
"Male","Domestic Short Hair",9.3895
"Male","Domestic Long Hair",11.4644
"Male","Domestic Long Hair",11.2491
"Female","Domestic Medium Hair",9.0665
"Female","Domestic Medium Hair",8.9538
"Male","Domestic Medium Hair",9.8598
"Male","Domestic Long Hair",11.3808
"Male","Domestic Long Hair",10.2253
"Male","Domestic Long Hair",9.9629
"Male","Domestic Long Hair",12.237
"Male","Domestic Long Hair",10.2007
"Female","Domestic Short Hair",8.0178
"Male","Domestic Long Hair",11.7783
"Male","Domestic Short Hair",8.6693
"Male","Domestic Short Hair",8.6103
"Male","Domestic Medium Hair",9.7911
"Male","Domestic Medium Hair",9.232
"Female","Domestic Medium Hair",9.0556
"Male","Domestic Long Hair",9.8676
"Male","Domestic Medium Hair",9.951
"Female","Domestic Short Hair",10.5335
"Female","Domestic Medium Hair",8.568
"Female","Domestic Long Hair",8.987
"Female","Domestic Short Hair",9.0017
"Male","Domestic Long Hair",9.6158
"Female","Domestic Medium Hair",9.9798
"Male","Domestic Long Hair",9.8573
"Female","Domestic Medium Hair",9.602
"Female","Domestic Short Hair",9.6497
"Female","Domestic Short Hair",9.2435
"Female","Domestic Medium Hair",10.7758
"Female","Domestic Medium Hair",9.2688
"Female","Domestic Short Hair",6.4609
"Male","Domestic Medium Hair",9.6627
"Male","Domestic Long Hair",12.0294
"Male","Domestic Long Hair",12.1955
"Female","Domestic Long Hair",10.1323
"Female","Domestic Medium Hair",11.4156
"Female","Domestic Short Hair",8.4339
"Female","Domestic Long Hair",8.626
"Male","Domestic Long Hair",10.1533
"Male","Domestic Long Hair",12.0789
"Female","Domestic Long Hair",10.9689
"Female","Domestic Short Hair",9.2079
"Male","Domestic Short Hair",7.4726
"Male","Domestic Long Hair",9.3399
"Male","Domestic Medium Hair",9.1084
"Female","Domestic Medium Hair",11.2359
"Male","Domestic Medium Hair",11.202
"Male","Domestic Long Hair",9.938
"Male","Domestic Short Hair",10.5212
"Male","Domestic Short Hair",9.0897
"Male","Domestic Long Hair",11.9397
"Male","Domestic Short Hair",9.4357
"Male","Domestic Long Hair",11.5604
"Female","Domestic Medium Hair",9.8166
"Female","Domestic Short Hair",8.9669
"Female","Domestic Medium Hair",10.3862
"Female","Domestic Medium Hair",10.0606
"Male","Domestic Short Hair",9.6779
"Female","Domestic Short Hair",7.7025
"Female","Domestic Long Hair",11.6638
"Female","Domestic Short Hair",9.7975
"Male","Domestic Medium Hair",9.53
"Female","Domestic Long Hair",9.8045
"Female","Domestic Short Hair",8.8581
"Male","Domestic Short Hair",8.7384
"Female","Domestic Long Hair",9.266
"Male","Domestic Long Hair",11.6466
"Female","Domestic Short Hair",7.791
"Male","Domestic Short Hair",8.5963
"Female","Domestic Short Hair",9.7452
"Female","Domestic Short Hair",8.6777
"Female","Domestic Long Hair",10.7968
"Male","Domestic Medium Hair",8.3725
"Male","Domestic Short Hair",9.1643
"Female","Domestic Medium Hair",9.6029
"Female","Domestic Short Hair",6.9724
"Female","Domestic Long Hair",11.1702
"Male","Domestic Medium Hair",9.066
"Female","Domestic Long Hair",8.4263
"Female","Domestic Short Hair",7.5731
"Female","Domestic Long Hair",10.7929
"Female","Domestic Long Hair",9.1317
"Female","Domestic Long Hair",10.5159
"Female","Domestic Long Hair",10.6276
"Female","Domestic Long Hair",9.3536
"Male","Domestic Long Hair",9.5019
"Male","Domestic Medium Hair",10.2035
"Female","Domestic Short Hair",9.3561
"Male","Domestic Long Hair",12.322
"Male","Domestic Short Hair",8.6126
"Male","Domestic Long Hair",12.4222
"Female","Domestic Long Hair",9.057
"Male","Domestic Long Hair",10.1397
"Male","Domestic Medium Hair",10.2276
"Male","Domestic Short Hair",8.2981
"Female","Domestic Long Hair",8.1771
"Female","Domestic Short Hair",10.1655
"Female","Domestic Long Hair",10.8468
"Female","Domestic Long Hair",12.3529
"Male","Domestic Long Hair",10.3097
"Male","Domestic Long Hair",11.3036
"Female","Domestic Long Hair",8.5609
"Female","Domestic Long Hair",9.3592
"Male","Domestic Short Hair",9.1188
"Male","Domestic Short Hair",10.1393
"Male","Domestic Short Hair",11.3102
"Female","Domestic Long Hair",10.6034
"Male","Domestic Medium Hair",11.0869
"Female","Domestic Short Hair",10.0693
"Female","Domestic Medium Hair",10.7151
"Female","Domestic Medium Hair",11.3385
"Female","Domestic Medium Hair",10.8461
"Male","Domestic Medium Hair",10.5816
"Male","Domestic Long Hair",11.5324
"Male","Domestic Medium Hair",9.6795
"Female","Domestic Short Hair",9.2052
"Female","Domestic Long Hair",9.7042
"Female","Domestic Long Hair",11.2609
"Male","Domestic Long Hair",11.7001
"Male","Domestic Short Hair",8.9446
"Female","Domestic Medium Hair",9.7816
"Male","Domestic Medium Hair",10.3131
"Male","Domestic Short Hair",9.1671
"Male","Domestic Long Hair",10.4451
"Female","Domestic Medium Hair",10.4459
"Female","Domestic Long Hair",10.358
"Male","Domestic Short Hair",11.4427
"Female","Domestic Short Hair",7.7451
"Male","Domestic Medium Hair",9.5228
"Female","Domestic Long Hair",7.8291
"Female","Domestic Long Hair",9.5179
"Female","Domestic Long Hair",9.5991
"Female","Domestic Medium Hair",9.8455
"Male","Domestic Medium Hair",10.0916
"Male","Domestic Short Hair",9.5366
"Male","Domestic Medium Hair",9.8935
"Male","Domestic Short Hair",10.087
"Female","Domestic Medium Hair",9.1413
"Male","Domestic Short Hair",9.5873
"Female","Domestic Short Hair",7.3715
"Female","Domestic Short Hair",8.2594
"Female","Domestic Long Hair",9.8225
"Female","Domestic Medium Hair",10.6331
"Female","Domestic Medium Hair",10.0949
"Male","Domestic Short Hair",9.6703
"Female","Domestic Medium Hair",10.2302
"Female","Domestic Medium Hair",8.7688
"Female","Domestic Long Hair",10.3724
"Female","Domestic Short Hair",8.769
"Male","Domestic Short Hair",9.1444
"Female","Domestic Short Hair",9.0003
"Female","Domestic Medium Hair",9.9756
"Female","Domestic Short Hair",7.1035
"Male","Domestic Long Hair",10.7792
"Female","Domestic Short Hair",8.2022
"Female","Domestic Medium Hair",8.8654
"Male","Domestic Long Hair",12.2034
"Male","Domestic Medium Hair",8.6295
"Male","Domestic Long Hair",9.9443
"Female","Domestic Medium Hair",10.7519
"Female","Domestic Long Hair",10.1708
"Female","Domestic Short Hair",7.7639
"Male","Domestic Long Hair",10.0569
"Female","Domestic Short Hair",8.4476
"Female","Domestic Short Hair",9.235
"Male","Domestic Short Hair",8.9946
"Female","Domestic Short Hair",7.3609
"Male","Domestic Medium Hair",10.6107
"Female","Domestic Medium Hair",9.7897
"Female","Domestic Medium Hair",7.1984
"Female","Domestic Medium Hair",10.7561
"Female","Domestic Long Hair",8.9906
"Male","Domestic Long Hair",12.0113
"Male","Domestic Medium Hair",10.1008
"Female","Domestic Short Hair",8.3084
"Female","Domestic Long Hair",10.4522
"Female","Domestic Medium Hair",10.0163
"Female","Domestic Medium Hair",10.8293
"Male","Domestic Long Hair",10.8668
"Female","Domestic Long Hair",8.8518
"Female","Domestic Long Hair",10.0664
"Female","Domestic Medium Hair",10.6862
"Female","Domestic Long Hair",10.2628
"Female","Domestic Medium Hair",10.0407
"Male","Domestic Medium Hair",9.074
"Female","Domestic Long Hair",9.3032
"Female","Domestic Short Hair",5.5479
"Male","Domestic Long Hair",11.2736
"Female","Domestic Long Hair",9.3873
"Male","Domestic Long Hair",10.7837
"Male","Domestic Medium Hair",9.1902
"Male","Domestic Long Hair",10.9159
"Female","Domestic Short Hair",8.7076
"Female","Domestic Short Hair",7.2105
"Female","Domestic Medium Hair",9.6207
"Male","Domestic Short Hair",8.9891
"Female","Domestic Short Hair",7.6706
"Female","Domestic Medium Hair",10.138
"Male","Domestic Medium Hair",11.6796
"Male","Domestic Long Hair",10.7718
"Female","Domestic Short Hair",9.5112
"Male","Domestic Long Hair",11.6545
"Female","Domestic Medium Hair",9.1117
"Male","Domestic Medium Hair",9.3005
"Female","Domestic Short Hair",8.8879
"Female","Domestic Long Hair",10.4318
"Male","Domestic Short Hair",8.0615
"Male","Domestic Medium Hair",10.5615
"Female","Domestic Long Hair",9.5659
"Male","Domestic Medium Hair",7.9906
"Male","Domestic Short Hair",12.1922
"Female","Domestic Short Hair",7.5679
"Female","Domestic Long Hair",11.3543
"Female","Domestic Short Hair",7.6012
"Female","Domestic Long Hair",10.063
"Male","Domestic Short Hair",9.2366
"Female","Domestic Medium Hair",10.277
"Female","Domestic Medium Hair",6.3728
"Male","Domestic Short Hair",9.131
"Female","Domestic Long Hair",9.2536
"Male","Domestic Short Hair",7.0582
"Male","Domestic Long Hair",13.1145
"Male","Domestic Medium Hair",10.127
"Female","Domestic Short Hair",8.8513
"Female","Domestic Long Hair",10.7323
"Female","Domestic Long Hair",9.8746
"Male","Domestic Short Hair",8.6809
"Male","Domestic Medium Hair",10.8106
"Male","Domestic Short Hair",9.6161
"Female","Domestic Medium Hair",9.3276
"Male","Domestic Long Hair",10.2009
"Female","Domestic Short Hair",9.6355
"Female","Domestic Long Hair",11.7528
"Male","Domestic Medium Hair",11.2873
"Male","Domestic Medium Hair",10.4281
"Female","Domestic Medium Hair",10.9568
"Male","Domestic Short Hair",8.006
"Female","Domestic Medium Hair",9.1538
"Male","Domestic Long Hair",11.0824
"Male","Domestic Short Hair",10.4177
"Male","Domestic Long Hair",11.1976
"Female","Domestic Long Hair",9.6007
"Male","Domestic Long Hair",10.8288
"Male","Domestic Medium Hair",11.2638
"Male","Domestic Long Hair",10.6772
"Female","Domestic Long Hair",10.7181
"Female","Domestic Long Hair",9.7265
"Female","Domestic Short Hair",9.3559
"Female","Domestic Long Hair",8.3582
"Female","Domestic Medium Hair",11.7325
"Male","Domestic Long Hair",10.3759
"Female","Domestic Short Hair",8.3286
"Female","Domestic Long Hair",10.5255
"Female","Domestic Medium Hair",9.7793
"Female","Domestic Short Hair",7.9803
"Male","Domestic Long Hair",11.9298
"Female","Domestic Short Hair",8.7677
"Male","Domestic Long Hair",12.9367
"Male","Domestic Long Hair",12.5517
"Female","Domestic Medium Hair",9.9979
"Female","Domestic Long Hair",9.5032
"Male","Domestic Short Hair",10.0174
"Male","Domestic Short Hair",10.1161
"Female","Domestic Medium Hair",9.3682
"Male","Domestic Short Hair",8.6334
"Male","Domestic Long Hair",11.7407
"Male","Domestic Long Hair",10.5228
"Female","Domestic Medium Hair",8.247
"Female","Domestic Short Hair",9.3371
"Male","Domestic Long Hair",10.5635
"Female","Domestic Medium Hair",10.7661
"Male","Domestic Short Hair",8.3057
"Female","Domestic Short Hair",9.1812
"Female","Domestic Medium Hair",10.5581
"Female","Domestic Medium Hair",9.4683
"Male","Domestic Medium Hair",10.4387
"Female","Domestic Long Hair",10.5019
"Female","Domestic Short Hair",7.9601
"Female","Domestic Medium Hair",10.2046
"Female","Domestic Long Hair",9.6244
"Male","Domestic Long Hair",12.4739
"Female","Domestic Medium Hair",11.3015
"Female","Domestic Short Hair",6.2674
"Female","Domestic Short Hair",8.439
"Female","Domestic Short Hair",8.921
"Male","Domestic Medium Hair",10.7924
"Male","Domestic Medium Hair",9.8915
"Male","Domestic Long Hair",10.4312
"Male","Domestic Long Hair",11.692
"Female","Domestic Long Hair",10.5564
"Male","Domestic Long Hair",12.1058
"Female","Domestic Medium Hair",8.9321
"Male","Domestic Short Hair",9.7063
"Male","Domestic Short Hair",7.4994
"Female","Domestic Short Hair",9.0457
"Male","Domestic Long Hair",11.3498
"Male","Domestic Medium Hair",10.9378
"Female","Domestic Medium Hair",8.248
"Female","Domestic Long Hair",9.8963
"Female","Domestic Medium Hair",9.9638
"Female","Domestic Long Hair",8.8903
"Male","Domestic Short Hair",10.6874
"Male","Domestic Long Hair",9.6989
"Female","Domestic Medium Hair",10.1486
"Female","Domestic Long Hair",10.5112
"Female","Domestic Medium Hair",7.9301
"Female","Domestic Medium Hair",9.1103
"Male","Domestic Short Hair",10.0487
"Female","Domestic Long Hair",9.6184
"Male","Domestic Short Hair",9.9872
"Female","Domestic Medium Hair",9.2753
"Female","Domestic Long Hair",11.0566
"Female","Domestic Long Hair",10.1217
"Female","Domestic Short Hair",9.0951
"Male","Domestic Medium Hair",9.2609
"Male","Domestic Short Hair",9.4543
"Male","Domestic Short Hair",9.1187
"Female","Domestic Long Hair",10.85
"Female","Domestic Short Hair",7.9779
"Male","Domestic Short Hair",9.9369
"Male","Domestic Short Hair",9.5469
"Female","Domestic Medium Hair",10.3805
"Female","Domestic Medium Hair",7.2528
"Male","Domestic Medium Hair",11.8676
"Male","Domestic Medium Hair",9.5102
"Male","Domestic Short Hair",9.4103
"Female","Domestic Long Hair",10.0017
"Male","Domestic Medium Hair",9.715
"Male","Domestic Medium Hair",10.2168
"Female","Domestic Long Hair",8.7337
"Female","Domestic Medium Hair",10.4118
"Male","Domestic Short Hair",9.4197
"Female","Domestic Long Hair",8.9845
"Female","Domestic Medium Hair",11.4123
"Male","Domestic Medium Hair",11.6639
"Male","Domestic Long Hair",10.9311
"Female","Domestic Long Hair",9.7589
"Female","Domestic Short Hair",8.7876
"Female","Domestic Long Hair",9.3158
"Male","Domestic Long Hair",10.4047
"Female","Domestic Medium Hair",11.4031
"Male","Domestic Long Hair",11.7353
"Female","Domestic Medium Hair",8.487
"Female","Domestic Medium Hair",8.891
"Female","Domestic Short Hair",7.4856
"Male","Domestic Short Hair",9.2724
"Male","Domestic Long Hair",11.3143
"Male","Domestic Short Hair",7.5872
"Male","Domestic Short Hair",10.0623
"Female","Domestic Short Hair",7.581
"Female","Domestic Medium Hair",9.2861
"Female","Domestic Short Hair",8.9678
"Female","Domestic Medium Hair",9.0337
"Male","Domestic Long Hair",13.1354
"Female","Domestic Long Hair",10.1638
"Female","Domestic Medium Hair",10.1099
"Male","Domestic Long Hair",11.6522
"Female","Domestic Medium Hair",9.4997
"Female","Domestic Short Hair",9.4517
"Female","Domestic Short Hair",7.4095
"Male","Domestic Long Hair",11.6333
"Female","Domestic Short Hair",8.7837
"Female","Domestic Medium Hair",10.0182
"Male","Domestic Short Hair",8.5618
"Male","Domestic Medium Hair",9.2408
"Male","Domestic Long Hair",11.413
"Male","Domestic Short Hair",9.3578
"Female","Domestic Medium Hair",10.225
"Female","Domestic Short Hair",9.5107
"Male","Domestic Medium Hair",9.7543
"Male","Domestic Short Hair",9.789
"Female","Domestic Medium Hair",9.3928
"Female","Domestic Short Hair",7.7284
"Male","Domestic Medium Hair",10.9536
"Female","Domestic Medium Hair",8.4234
"Female","Domestic Long Hair",9.5931
"Male","Domestic Medium Hair",9.4059
"Male","Domestic Long Hair",10.4479
"Male","Domestic Medium Hair",10.3566
"Female","Domestic Long Hair",11.0416
"Male","Domestic Medium Hair",9.4027
"Female","Domestic Long Hair",10.0187
"Female","Domestic Medium Hair",9.3223
"Male","Domestic Medium Hair",11.1244
"Male","Domestic Medium Hair",9.0528
"Male","Domestic Long Hair",12.6121
"Female","Domestic Long Hair",10.3018
"Male","Domestic Long Hair",11.3975
"Male","Domestic Medium Hair",11.7044
"Male","Domestic Medium Hair",9.0295
"Female","Domestic Short Hair",8.028
"Female","Domestic Long Hair",9.6453
"Female","Domestic Short Hair",9.9987
"Male","Domestic Short Hair",9.9768
"Male","Domestic Medium Hair",10.0675
"Female","Domestic Long Hair",9.9896
"Male","Domestic Long Hair",12.1729
"Male","Domestic Short Hair",9.5363
"Female","Domestic Medium Hair",9.885
"Male","Domestic Short Hair",8.307
"Female","Domestic Short Hair",9.8523
"Female","Domestic Short Hair",7.6901
"Male","Domestic Short Hair",8.989
"Female","Domestic Long Hair",10.9691
"Male","Domestic Long Hair",10.4957
"Male","Domestic Medium Hair",10.3915
"Female","Domestic Short Hair",9.565
"Female","Domestic Medium Hair",9.314
"Female","Domestic Short Hair",6.4078
"Female","Domestic Medium Hair",10.3253
"Female","Domestic Long Hair",8.1499
"Female","Domestic Short Hair",8.9925
"Female","Domestic Long Hair",8.3446
"Female","Domestic Long Hair",9.6278
"Female","Domestic Short Hair",8.485
"Female","Domestic Long Hair",10.939
"Male","Domestic Medium Hair",9.9331
"Female","Domestic Medium Hair",11.2202
"Male","Domestic Long Hair",11.4892
"Female","Domestic Medium Hair",9.3955
"Female","Domestic Medium Hair",10.363
"Male","Domestic Long Hair",11.503
"Female","Domestic Long Hair",9.7868
"Male","Domestic Short Hair",8.0549
"Male","Domestic Long Hair",10.394
"Female","Domestic Long Hair",10.6378
"Female","Domestic Medium Hair",10.2249
"Female","Domestic Short Hair",8.5172
"Male","Domestic Medium Hair",11.0031
"Female","Domestic Short Hair",9.8293
"Female","Domestic Short Hair",9.5705
"Male","Domestic Long Hair",10.8881
"Female","Domestic Medium Hair",8.8612
"Female","Domestic Long Hair",11.0583
"Female","Domestic Medium Hair",8.8326
"Male","Domestic Long Hair",10.8559
"Female","Domestic Long Hair",9.0642
"Female","Domestic Medium Hair",10.3232
"Male","Domestic Medium Hair",10.5853
"Male","Domestic Medium Hair",10.4092
"Male","Domestic Short Hair",10.3977
"Female","Domestic Long Hair",9.6668
"Male","Domestic Short Hair",9.9573
"Male","Domestic Long Hair",13.5796
"Male","Domestic Medium Hair",10.3623
"Female","Domestic Long Hair",10.714
"Female","Domestic Short Hair",8.5029
"Female","Domestic Medium Hair",10.065
"Male","Domestic Medium Hair",11.4679
"Female","Domestic Medium Hair",9.2838
"Male","Domestic Long Hair",10.0375
"Female","Domestic Medium Hair",9.9957
"Female","Domestic Short Hair",9.9328
"Female","Domestic Long Hair",10.6316
"Male","Domestic Short Hair",11.8474
"Female","Domestic Medium Hair",7.9011
"Female","Domestic Medium Hair",9.3206
"Female","Domestic Short Hair",5.8594
"Female","Domestic Medium Hair",9.3952
"Female","Domestic Medium Hair",11.2967
"Male","Domestic Medium Hair",10.9448
"Male","Domestic Short Hair",10.5484
"Female","Domestic Short Hair",9.9288
"Male","Domestic Long Hair",10.9129
"Male","Domestic Short Hair",9.3317
"Male","Domestic Medium Hair",10.2692
"Male","Domestic Short Hair",7.6559
"Male","Domestic Short Hair",7.0998
"Male","Domestic Long Hair",10.1276
"Male","Domestic Medium Hair",9.5219
"Male","Domestic Long Hair",10.7998
"Male","Domestic Medium Hair",10.1137
"Female","Domestic Short Hair",9.4491
"Female","Domestic Medium Hair",8.8016
"Male","Domestic Short Hair",9.9981
"Female","Domestic Short Hair",8.521
"Female","Domestic Long Hair",8.8941
"Male","Domestic Medium Hair",9.7376
"Female","Domestic Short Hair",9.2818
"Female","Domestic Short Hair",8.379
"Male","Domestic Short Hair",10.1513
"Female","Domestic Short Hair",8.0299
"Male","Domestic Medium Hair",8.5246
"Male","Domestic Medium Hair",10.1844
"Female","Domestic Medium Hair",9.3311
"Male","Domestic Short Hair",9.2027
"Female","Domestic Short Hair",8.4657
"Female","Domestic Long Hair",9.7243
"Male","Domestic Short Hair",9.5242
"Female","Domestic Medium Hair",9.8298
"Male","Domestic Long Hair",12.7128
"Male","Domestic Medium Hair",9.5193
"Male","Domestic Short Hair",8.5029
"Male","Domestic Medium Hair",12.1358
"Male","Domestic Short Hair",9.3431
"Female","Domestic Short Hair",9.463
"Female","Domestic Medium Hair",8.7945
"Female","Domestic Short Hair",11.039
"Female","Domestic Short Hair",7.3641
"Female","Domestic Short Hair",10.1263
"Male","Domestic Short Hair",8.1727
"Female","Domestic Short Hair",8.6649
"Female","Domestic Short Hair",8.3958
"Female","Domestic Medium Hair",9.3189
"Female","Domestic Medium Hair",10.0833
"Female","Domestic Long Hair",9.7459
"Male","Domestic Short Hair",11.3267
"Female","Domestic Long Hair",9.0936
"Female","Domestic Long Hair",10.2179
"Male","Domestic Long Hair",11.2905
"Female","Domestic Short Hair",6.8089
"Male","Domestic Short Hair",8.947
"Male","Domestic Medium Hair",10.7678
"Male","Domestic Long Hair",10.6278
"Male","Domestic Medium Hair",9.2458
"Male","Domestic Long Hair",12.3629
"Female","Domestic Long Hair",10.7956
"Female","Domestic Medium Hair",9.8818
"Male","Domestic Short Hair",8.9693
"Female","Domestic Medium Hair",9.1018
"Male","Domestic Medium Hair",9.5324
"Male","Domestic Short Hair",9.5489
"Female","Domestic Medium Hair",8.7007
"Male","Domestic Medium Hair",10.9976
"Female","Domestic Short Hair",9.1083
"Male","Domestic Short Hair",7.5385
"Female","Domestic Short Hair",8.4059
"Female","Domestic Short Hair",9.2605
"Male","Domestic Medium Hair",8.9321
"Male","Domestic Long Hair",12.0571
"Male","Domestic Long Hair",12.6848
"Female","Domestic Medium Hair",10.5208
"Male","Domestic Long Hair",12.2014
"Male","Domestic Short Hair",10.3698
"Male","Domestic Long Hair",9.9381
"Male","Domestic Short Hair",7.5783
"Male","Domestic Long Hair",10.4764
"Male","Domestic Short Hair",8.0686
"Male","Domestic Short Hair",8.7189
"Female","Domestic Medium Hair",9.0194
"Female","Domestic Medium Hair",9.9831
"Female","Domestic Medium Hair",10.8266
"Male","Domestic Short Hair",8.3931
"Female","Domestic Medium Hair",9.7207
"Male","Domestic Short Hair",7.5423
"Female","Domestic Short Hair",9.9323
"Female","Domestic Long Hair",9.0064
"Male","Domestic Long Hair",10.8677
"Male","Domestic Short Hair",9.2412
"Male","Domestic Medium Hair",10.7365
"Male","Domestic Short Hair",9.6149
"Female","Domestic Medium Hair",9.7304
"Male","Domestic Short Hair",8.9568
"Male","Domestic Short Hair",9.7198
"Male","Domestic Short Hair",11.8214
"Female","Domestic Medium Hair",10.4194
"Female","Domestic Long Hair",10.4175
"Male","Domestic Short Hair",8.4123
"Male","Domestic Short Hair",10.7506
"Female","Domestic Medium Hair",8.5635
"Female","Domestic Long Hair",9.1029
"Male","Domestic Long Hair",10.5962
"Female","Domestic Short Hair",7.91
"Female","Domestic Medium Hair",10.3029
"Male","Domestic Short Hair",10.7882
"Female","Domestic Long Hair",9.011
"Female","Domestic Long Hair",11.7013
"Male","Domestic Long Hair",10.5385
"Male","Domestic Short Hair",8.5325
"Male","Domestic Long Hair",9.8905
"Male","Domestic Medium Hair",10.3684
"Female","Domestic Short Hair",6.6882
"Female","Domestic Medium Hair",8.9666
"Female","Domestic Short Hair",9.9997
"Female","Domestic Medium Hair",10.29
"Male","Domestic Short Hair",9.6224
"Male","Domestic Long Hair",10.6667
"Male","Domestic Long Hair",11.3071
"Male","Domestic Long Hair",10.3898
"Female","Domestic Medium Hair",12.1849
"Female","Domestic Short Hair",8.8782
"Male","Domestic Short Hair",7.1722
"Male","Domestic Short Hair",8.1825
"Female","Domestic Long Hair",10.108
"Male","Domestic Medium Hair",9.968
"Female","Domestic Medium Hair",9.7505
"Male","Domestic Short Hair",9.6044
"Male","Domestic Long Hair",12.9482
"Male","Domestic Long Hair",12.035
"Male","Domestic Short Hair",10.7459
"Female","Domestic Short Hair",9.4376
"Female","Domestic Short Hair",9.9433
"Female","Domestic Short Hair",8.1838
"Male","Domestic Short Hair",6.7489
"Male","Domestic Medium Hair",11.8139
"Female","Domestic Long Hair",9.568
"Female","Domestic Medium Hair",10.4833
"Male","Domestic Long Hair",11.5713
"Female","Domestic Short Hair",9.5755
"Male","Domestic Long Hair",10.5535
"Female","Domestic Long Hair",12.5167
"Female","Domestic Long Hair",9.8353
"Male","Domestic Short Hair",7.8637
"Male","Domestic Long Hair",12.1367
"Male","Domestic Short Hair",8.6746
"Female","Domestic Medium Hair",9.3675
"Female","Domestic Short Hair",9.3521
"Female","Domestic Long Hair",11.0105
"Female","Domestic Short Hair",8.1463
"Female","Domestic Medium Hair",9.7647
"Female","Domestic Long Hair",10.0273
"Female","Domestic Medium Hair",9.2873
"Male","Domestic Short Hair",9.5858
"Female","Domestic Short Hair",7.1109
"Female","Domestic Long Hair",10.5208
"Male","Domestic Medium Hair",9.9328
"Female","Domestic Long Hair",9.4426
"Female","Domestic Short Hair",9.119
"Male","Domestic Short Hair",9.05
"Male","Domestic Short Hair",9.4885
"Male","Domestic Medium Hair",8.337
"Female","Domestic Short Hair",9.2139
"Female","Domestic Long Hair",11.0685
"Female","Domestic Medium Hair",9.82
"Female","Domestic Long Hair",9.8042
"Male","Domestic Long Hair",11.5551
"Female","Domestic Medium Hair",8.1334
"Female","Domestic Long Hair",9.6736
"Female","Domestic Short Hair",7.659
"Female","Domestic Short Hair",8.4414
"Female","Domestic Short Hair",7.8405
"Male","Domestic Medium Hair",11.048
"Male","Domestic Long Hair",12.5696
"Male","Domestic Long Hair",12.2775
"Female","Domestic Long Hair",10.5097
"Female","Domestic Medium Hair",9.4121
"Male","Domestic Medium Hair",8.8924
"Male","Domestic Long Hair",11.125
"Male","Domestic Medium Hair",8.6205
"Male","Domestic Long Hair",13.052
"Female","Domestic Long Hair",9.1288
"Male","Domestic Medium Hair",10.1905
"Female","Domestic Short Hair",8.3885
"Female","Domestic Medium Hair",10.3002
"Male","Domestic Short Hair",8.6395
"Female","Domestic Long Hair",11.1283
"Male","Domestic Short Hair",10.5067
"Female","Domestic Medium Hair",12.076
"Male","Domestic Medium Hair",10.8202
"Female","Domestic Short Hair",7.6044
"Female","Domestic Short Hair",9.0493
"Male","Domestic Long Hair",12.435
"Female","Domestic Medium Hair",9.8236
"Female","Domestic Short Hair",9.985
"Female","Domestic Long Hair",9.7668
"Female","Domestic Medium Hair",9.4517
"Male","Domestic Short Hair",6.9069
"Male","Domestic Short Hair",9.6708
"Male","Domestic Medium Hair",8.876
"Male","Domestic Long Hair",10.2786
"Female","Domestic Short Hair",9.9627
"Female","Domestic Medium Hair",8.3329
"Male","Domestic Short Hair",9.274
"Female","Domestic Medium Hair",9.881
"Male","Domestic Medium Hair",8.3906
"Female","Domestic Medium Hair",12.2832
"Male","Domestic Long Hair",12.0263
"Female","Domestic Long Hair",10.4525
"Female","Domestic Long Hair",10.1324
"Male","Domestic Medium Hair",9.8376
"Male","Domestic Medium Hair",11.1042
"Male","Domestic Medium Hair",10.115
"Male","Domestic Short Hair",8.8048
"Male","Domestic Short Hair",12.0209
"Female","Domestic Medium Hair",8.8953
"Female","Domestic Medium Hair",8.6729
"Male","Domestic Short Hair",10.1289
"Male","Domestic Short Hair",7.9424
"Female","Domestic Medium Hair",9.8382
"Male","Domestic Medium Hair",10.3067
"Female","Domestic Long Hair",9.8295
"Female","Domestic Long Hair",10.2933
"Male","Domestic Short Hair",9.5181
"Female","Domestic Medium Hair",8.9274
"Male","Domestic Short Hair",8.387
"Male","Domestic Long Hair",12.0256
"Female","Domestic Short Hair",9.6817
"Female","Domestic Short Hair",6.8151
"Male","Domestic Long Hair",12.5625
"Male","Domestic Short Hair",7.5607
"Female","Domestic Medium Hair",9.5629
"Female","Domestic Medium Hair",10.3603
"Female","Domestic Long Hair",9.9585
"Male","Domestic Short Hair",8.0517
"Female","Domestic Short Hair",6.5015
"Female","Domestic Short Hair",7.7736
"Female","Domestic Medium Hair",8.7519
"Female","Domestic Short Hair",8.794
"Female","Domestic Long Hair",10.1823
"Female","Domestic Short Hair",7.8598
"Female","Domestic Medium Hair",9.2403
"Male","Domestic Medium Hair",11.122
"Female","Domestic Long Hair",9.9164
"Male","Domestic Long Hair",10.817
"Female","Domestic Long Hair",11.814
"Male","Domestic Short Hair",7.6136
"Female","Domestic Long Hair",11.4761
"Female","Domestic Long Hair",8.6253
"Male","Domestic Long Hair",12.3653
"Female","Domestic Short Hair",8.9159
"Female","Domestic Long Hair",9.1322
"Female","Domestic Medium Hair",10.5859
"Female","Domestic Short Hair",10.4386
"Female","Domestic Medium Hair",11.432
"Male","Domestic Medium Hair",9.9299
"Female","Domestic Long Hair",10.9475
"Male","Domestic Medium Hair",10.0741
"Female","Domestic Medium Hair",9.904
"Female","Domestic Short Hair",8.1542
"Male","Domestic Long Hair",11.3908
"Male","Domestic Long Hair",8.3909
"Male","Domestic Long Hair",9.1867
"Female","Domestic Long Hair",9.6624
"Male","Domestic Long Hair",10.8147
"Male","Domestic Medium Hair",11.3864
"Male","Domestic Long Hair",11.2818
"Female","Domestic Medium Hair",9.3643
"Female","Domestic Long Hair",9.7244
"Female","Domestic Short Hair",8.9829
"Male","Domestic Long Hair",11.3539
"Female","Domestic Long Hair",10.749
"Male","Domestic Long Hair",10.5684
"Female","Domestic Short Hair",8.0788
"Female","Domestic Long Hair",10.1255
"Male","Domestic Short Hair",8.3135
"Female","Domestic Medium Hair",8.9071
"Female","Domestic Long Hair",9.0513
"Female","Domestic Long Hair",9.5786
"Male","Domestic Short Hair",8.392
"Female","Domestic Long Hair",10.3157
"Male","Domestic Long Hair",12.5851
"Female","Domestic Short Hair",6.5383
"Female","Domestic Short Hair",8.1185
"Male","Domestic Medium Hair",9.7028
"Female","Domestic Short Hair",8.5266
"Female","Domestic Long Hair",10.5979
"Male","Domestic Long Hair",12.1294
"Female","Domestic Long Hair",10.1992
"Female","Domestic Medium Hair",10.2867
"Female","Domestic Short Hair",8.342
"Female","Domestic Short Hair",9.0906
"Male","Domestic Short Hair",8.457
"Female","Domestic Short Hair",8.493
"Male","Domestic Short Hair",7.0932
"Male","Domestic Medium Hair",8.0113
"Male","Domestic Long Hair",12.4368
"Female","Domestic Long Hair",9.0363
"Male","Domestic Medium Hair",10.317
"Female","Domestic Long Hair",9.7084
"Female","Domestic Long Hair",10.1593
"Female","Domestic Long Hair",11.0173
"Female","Domestic Short Hair",7.7266
"Male","Domestic Short Hair",9.3637
"Female","Domestic Short Hair",9.2168
"Female","Domestic Long Hair",9.4591
"Male","Domestic Short Hair",9.371
"Male","Domestic Short Hair",9.0162
"Male","Domestic Medium Hair",11.5569
"Female","Domestic Long Hair",9.1945
"Female","Domestic Long Hair",9.117
"Male","Domestic Long Hair",10.9898
"Female","Domestic Short Hair",9.4324
"Male","Domestic Long Hair",10.522
"Female","Domestic Medium Hair",9.315
"Male","Domestic Long Hair",11.4438
"Female","Domestic Medium Hair",9.3666
"Male","Domestic Short Hair",10.1912
"Male","Domestic Short Hair",8.2148
"Male","Domestic Medium Hair",9.9922
"Male","Domestic Medium Hair",10.094
"Female","Domestic Medium Hair",8.8359
"Male","Domestic Short Hair",9.2352
"Male","Domestic Medium Hair",11.3931
"Male","Domestic Long Hair",9.7751
"Female","Domestic Long Hair",9.623
"Female","Domestic Short Hair",9.7321
"Male","Domestic Long Hair",11.5988
"Male","Domestic Long Hair",10.3284
"Male","Domestic Medium Hair",11.1835
"Male","Domestic Short Hair",8.4074
"Male","Domestic Short Hair",9.738
"Female","Domestic Short Hair",8.5145
"Male","Domestic Medium Hair",8.6855
"Male","Domestic Medium Hair",9.0575
"Female","Domestic Short Hair",9.1462
"Male","Domestic Long Hair",11.0599
"Female","Domestic Long Hair",9.8256
"Male","Domestic Long Hair",11.5472
"Male","Domestic Long Hair",10.4893
"Female","Domestic Medium Hair",10.1144
"Female","Domestic Medium Hair",8.7471
"Female","Domestic Long Hair",10.5697
"Female","Domestic Medium Hair",10.3727
"Male","Domestic Short Hair",7.8449
"Female","Domestic Short Hair",7.5362
"Female","Domestic Long Hair",10.7552
"Female","Domestic Medium Hair",8.7112
"Female","Domestic Long Hair",9.6653
"Female","Domestic Short Hair",7.8283
"Male","Domestic Short Hair",9.1339
"Female","Domestic Medium Hair",11.0232
"Male","Domestic Medium Hair",10.5518
"Male","Domestic Short Hair",11.3746
"Male","Domestic Long Hair",10.7307
"Female","Domestic Medium Hair",10.9933
"Male","Domestic Medium Hair",11.2014
"Female","Domestic Short Hair",10.942
"Female","Domestic Medium Hair",8.9465
"Female","Domestic Short Hair",8.3023
"Male","Domestic Long Hair",12.3715
"Female","Domestic Short Hair",7.115
"Male","Domestic Long Hair",11.3424
"Female","Domestic Long Hair",7.917
"Male","Domestic Short Hair",8.8273
"Female","Domestic Medium Hair",10.1291
"Male","Domestic Short Hair",8.8999
"Female","Domestic Medium Hair",8.5925
"Male","Domestic Long Hair",10.5534
"Female","Domestic Long Hair",9.8811
"Male","Domestic Medium Hair",8.0004
"Female","Domestic Medium Hair",10.5264
"Female","Domestic Short Hair",9.4285
"Male","Domestic Long Hair",11.8406
"Male","Domestic Long Hair",12.0673
"Male","Domestic Medium Hair",11.6054
"Female","Domestic Short Hair",7.4738
"Male","Domestic Medium Hair",9.6501
"Female","Domestic Medium Hair",10.5103
"Female","Domestic Short Hair",8.7681
"Female","Domestic Long Hair",10.8207
"Female","Domestic Long Hair",9.0341
"Female","Domestic Long Hair",11.1054
"Female","Domestic Long Hair",9.7248
"Female","Domestic Medium Hair",8.3921
"Female","Domestic Medium Hair",9.1232
"Female","Domestic Short Hair",7.8943
"Female","Domestic Long Hair",10.6621
"Male","Domestic Long Hair",12.7368
"Male","Domestic Long Hair",11.5131
"Male","Domestic Short Hair",8.0785
"Female","Domestic Medium Hair",10.464
"Male","Domestic Long Hair",11.7613
"Female","Domestic Long Hair",8.3675
"Male","Domestic Long Hair",12.0291
"Male","Domestic Medium Hair",9.6548
"Female","Domestic Short Hair",7.2474
"Female","Domestic Medium Hair",10.3249
"Male","Domestic Short Hair",8.061
"Male","Domestic Short Hair",8.5978
"Female","Domestic Short Hair",8.6533
"Female","Domestic Medium Hair",8.0752
"Male","Domestic Short Hair",8.9017
"Male","Domestic Long Hair",10.2938
"Female","Domestic Short Hair",9.4971
"Female","Domestic Medium Hair",8.484
"Female","Domestic Medium Hair",9.8936
"Male","Domestic Medium Hair",10.6902
"Female","Domestic Long Hair",7.8674
"Male","Domestic Long Hair",11.5277
"Female","Domestic Long Hair",9.1311
"Male","Domestic Short Hair",9.0906
"Male","Domestic Short Hair",9.8603
"Female","Domestic Short Hair",8.8005
"Male","Domestic Short Hair",9.7044
"Female","Domestic Medium Hair",9.8647
"Male","Domestic Short Hair",9.2703
"Female","Domestic Short Hair",8.764
"Male","Domestic Short Hair",9.6278
"Female","Domestic Medium Hair",9.4838
"Male","Domestic Short Hair",9.5765
"Female","Domestic Medium Hair",8.5282
"Female","Domestic Medium Hair",8.8553
"Female","Domestic Short Hair",6.7718
"Male","Domestic Medium Hair",9.7732
"Male","Domestic Short Hair",10.3751
"Female","Domestic Long Hair",9.5292
"Female","Domestic Short Hair",8.9099
"Male","Domestic Medium Hair",11.0945
"Female","Domestic Short Hair",7.0318
"Female","Domestic Long Hair",10.6187
"Female","Domestic Medium Hair",10.3226
"Female","Domestic Long Hair",8.7159
"Male","Domestic Long Hair",11.5452
"Female","Domestic Short Hair",8.6619
"Male","Domestic Medium Hair",8.5481
"Male","Domestic Long Hair",10.4007
"Female","Domestic Short Hair",6.8445
"Male","Domestic Long Hair",10.7878
"Female","Domestic Long Hair",9.402
"Female","Domestic Short Hair",9.0916
"Male","Domestic Medium Hair",11.1047
"Male","Domestic Long Hair",9.7322
"Male","Domestic Long Hair",11.6493
"Female","Domestic Long Hair",9.9456
"Female","Domestic Medium Hair",9.7845
"Male","Domestic Short Hair",8.7615
"Male","Domestic Long Hair",11.4414
"Female","Domestic Short Hair",8.0779
"Female","Domestic Short Hair",8.2541
"Female","Domestic Short Hair",8.2434
"Female","Domestic Short Hair",8.1335
"Male","Domestic Medium Hair",11.9324
"Male","Domestic Medium Hair",11.1348
"Male","Domestic Long Hair",12.8532
"Female","Domestic Long Hair",11.2186
"Female","Domestic Medium Hair",9.2725
"Female","Domestic Long Hair",10.5233
"Female","Domestic Medium Hair",9.6592
"Male","Domestic Short Hair",9.1721
"Female","Domestic Long Hair",8.8697
"Female","Domestic Long Hair",8.2995
"Female","Domestic Medium Hair",10.3743
"Male","Domestic Short Hair",8.122
"Female","Domestic Short Hair",7.3349
"Female","Domestic Long Hair",10.5943
"Male","Domestic Long Hair",9.893
"Male","Domestic Short Hair",8.4766
"Female","Domestic Short Hair",8.1269
"Male","Domestic Medium Hair",10.8709
"Male","Domestic Long Hair",9.2262
"Female","Domestic Short Hair",8.2933
"Female","Domestic Short Hair",9.1703
"Female","Domestic Short Hair",7.7817
"Male","Domestic Medium Hair",7.9644
"Female","Domestic Long Hair",9.8209
"Male","Domestic Long Hair",10.8371
"Female","Domestic Long Hair",10.2332
"Female","Domestic Medium Hair",8.4884
"Female","Domestic Medium Hair",9.3844
"Female","Domestic Medium Hair",8.8009
"Female","Domestic Short Hair",8.4129
"Female","Domestic Short Hair",10.2595
"Female","Domestic Medium Hair",9.4454
"Female","Domestic Short Hair",9.2593
"Female","Domestic Medium Hair",10.3183
"Male","Domestic Short Hair",9.0826
"Female","Domestic Medium Hair",9.4586
"Male","Domestic Medium Hair",8.3078
"Female","Domestic Long Hair",8.6925
"Female","Domestic Short Hair",9.114
"Male","Domestic Medium Hair",10.8351
"Female","Domestic Short Hair",8.2842
"Male","Domestic Long Hair",11.5248
"Male","Domestic Long Hair",11.7261
"Female","Domestic Long Hair",8.389
"Female","Domestic Short Hair",9.2747
"Male","Domestic Medium Hair",9.5936
"Female","Domestic Short Hair",8.5208
"Female","Domestic Short Hair",6.9721
"Female","Domestic Long Hair",11.0452
"Female","Domestic Short Hair",8.3753
"Male","Domestic Short Hair",10.5419
"Male","Domestic Long Hair",10.5326
"Female","Domestic Long Hair",10.7773
"Male","Domestic Short Hair",10.1381
"Female","Domestic Medium Hair",10.5511
"Male","Domestic Long Hair",11.4038
"Male","Domestic Medium Hair",10.0482
"Male","Domestic Medium Hair",11.2184
"Female","Domestic Medium Hair",10.6486
"Female","Domestic Long Hair",9.9341
"Male","Domestic Long Hair",12.9571
"Male","Domestic Long Hair",12.0082
"Male","Domestic Short Hair",8.167
"Female","Domestic Long Hair",10.1459
"Male","Domestic Long Hair",10.4878
"Female","Domestic Long Hair",9.6481
"Male","Domestic Short Hair",10.3273
"Female","Domestic Long Hair",9.8447
"Female","Domestic Medium Hair",10.8574
"Female","Domestic Short Hair",7.2832
"Male","Domestic Long Hair",10.9001
"Male","Domestic Medium Hair",10.5195
"Male","Domestic Long Hair",10.6208
"Female","Domestic Long Hair",8.6881
"Male","Domestic Short Hair",9.6469
"Male","Domestic Long Hair",9.1311
"Female","Domestic Long Hair",7.833
"Female","Domestic Medium Hair",9.5193
"Female","Domestic Short Hair",9.1655
"Male","Domestic Long Hair",9.8571
"Female","Domestic Medium Hair",10.2976
"Male","Domestic Medium Hair",9.8763
"Female","Domestic Long Hair",10.4539
"Male","Domestic Short Hair",8.5093
"Female","Domestic Long Hair",9.336
"Female","Domestic Short Hair",8.449
"Male","Domestic Long Hair",11.9798
"Female","Domestic Long Hair",9.5525
"Female","Domestic Short Hair",9.6023
"Female","Domestic Short Hair",9.2193
"Male","Domestic Long Hair",11.4639
"Female","Domestic Medium Hair",10.6467
"Male","Domestic Medium Hair",10.7953
"Male","Domestic Long Hair",11.4267
"Male","Domestic Medium Hair",11.46
"Male","Domestic Medium Hair",10.0652
"Male","Domestic Long Hair",10.343
"Female","Domestic Short Hair",8.1218
"Male","Domestic Medium Hair",11.1302
"Male","Domestic Long Hair",11.3694
"Female","Domestic Long Hair",10.3608
"Male","Domestic Long Hair",12.5851
"Male","Domestic Short Hair",9.6059
"Male","Domestic Medium Hair",9.8646
"Female","Domestic Long Hair",10.2124
"Male","Domestic Long Hair",11.1926
"Female","Domestic Medium Hair",9.635
"Male","Domestic Short Hair",9.9868
"Female","Domestic Long Hair",11.4115
"Female","Domestic Short Hair",10.3224
"Male","Domestic Long Hair",10.3166
"Male","Domestic Short Hair",9.2644
"Male","Domestic Short Hair",8.6675
"Female","Domestic Short Hair",8.7802
"Female","Domestic Medium Hair",10.1845
"Female","Domestic Medium Hair",9.4893
"Female","Domestic Medium Hair",10.5148
"Male","Domestic Short Hair",9.2003
"Male","Domestic Short Hair",9.0194
"Female","Domestic Long Hair",9.4945
"Male","Domestic Medium Hair",9.4121
"Male","Domestic Long Hair",9.2996
"Male","Domestic Short Hair",9.3392
"Female","Domestic Medium Hair",10.0624
"Female","Domestic Short Hair",7.5749
"Male","Domestic Medium Hair",9.794
"Female","Domestic Short Hair",8.7892
"Female","Domestic Medium Hair",8.3209
"Male","Domestic Long Hair",11.3458
"Male","Domestic Short Hair",10.4019
"Male","Domestic Short Hair",8.1658
"Female","Domestic Short Hair",10.3083
"Female","Domestic Medium Hair",10.4601
"Male","Domestic Short Hair",8.2151
"Female","Domestic Long Hair",12.1298
"Male","Domestic Long Hair",11.8762
"Female","Domestic Long Hair",10.7622
"Female","Domestic Long Hair",10.1778
"Female","Domestic Long Hair",10.4085
"Male","Domestic Short Hair",10.2028
"Female","Domestic Short Hair",6.7319
"Female","Domestic Short Hair",8.8928
"Female","Domestic Short Hair",8.5568
"Male","Domestic Short Hair",11.3811
"Male","Domestic Medium Hair",9.8071
"Male","Domestic Medium Hair",10.3484
"Female","Domestic Long Hair",9.7102
"Male","Domestic Long Hair",10.2168
"Male","Domestic Short Hair",7.7757
"Female","Domestic Short Hair",10.4388
"Female","Domestic Medium Hair",9.7332
"Female","Domestic Long Hair",9.3014
"Female","Domestic Medium Hair",10.6075
"Female","Domestic Medium Hair",8.8451
"Female","Domestic Short Hair",9.1484
"Male","Domestic Medium Hair",9.742
"Male","Domestic Short Hair",10.355
"Male","Domestic Long Hair",9.4499
"Female","Domestic Long Hair",10.7772
"Male","Domestic Short Hair",8.5874
"Male","Domestic Short Hair",10.0857
"Female","Domestic Long Hair",9.7442
"Male","Domestic Long Hair",12.3209
"Male","Domestic Short Hair",9.8136
"Male","Domestic Long Hair",12.0125
"Female","Domestic Short Hair",8.2779
"Female","Domestic Medium Hair",10.5354
"Female","Domestic Medium Hair",8.2914
"Female","Domestic Medium Hair",9.3629
"Female","Domestic Long Hair",10.0215
"Female","Domestic Medium Hair",11.813
"Male","Domestic Medium Hair",12.2629
"Female","Domestic Medium Hair",8.0602
"Female","Domestic Short Hair",8.8903
"Female","Domestic Long Hair",10.7778
"Female","Domestic Medium Hair",8.1986
"Male","Domestic Medium Hair",12.5976
"Female","Domestic Short Hair",6.3558
"Female","Domestic Short Hair",8.7937
"Male","Domestic Medium Hair",10.9985
"Female","Domestic Medium Hair",9.3637
"Male","Domestic Short Hair",8.3343
"Male","Domestic Short Hair",9.4695
"Male","Domestic Medium Hair",9.8855
"Female","Domestic Short Hair",7.8484
"Male","Domestic Long Hair",10.2332
"Male","Domestic Long Hair",10.6446
"Male","Domestic Short Hair",11.0082
"Female","Domestic Medium Hair",8.2333
"Male","Domestic Medium Hair",10.5056
"Male","Domestic Medium Hair",11.7414
"Female","Domestic Short Hair",9.1871
"Male","Domestic Long Hair",10.5513
"Female","Domestic Medium Hair",10.5392
"Male","Domestic Long Hair",12.4572
"Female","Domestic Long Hair",11.0889
"Female","Domestic Medium Hair",10.9178
"Female","Domestic Short Hair",6.8295
"Male","Domestic Long Hair",11.2527
"Male","Domestic Short Hair",9.9715
"Female","Domestic Long Hair",10.7465
"Female","Domestic Long Hair",10.0925
"Male","Domestic Long Hair",11.1099
"Male","Domestic Short Hair",7.2298
"Female","Domestic Medium Hair",6.9716
"Male","Domestic Short Hair",9.254
"Male","Domestic Short Hair",10.3686
"Male","Domestic Long Hair",11.5528
"Female","Domestic Medium Hair",11.4226
"Male","Domestic Medium Hair",11.0232
"Female","Domestic Long Hair",9.821
"Female","Domestic Short Hair",9.2357
"Male","Domestic Long Hair",9.6638
"Female","Domestic Medium Hair",10.2219
"Male","Domestic Long Hair",11.4671
"Female","Domestic Medium Hair",9.7446
"Male","Domestic Long Hair",10.0539
"Female","Domestic Medium Hair",11.004
"Female","Domestic Medium Hair",8.8183
"Female","Domestic Long Hair",11.8604
"Female","Domestic Short Hair",8.0986
"Male","Domestic Medium Hair",9.0409
"Female","Domestic Long Hair",10.3058
"Male","Domestic Medium Hair",9.0318
"Female","Domestic Medium Hair",9.9485
"Female","Domestic Short Hair",8.4549
"Female","Domestic Short Hair",8.9304
"Male","Domestic Medium Hair",11.0664
"Female","Domestic Short Hair",7.8295
"Female","Domestic Medium Hair",9.567
"Male","Domestic Long Hair",11.7127
"Male","Domestic Short Hair",8.5438
"Female","Domestic Long Hair",11.4134
"Female","Domestic Short Hair",7.1957
"Male","Domestic Medium Hair",9.2846
"Male","Domestic Medium Hair",10.6467
"Male","Domestic Short Hair",8.8123
"Female","Domestic Short Hair",7.6288
"Female","Domestic Long Hair",9.9125
"Female","Domestic Short Hair",8.9731
"Female","Domestic Long Hair",10.6545
"Male","Domestic Long Hair",12.6519
"Male","Domestic Short Hair",10.8525
"Male","Domestic Short Hair",7.6458
"Female","Domestic Long Hair",9.9968
"Female","Domestic Medium Hair",8.5875
"Female","Domestic Short Hair",8.5605
"Male","Domestic Medium Hair",10.3391
"Male","Domestic Short Hair",9.4488
"Female","Domestic Short Hair",8.2015
"Female","Domestic Short Hair",7.6143
"Male","Domestic Long Hair",11.0148
"Female","Domestic Short Hair",8.8328
"Male","Domestic Long Hair",10.5797
"Female","Domestic Short Hair",8.6168
"Female","Domestic Medium Hair",11.4072
"Male","Domestic Long Hair",10.3138
"Female","Domestic Short Hair",9.1337
"Male","Domestic Medium Hair",12.4084
"Female","Domestic Medium Hair",11.0313
"Male","Domestic Short Hair",9.9912
"Female","Domestic Short Hair",6.6542
"Male","Domestic Medium Hair",9.5379
"Male","Domestic Long Hair",11.0143
"Female","Domestic Long Hair",9.3519
"Male","Domestic Medium Hair",11.009
"Male","Domestic Medium Hair",10.5859
"Female","Domestic Short Hair",10.2465
"Female","Domestic Short Hair",8.0203
"Female","Domestic Short Hair",9.5548
"Female","Domestic Medium Hair",11.9207
"Female","Domestic Short Hair",8.791
"Female","Domestic Long Hair",9.6749
"Male","Domestic Medium Hair",10.2013
"Male","Domestic Medium Hair",10.7343
"Female","Domestic Long Hair",10.1483
"Male","Domestic Short Hair",9.5046
"Female","Domestic Medium Hair",9.9164
"Female","Domestic Short Hair",8.2044
"Male","Domestic Short Hair",8.694
"Female","Domestic Medium Hair",7.9718
"Female","Domestic Medium Hair",7.58
"Female","Domestic Medium Hair",8.973
"Female","Domestic Medium Hair",8.2928
"Male","Domestic Long Hair",12.0387
"Female","Domestic Medium Hair",8.4365
"Male","Domestic Short Hair",8.9437
"Female","Domestic Short Hair",9.6298
"Male","Domestic Long Hair",8.8762
"Male","Domestic Medium Hair",9.4529
"Female","Domestic Long Hair",9.2977
"Female","Domestic Short Hair",8.6211
"Male","Domestic Long Hair",11.3274
"Female","Domestic Short Hair",7.6488
"Male","Domestic Long Hair",10.4695
"Male","Domestic Long Hair",11.2948
"Female","Domestic Short Hair",8.1544
"Female","Domestic Long Hair",10.8649
"Female","Domestic Medium Hair",9.0194
"Male","Domestic Short Hair",8.1182
"Female","Domestic Long Hair",9.908
"Female","Domestic Long Hair",9.5975
"Female","Domestic Short Hair",9.9498
"Male","Domestic Short Hair",6.6431
"Male","Domestic Medium Hair",12.3035
"Female","Domestic Medium Hair",10.8277
"Female","Domestic Medium Hair",11.2353
"Male","Domestic Long Hair",11.5886
"Female","Domestic Short Hair",9.3311
"Female","Domestic Long Hair",9.6506
"Male","Domestic Medium Hair",10.6779
"Male","Domestic Long Hair",11.9602
"Male","Domestic Medium Hair",9.0775
"Female","Domestic Long Hair",9.1721
"Female","Domestic Short Hair",8.889
"Female","Domestic Medium Hair",8.6756
"Female","Domestic Long Hair",9.6664
"Male","Domestic Long Hair",11.2601
"Female","Domestic Short Hair",9.4027
"Female","Domestic Short Hair",9.5568
"Male","Domestic Short Hair",9.4072
"Female","Domestic Short Hair",11.1575
"Female","Domestic Short Hair",7.7954
"Male","Domestic Short Hair",9.4968
"Male","Domestic Short Hair",7.6688
"Female","Domestic Short Hair",10.3245
"Male","Domestic Short Hair",9.797
"Female","Domestic Short Hair",9.2416
"Male","Domestic Medium Hair",10.0201
"Male","Domestic Long Hair",10.8363
"Female","Domestic Medium Hair",10.1066
"Female","Domestic Medium Hair",9.4781
"Male","Domestic Long Hair",11.4113
"Male","Domestic Long Hair",12.094
"Male","Domestic Short Hair",8.4134
"Female","Domestic Short Hair",6.6026
"Male","Domestic Medium Hair",9.1529
"Female","Domestic Short Hair",7.9838
"Male","Domestic Short Hair",8.0534
"Female","Domestic Medium Hair",10.2453
"Male","Domestic Medium Hair",9.8302
"Male","Domestic Short Hair",8.9528
"Female","Domestic Medium Hair",8.5019
"Female","Domestic Medium Hair",10.5142
"Female","Domestic Short Hair",9.2477
"Female","Domestic Medium Hair",11.1681
"Female","Domestic Long Hair",11.8045
"Female","Domestic Medium Hair",11.4818
"Male","Domestic Medium Hair",6.8874
"Female","Domestic Short Hair",9.8915
"Male","Domestic Medium Hair",10.4431
"Female","Domestic Medium Hair",9.0217
"Female","Domestic Short Hair",7.7095
"Female","Domestic Short Hair",7.7792
"Female","Domestic Short Hair",7.5877
"Female","Domestic Long Hair",10.407
"Female","Domestic Short Hair",8.0681
"Female","Domestic Short Hair",9.5524
"Male","Domestic Long Hair",11.8376
"Female","Domestic Short Hair",8.8833
"Male","Domestic Short Hair",8.6822
"Male","Domestic Short Hair",8.5842
"Female","Domestic Long Hair",12.123
"Female","Domestic Medium Hair",8.7612
"Male","Domestic Short Hair",10.2043
"Female","Domestic Short Hair",8.9032
"Male","Domestic Long Hair",8.4304
"Male","Domestic Medium Hair",10.8248
"Female","Domestic Short Hair",7.9661
"Female","Domestic Medium Hair",9.006
"Male","Domestic Medium Hair",11.2283
"Male","Domestic Long Hair",10.9025
"Female","Domestic Short Hair",8.0746
"Male","Domestic Short Hair",9.5891
"Female","Domestic Short Hair",8.5859
"Male","Domestic Short Hair",8.56
"Male","Domestic Long Hair",12.9082
"Male","Domestic Medium Hair",10.8279
"Female","Domestic Medium Hair",8.7766
"Female","Domestic Short Hair",7.3447
"Female","Domestic Long Hair",9.6684
"Female","Domestic Medium Hair",9.082
"Male","Domestic Short Hair",10.086
"Male","Domestic Medium Hair",10.3686
"Male","Domestic Short Hair",9.3784
"Male","Domestic Short Hair",8.7925
"Male","Domestic Long Hair",13.154
"Male","Domestic Short Hair",7.5405
"Female","Domestic Medium Hair",11.04
"Male","Domestic Short Hair",10.1121
"Female","Domestic Short Hair",9.0563
"Female","Domestic Short Hair",9.4889
"Male","Domestic Long Hair",10.6431
"Male","Domestic Medium Hair",12.3681
"Female","Domestic Short Hair",8.6409
"Female","Domestic Medium Hair",8.8507
"Male","Domestic Long Hair",11.5457
"Female","Domestic Long Hair",11.7787
"Male","Domestic Short Hair",8.8854
"Female","Domestic Long Hair",9.5337
"Male","Domestic Medium Hair",11.6279
"Female","Domestic Short Hair",9.6069
"Female","Domestic Short Hair",10.0946
"Female","Domestic Short Hair",10.5904
"Female","Domestic Short Hair",8.8575
"Female","Domestic Long Hair",11.3959
"Female","Domestic Medium Hair",8.953
"Female","Domestic Medium Hair",8.6831
"Female","Domestic Long Hair",10.1781
"Male","Domestic Medium Hair",9.919
"Female","Domestic Medium Hair",9.3507
"Female","Domestic Long Hair",11.1612
"Male","Domestic Long Hair",10.1254
"Male","Domestic Medium Hair",9.3231
"Male","Domestic Short Hair",9.4752
"Male","Domestic Medium Hair",11.3522
"Female","Domestic Medium Hair",10.0804
"Female","Domestic Medium Hair",10.2447
"Male","Domestic Short Hair",10.2041
"Male","Domestic Long Hair",10.0534
"Female","Domestic Medium Hair",9.4265
"Female","Domestic Long Hair",10.6799
"Female","Domestic Short Hair",7.4173
"Male","Domestic Long Hair",11.5868
"Male","Domestic Long Hair",11.1498
"Male","Domestic Medium Hair",10.6341
"Female","Domestic Long Hair",9.3175
"Female","Domestic Medium Hair",8.6814
"Female","Domestic Short Hair",9.5072
"Male","Domestic Short Hair",9.2076
"Female","Domestic Medium Hair",10.4142
"Female","Domestic Short Hair",7.2329
"Female","Domestic Medium Hair",9.9136
"Male","Domestic Long Hair",11.9721
"Male","Domestic Long Hair",12.5176
"Male","Domestic Short Hair",9.2331
"Female","Domestic Medium Hair",7.8185
"Male","Domestic Medium Hair",10.9798
"Female","Domestic Short Hair",7.5232
"Female","Domestic Short Hair",9.4509
"Male","Domestic Long Hair",11.2767
"Male","Domestic Long Hair",9.9285
"Female","Domestic Short Hair",6.8018
"Male","Domestic Long Hair",9.9822
"Female","Domestic Short Hair",9.2775
"Female","Domestic Long Hair",8.9928
"Male","Domestic Long Hair",11.0153
"Male","Domestic Medium Hair",10.2809
"Female","Domestic Short Hair",8.3291
"Male","Domestic Short Hair",9.4928
"Female","Domestic Short Hair",9.4618
"Female","Domestic Medium Hair",9.512
"Male","Domestic Medium Hair",10.6518
"Male","Domestic Long Hair",10.9771
"Male","Domestic Short Hair",9.2771
"Female","Domestic Short Hair",9.828
"Female","Domestic Medium Hair",10.9074
"Female","Domestic Short Hair",8.0862
"Male","Domestic Short Hair",10.1654
"Female","Domestic Long Hair",9.6736
"Female","Domestic Short Hair",7.0775
"Male","Domestic Short Hair",8.9415
"Female","Domestic Medium Hair",8.7008
"Female","Domestic Short Hair",8.0153
"Female","Domestic Short Hair",7.205
"Female","Domestic Short Hair",7.2436
"Male","Domestic Short Hair",9.7816
"Female","Domestic Medium Hair",11.2426
"Male","Domestic Short Hair",7.209
"Female","Domestic Short Hair",6.2844
"Male","Domestic Long Hair",11.717
"Male","Domestic Long Hair",9.1705
"Female","Domestic Long Hair",9.4315
"Female","Domestic Medium Hair",8.9193
"Female","Domestic Short Hair",9.5259
"Male","Domestic Long Hair",12.2993
"Female","Domestic Short Hair",8.0296
"Male","Domestic Medium Hair",8.6268
"Female","Domestic Medium Hair",7.9085
"Female","Domestic Medium Hair",10.2856
"Male","Domestic Short Hair",8.5434
"Male","Domestic Medium Hair",11.6956
"Male","Domestic Short Hair",9.7793
"Female","Domestic Short Hair",7.9981
"Female","Domestic Medium Hair",9.144
"Male","Domestic Short Hair",7.4103
"Female","Domestic Long Hair",8.6179
"Male","Domestic Long Hair",10.33
"Female","Domestic Long Hair",11.4237
"Female","Domestic Short Hair",8.1945
"Male","Domestic Short Hair",8.2289
"Male","Domestic Short Hair",8.0862
"Female","Domestic Long Hair",9.5826
"Female","Domestic Long Hair",11.8712
"Male","Domestic Short Hair",10.4469
"Male","Domestic Medium Hair",9.9359
"Female","Domestic Short Hair",9.2035
"Male","Domestic Long Hair",10.6115
"Female","Domestic Short Hair",7.742
"Female","Domestic Medium Hair",9.3573
"Female","Domestic Short Hair",7.335
"Female","Domestic Medium Hair",9.7873
"Male","Domestic Medium Hair",8.948
"Female","Domestic Long Hair",11.1487
"Male","Domestic Long Hair",10.2302
"Male","Domestic Long Hair",10.216
"Male","Domestic Short Hair",8.3141
"Male","Domestic Short Hair",8.0277
"Male","Domestic Short Hair",9.1672
"Female","Domestic Medium Hair",8.9349
"Female","Domestic Short Hair",7.3244
"Male","Domestic Long Hair",9.8597
"Male","Domestic Short Hair",9.563
"Male","Domestic Short Hair",10.7538
"Male","Domestic Long Hair",11.2759
"Male","Domestic Long Hair",10.1474
"Male","Domestic Medium Hair",9.146
"Female","Domestic Long Hair",11.2765
"Female","Domestic Medium Hair",8.8949
"Male","Domestic Short Hair",9.4937
"Female","Domestic Short Hair",8.414
"Female","Domestic Short Hair",8.3037
"Female","Domestic Long Hair",11.7628
"Female","Domestic Long Hair",10.6188
"Female","Domestic Long Hair",10.1921
"Female","Domestic Long Hair",9.5749
"Female","Domestic Long Hair",10.0619
"Female","Domestic Short Hair",8.5763
"Male","Domestic Medium Hair",8.0798
"Female","Domestic Medium Hair",9.524
"Female","Domestic Long Hair",9.607
"Male","Domestic Short Hair",10.6471
"Female","Domestic Medium Hair",10.1835
"Female","Domestic Short Hair",8.8218
"Female","Domestic Short Hair",8.65
"Male","Domestic Medium Hair",11.4305
"Female","Domestic Medium Hair",9.1435
"Female","Domestic Short Hair",8.6231
"Female","Domestic Long Hair",9.7733
"Male","Domestic Long Hair",12.2915
"Female","Domestic Short Hair",10.1881
"Female","Domestic Short Hair",9.5409
"Male","Domestic Short Hair",9.0453
"Female","Domestic Medium Hair",9.6182
"Female","Domestic Short Hair",8.5049
"Male","Domestic Long Hair",10.603
"Female","Domestic Short Hair",8.16
"Male","Domestic Long Hair",12.4047
"Male","Domestic Long Hair",8.7634
"Female","Domestic Short Hair",10.0035
"Female","Domestic Long Hair",10.2319
"Male","Domestic Medium Hair",9.4803
"Female","Domestic Long Hair",10.569
"Male","Domestic Long Hair",9.6365
"Male","Domestic Long Hair",11.8095
"Female","Domestic Long Hair",9.0071
"Female","Domestic Medium Hair",9.8868
"Male","Domestic Medium Hair",10.4213
"Female","Domestic Long Hair",9.9504
"Male","Domestic Medium Hair",11.1457
"Male","Domestic Long Hair",9.5601
"Male","Domestic Short Hair",9.9178
"Female","Domestic Long Hair",9.991
"Male","Domestic Medium Hair",9.2479
"Female","Domestic Long Hair",9.7358
"Male","Domestic Long Hair",12.6507
"Male","Domestic Long Hair",10.2025
"Female","Domestic Medium Hair",8.4007
"Female","Domestic Short Hair",9.5363
"Male","Domestic Short Hair",10.1455
"Male","Domestic Long Hair",10.8208
"Male","Domestic Long Hair",11.5905
"Female","Domestic Medium Hair",10.021
"Female","Domestic Short Hair",9.264
"Male","Domestic Short Hair",8.0885
"Female","Domestic Medium Hair",10.5932
"Female","Domestic Medium Hair",9.6157
"Female","Domestic Medium Hair",9.5922
"Female","Domestic Short Hair",8.3831
"Female","Domestic Long Hair",8.9917
"Female","Domestic Medium Hair",10.8964
"Female","Domestic Short Hair",8.7097
"Male","Domestic Medium Hair",12.066
"Male","Domestic Short Hair",9.4655
"Male","Domestic Medium Hair",11.8414
"Female","Domestic Long Hair",9.0805
"Female","Domestic Medium Hair",10.8677
"Male","Domestic Long Hair",10.6098
"Female","Domestic Medium Hair",12.0585
"Male","Domestic Long Hair",11.4906
"Male","Domestic Short Hair",10.2415
"Male","Domestic Short Hair",10.3256
"Female","Domestic Long Hair",10.0836
"Female","Domestic Short Hair",10.0304
"Female","Domestic Medium Hair",10.6592
"Female","Domestic Medium Hair",9.8403
"Male","Domestic Short Hair",9.1823
"Male","Domestic Long Hair",12.3335
"Female","Domestic Long Hair",9.8913
"Male","Domestic Medium Hair",9.8559
"Male","Domestic Long Hair",11.3672
"Female","Domestic Long Hair",9.023
"Female","Domestic Medium Hair",11.1783
"Female","Domestic Medium Hair",9.0751
"Female","Domestic Medium Hair",10.011
"Female","Domestic Short Hair",6.9831
"Male","Domestic Long Hair",11.6116
"Male","Domestic Long Hair",9.8042
"Female","Domestic Short Hair",6.3545
"Female","Domestic Short Hair",8.372
"Male","Domestic Medium Hair",9.4326
"Female","Domestic Long Hair",9.2362
"Female","Domestic Long Hair",8.6278
"Female","Domestic Medium Hair",9.0932
"Male","Domestic Long Hair",11.1084
"Male","Domestic Long Hair",11.2069
"Female","Domestic Short Hair",9.2541
"Male","Domestic Long Hair",12.0889
"Male","Domestic Medium Hair",9.5747
"Female","Domestic Medium Hair",9.0405
"Female","Domestic Long Hair",9.349
"Female","Domestic Long Hair",8.2939
"Female","Domestic Long Hair",10.1114
"Female","Domestic Short Hair",9.1253
"Female","Domestic Long Hair",8.7044
"Male","Domestic Long Hair",10.7573
"Female","Domestic Long Hair",11.4578
"Male","Domestic Short Hair",9.6128
"Male","Domestic Short Hair",9.3522
"Female","Domestic Medium Hair",8.3121
"Female","Domestic Short Hair",7.6389
"Male","Domestic Short Hair",9.1105
"Male","Domestic Short Hair",6.5869
"Male","Domestic Short Hair",8.0847
"Male","Domestic Short Hair",9.3017
"Female","Domestic Long Hair",9.3822
"Female","Domestic Long Hair",10.2725
"Female","Domestic Short Hair",10.5076
"Female","Domestic Medium Hair",11.9783
"Male","Domestic Medium Hair",10.4361
"Male","Domestic Short Hair",9.5295
"Male","Domestic Short Hair",8.1807
"Male","Domestic Long Hair",10.5892
"Female","Domestic Long Hair",9.2428
"Male","Domestic Short Hair",7.7738
"Female","Domestic Short Hair",8.5823
"Female","Domestic Short Hair",9.7072
"Male","Domestic Long Hair",10.8407
"Female","Domestic Short Hair",9.2856
"Male","Domestic Long Hair",10.7705
"Female","Domestic Long Hair",9.6399
"Male","Domestic Short Hair",8.8258
"Female","Domestic Short Hair",8.2885
"Male","Domestic Long Hair",13.288
"Male","Domestic Long Hair",10.9048
"Female","Domestic Medium Hair",9.0338
"Female","Domestic Short Hair",9.3605
"Male","Domestic Short Hair",8.5957
"Male","Domestic Long Hair",9.3353
"Male","Domestic Long Hair",11.1979
"Male","Domestic Short Hair",8.2494
"Female","Domestic Long Hair",10.1965
"Female","Domestic Short Hair",9.3406
"Male","Domestic Short Hair",7.8548
"Female","Domestic Short Hair",9.3759
"Male","Domestic Short Hair",10.0789
"Female","Domestic Long Hair",11.5175
"Female","Domestic Medium Hair",11.6698
"Female","Domestic Short Hair",9.6286
"Male","Domestic Short Hair",9.4597
"Male","Domestic Long Hair",10.5974
"Male","Domestic Long Hair",10.9873
"Female","Domestic Short Hair",8.7647
"Male","Domestic Short Hair",9.675
"Male","Domestic Short Hair",8.725
"Male","Domestic Long Hair",10.91
"Male","Domestic Long Hair",11.1879
"Male","Domestic Short Hair",9.1477
"Male","Domestic Medium Hair",9.5531
"Male","Domestic Short Hair",9.3106
"Female","Domestic Long Hair",10.4596
"Male","Domestic Long Hair",11.5469
"Male","Domestic Long Hair",11.2299
"Male","Domestic Long Hair",11.6147
"Male","Domestic Short Hair",8.8534
"Male","Domestic Short Hair",10.0203
"Female","Domestic Short Hair",9.4145
"Male","Domestic Short Hair",8.0238
"Male","Domestic Short Hair",9.5786
"Male","Domestic Long Hair",11.1699
"Male","Domestic Medium Hair",9.2637
"Male","Domestic Short Hair",8.3942
"Male","Domestic Long Hair",13.6377
"Male","Domestic Long Hair",12.8891
"Female","Domestic Medium Hair",9.6407
"Male","Domestic Short Hair",9.6899
"Female","Domestic Long Hair",10.0081
"Male","Domestic Short Hair",8.0609
"Male","Domestic Short Hair",7.2492
"Female","Domestic Medium Hair",10.6218
"Female","Domestic Short Hair",8.3527
"Male","Domestic Short Hair",8.4852
"Female","Domestic Medium Hair",8.6485
"Male","Domestic Medium Hair",11.7512
"Female","Domestic Long Hair",8.9821
"Male","Domestic Long Hair",11.2381
"Female","Domestic Long Hair",10.6269
"Female","Domestic Short Hair",6.7842
"Female","Domestic Medium Hair",9.5183
"Male","Domestic Short Hair",9.1094
"Female","Domestic Medium Hair",9.7104
"Female","Domestic Short Hair",10.177
"Female","Domestic Medium Hair",9.7057
"Female","Domestic Long Hair",10.9564
"Male","Domestic Short Hair",10.9027
"Male","Domestic Medium Hair",9.7434
"Male","Domestic Short Hair",8.9926
"Female","Domestic Short Hair",8.0939
"Male","Domestic Short Hair",8.0494
"Male","Domestic Long Hair",12.0416
"Female","Domestic Long Hair",9.0454
"Female","Domestic Short Hair",9.3244
"Female","Domestic Short Hair",8.7471
"Male","Domestic Medium Hair",10.5431
"Male","Domestic Short Hair",9.8569
"Female","Domestic Short Hair",9.2728
"Male","Domestic Medium Hair",9.8845
"Male","Domestic Short Hair",8.755
"Female","Domestic Long Hair",11.4259
"Female","Domestic Short Hair",7.4672
"Female","Domestic Medium Hair",8.3244
"Female","Domestic Short Hair",7.7961
"Female","Domestic Long Hair",9.6264
"Female","Domestic Short Hair",9.9524
"Male","Domestic Medium Hair",10.6155
"Female","Domestic Short Hair",7.953
"Female","Domestic Medium Hair",8.1928
"Female","Domestic Short Hair",9.1393
"Male","Domestic Short Hair",8.9783
"Female","Domestic Long Hair",10.6196
"Male","Domestic Medium Hair",10.2192
"Male","Domestic Short Hair",9.2744
"Male","Domestic Long Hair",10.5577
"Male","Domestic Long Hair",11.4951
"Female","Domestic Long Hair",9.1771
"Male","Domestic Short Hair",8.7571
"Female","Domestic Medium Hair",10.4546
"Male","Domestic Medium Hair",10.3771
"Female","Domestic Long Hair",8.3763
"Female","Domestic Medium Hair",9.7779
"Female","Domestic Long Hair",10.8033
"Female","Domestic Long Hair",8.9978
"Female","Domestic Short Hair",9.1075
"Male","Domestic Short Hair",8.7375
"Female","Domestic Short Hair",6.4066
"Female","Domestic Long Hair",9.5955
"Male","Domestic Short Hair",8.0309
"Male","Domestic Long Hair",10.6977
"Female","Domestic Medium Hair",11.1876
"Male","Domestic Short Hair",8.3798
"Female","Domestic Medium Hair",9.0527
"Female","Domestic Short Hair",9.1022
"Female","Domestic Long Hair",9.6041
"Male","Domestic Long Hair",12.2467
"Female","Domestic Medium Hair",10.0774
"Male","Domestic Medium Hair",11.1756
"Female","Domestic Long Hair",10.6042
"Male","Domestic Short Hair",9.1528
"Male","Domestic Short Hair",9.6875
"Male","Domestic Long Hair",11.0102
"Female","Domestic Short Hair",10.3605
"Male","Domestic Short Hair",8.605
"Male","Domestic Long Hair",11.6383
"Female","Domestic Medium Hair",9.0963
"Male","Domestic Long Hair",11.6499
"Male","Domestic Short Hair",11.5327
"Male","Domestic Medium Hair",10.387
"Male","Domestic Long Hair",9.9299
"Male","Domestic Long Hair",10.122
"Female","Domestic Short Hair",9.0068
"Female","Domestic Long Hair",9.1571
"Female","Domestic Short Hair",7.5285
"Male","Domestic Medium Hair",9.7721
"Male","Domestic Medium Hair",9.1862
"Female","Domestic Long Hair",10.5017
"Female","Domestic Short Hair",7.065
"Male","Domestic Short Hair",10.0151
"Male","Domestic Long Hair",11.594
"Male","Domestic Short Hair",9.7845
"Female","Domestic Short Hair",9.4633
"Female","Domestic Long Hair",10.2197
"Male","Domestic Medium Hair",9.7845
"Female","Domestic Short Hair",5.5527
"Female","Domestic Medium Hair",9.5401
"Female","Domestic Short Hair",7.9414
"Male","Domestic Short Hair",8.0521
"Male","Domestic Medium Hair",10.8355
"Female","Domestic Short Hair",8.6375
"Female","Domestic Long Hair",9.7757
"Female","Domestic Short Hair",9.9977
"Female","Domestic Medium Hair",11.6013
"Male","Domestic Medium Hair",10.0944
"Female","Domestic Medium Hair",10.4808
"Male","Domestic Long Hair",10.936
"Female","Domestic Short Hair",9.4686
"Male","Domestic Medium Hair",9.3546
"Female","Domestic Short Hair",8.1098
"Female","Domestic Medium Hair",8.4135
"Female","Domestic Short Hair",9.3661
"Female","Domestic Medium Hair",6.8876
"Female","Domestic Short Hair",8.7115
"Female","Domestic Short Hair",6.5134
"Female","Domestic Short Hair",7.5946
"Male","Domestic Long Hair",11.4283
"Male","Domestic Long Hair",10.8046
"Female","Domestic Long Hair",11.034
"Male","Domestic Short Hair",9.533
"Female","Domestic Medium Hair",11.1245
"Male","Domestic Medium Hair",11.0011
"Male","Domestic Medium Hair",11.7973
"Male","Domestic Long Hair",10.0973
"Male","Domestic Long Hair",11.1964
"Male","Domestic Long Hair",12.4904
"Female","Domestic Short Hair",8.2464
"Female","Domestic Long Hair",10.8519
"Male","Domestic Long Hair",11.8616
"Female","Domestic Medium Hair",11.3878
"Male","Domestic Medium Hair",9.2637
"Male","Domestic Long Hair",13.5427
"Male","Domestic Long Hair",11.3719
"Female","Domestic Short Hair",7.8253
"Male","Domestic Short Hair",8.83
"Male","Domestic Long Hair",11.6702
"Female","Domestic Short Hair",8.5557
"Female","Domestic Medium Hair",10.2099
"Male","Domestic Short Hair",9.1073
"Male","Domestic Short Hair",8.4972
"Female","Domestic Short Hair",8.1599
"Female","Domestic Short Hair",7.8306
"Female","Domestic Long Hair",9.7346
"Male","Domestic Medium Hair",11.4243
"Female","Domestic Short Hair",9.0546
"Male","Domestic Medium Hair",10.9482
"Male","Domestic Short Hair",8.9216
"Female","Domestic Medium Hair",9.8108
"Female","Domestic Long Hair",10.5734
"Female","Domestic Medium Hair",10.1224
"Male","Domestic Short Hair",9.5266
"Female","Domestic Short Hair",6.5839
"Male","Domestic Long Hair",10.756
"Female","Domestic Short Hair",8.1837
"Male","Domestic Short Hair",8.7965
"Male","Domestic Short Hair",8.8578
"Male","Domestic Short Hair",9.8542
"Female","Domestic Long Hair",12.2718
"Female","Domestic Short Hair",7.5212
"Male","Domestic Short Hair",9.5506
"Female","Domestic Medium Hair",8.4426
"Female","Domestic Long Hair",9.5866
"Male","Domestic Long Hair",9.7274
"Female","Domestic Long Hair",9.6923
"Male","Domestic Short Hair",7.0379
"Male","Domestic Medium Hair",11.3588
"Female","Domestic Medium Hair",10.3093
"Female","Domestic Medium Hair",8.7527
"Male","Domestic Short Hair",10.599
"Male","Domestic Long Hair",11.0431
"Female","Domestic Medium Hair",9.1604
"Male","Domestic Long Hair",11.6856
"Male","Domestic Short Hair",9.3142
"Male","Domestic Short Hair",8.2651
"Female","Domestic Medium Hair",9.7544
"Female","Domestic Medium Hair",9.056
"Male","Domestic Medium Hair",11.0461
"Male","Domestic Medium Hair",9.9264
"Female","Domestic Medium Hair",7.8747
"Male","Domestic Short Hair",8.6131
"Male","Domestic Long Hair",8.8772
"Male","Domestic Medium Hair",9.8456
"Female","Domestic Long Hair",8.8055
"Female","Domestic Medium Hair",8.7069
"Male","Domestic Short Hair",8.21
"Female","Domestic Long Hair",10.3863
"Female","Domestic Long Hair",9.982
"Female","Domestic Short Hair",10.2964
"Female","Domestic Short Hair",7.7666
"Male","Domestic Long Hair",9.4937
"Female","Domestic Medium Hair",11.8269
"Female","Domestic Short Hair",9.2024
"Male","Domestic Short Hair",9.4579
"Female","Domestic Medium Hair",10.8073
"Female","Domestic Short Hair",8.1856
"Male","Domestic Short Hair",9.2471
"Male","Domestic Short Hair",7.9864
"Male","Domestic Short Hair",7.6316
"Female","Domestic Medium Hair",10.4661
"Female","Domestic Short Hair",9.5996
"Female","Domestic Short Hair",8.9666
"Female","Domestic Long Hair",10.6596
"Male","Domestic Long Hair",10.4099
"Female","Domestic Long Hair",10.5745
"Female","Domestic Long Hair",10.3825
"Female","Domestic Long Hair",9.6625
"Female","Domestic Long Hair",11.0674
"Female","Domestic Short Hair",7.7282
"Male","Domestic Short Hair",8.6292
"Female","Domestic Medium Hair",8.7052
"Male","Domestic Short Hair",10.1813
"Male","Domestic Medium Hair",8.548
"Female","Domestic Short Hair",7.9407
"Male","Domestic Long Hair",10.0038
"Male","Domestic Long Hair",10.8155
"Male","Domestic Short Hair",8.9962
"Female","Domestic Medium Hair",9.1003
"Female","Domestic Medium Hair",11.5467
"Male","Domestic Short Hair",11.313
"Male","Domestic Long Hair",9.3519
"Male","Domestic Long Hair",12.1062
"Female","Domestic Medium Hair",10.9049
"Male","Domestic Short Hair",9.6256
"Female","Domestic Medium Hair",8.6815
"Female","Domestic Long Hair",11.6273
"Female","Domestic Short Hair",8.0606
"Female","Domestic Medium Hair",10.4448
"Male","Domestic Medium Hair",11.1636
"Male","Domestic Long Hair",11.7491
"Male","Domestic Long Hair",13.2376
"Male","Domestic Short Hair",8.1696
"Female","Domestic Medium Hair",10.1701
"Female","Domestic Short Hair",8.0478
"Female","Domestic Long Hair",11.6317
"Female","Domestic Short Hair",7.6238
"Female","Domestic Medium Hair",9.1852
"Female","Domestic Medium Hair",7.0906
"Female","Domestic Short Hair",7.3148
"Female","Domestic Medium Hair",9.5008
"Female","Domestic Short Hair",8.4179
"Male","Domestic Long Hair",10.4243
"Female","Domestic Short Hair",9.695
"Female","Domestic Short Hair",8.8531
"Male","Domestic Long Hair",11.8531
"Male","Domestic Short Hair",8.5457
"Male","Domestic Medium Hair",9.6619
"Male","Domestic Short Hair",7.4079
"Female","Domestic Medium Hair",9.6081
"Male","Domestic Medium Hair",9.4554
"Female","Domestic Long Hair",10.6379
"Male","Domestic Medium Hair",10.2349
"Female","Domestic Long Hair",9.8792
"Male","Domestic Medium Hair",11.0225
"Male","Domestic Medium Hair",11.2363
"Male","Domestic Medium Hair",10.4231
"Female","Domestic Long Hair",10.2652
"Female","Domestic Long Hair",10.7859
"Female","Domestic Long Hair",9.7971
"Female","Domestic Short Hair",8.8566
"Female","Domestic Long Hair",9.0283
"Male","Domestic Medium Hair",9.4607
"Male","Domestic Medium Hair",10.9633
"Male","Domestic Long Hair",12.2132
"Female","Domestic Short Hair",8.8735
"Female","Domestic Short Hair",7.7668
"Male","Domestic Medium Hair",9.6751
"Female","Domestic Short Hair",8.5153
"Male","Domestic Short Hair",10.4797
"Male","Domestic Medium Hair",11.3046
"Female","Domestic Long Hair",9.821
"Female","Domestic Short Hair",7.9456
"Female","Domestic Short Hair",9.0419
"Female","Domestic Long Hair",10.4999
"Male","Domestic Long Hair",11.5903
"Female","Domestic Long Hair",10.9934
"Female","Domestic Short Hair",8.7639
"Male","Domestic Medium Hair",8.9562
"Male","Domestic Long Hair",11.248
"Male","Domestic Short Hair",8.6362
"Female","Domestic Long Hair",10.8013
"Male","Domestic Medium Hair",9.514
"Male","Domestic Long Hair",9.435
"Male","Domestic Medium Hair",10.6349
"Male","Domestic Long Hair",10.9257
"Male","Domestic Long Hair",10.9359
"Female","Domestic Long Hair",9.1722
"Female","Domestic Long Hair",9.5922
"Male","Domestic Short Hair",9.8075
"Female","Domestic Medium Hair",7.6863
"Female","Domestic Long Hair",7.8641
"Female","Domestic Short Hair",9.3582
"Female","Domestic Short Hair",7.9467
"Female","Domestic Medium Hair",9.1689
"Female","Domestic Short Hair",7.0441
"Male","Domestic Short Hair",8.5015
"Female","Domestic Long Hair",11.167
"Female","Domestic Long Hair",9.9219
"Male","Domestic Medium Hair",8.2658
"Female","Domestic Long Hair",10.4453
"Female","Domestic Medium Hair",9.0473
"Male","Domestic Long Hair",11.171
"Female","Domestic Short Hair",8.8643
"Male","Domestic Short Hair",9.1992
"Male","Domestic Short Hair",7.9386
"Female","Domestic Short Hair",8.1843
"Female","Domestic Short Hair",9.9966
"Female","Domestic Short Hair",8.6089
"Male","Domestic Long Hair",11.1736
"Female","Domestic Short Hair",9.0625
"Male","Domestic Long Hair",10.7191
"Male","Domestic Short Hair",8.2432
"Female","Domestic Medium Hair",9.7318
"Male","Domestic Short Hair",9.4123
"Male","Domestic Long Hair",9.7595
"Female","Domestic Short Hair",7.791
"Male","Domestic Short Hair",8.0977
"Male","Domestic Short Hair",8.923
"Male","Domestic Medium Hair",10.2742
"Male","Domestic Long Hair",11.7713
"Female","Domestic Short Hair",7.0887
"Male","Domestic Medium Hair",11.579
"Male","Domestic Long Hair",10.7331
"Female","Domestic Medium Hair",10.0282
"Female","Domestic Medium Hair",8.234
"Male","Domestic Short Hair",7.8034
"Male","Domestic Short Hair",9.2775
"Female","Domestic Short Hair",8.6562
"Female","Domestic Short Hair",9.4786
"Male","Domestic Short Hair",8.7868
"Female","Domestic Short Hair",8.5826
"Male","Domestic Medium Hair",9.5698
"Female","Domestic Short Hair",6.0327
"Female","Domestic Short Hair",10.1089
"Male","Domestic Short Hair",10.0514
"Female","Domestic Long Hair",9.2501
"Female","Domestic Short Hair",8.2841
"Male","Domestic Short Hair",9.9368
"Male","Domestic Short Hair",7.3705
"Male","Domestic Medium Hair",10.394
"Male","Domestic Long Hair",12.2715
"Male","Domestic Short Hair",8.7624
"Female","Domestic Long Hair",10.9086
"Female","Domestic Short Hair",9.3714
"Male","Domestic Medium Hair",10.4567
"Female","Domestic Long Hair",9.2797
"Female","Domestic Medium Hair",10.141
"Female","Domestic Medium Hair",10.6863
"Female","Domestic Medium Hair",9.4239
"Female","Domestic Long Hair",8.6832
"Female","Domestic Short Hair",8.5238
"Female","Domestic Short Hair",8.5645
"Female","Domestic Medium Hair",9.6408
"Female","Domestic Short Hair",8.9233
"Female","Domestic Long Hair",10.9523
"Male","Domestic Long Hair",9.2227
"Female","Domestic Long Hair",11.9645
"Female","Domestic Long Hair",10.3337
"Male","Domestic Long Hair",11.627
"Female","Domestic Long Hair",9.976
"Male","Domestic Short Hair",9.0811
"Male","Domestic Short Hair",9.7952
"Female","Domestic Short Hair",7.9384
"Female","Domestic Long Hair",10.9514
"Male","Domestic Medium Hair",9.7817
"Male","Domestic Long Hair",10.4992
"Male","Domestic Short Hair",7.3064
"Female","Domestic Short Hair",8.7042
"Female","Domestic Medium Hair",10.1825
"Female","Domestic Short Hair",6.58
"Female","Domestic Medium Hair",10.3353
"Female","Domestic Long Hair",11.888
"Female","Domestic Long Hair",9.9612
"Male","Domestic Long Hair",11.9511
"Female","Domestic Medium Hair",8.4902
"Male","Domestic Medium Hair",9.7777
"Female","Domestic Short Hair",7.4252
"Male","Domestic Long Hair",9.4351
"Male","Domestic Short Hair",8.2218
"Male","Domestic Short Hair",9.505
"Male","Domestic Short Hair",10.1503
"Female","Domestic Medium Hair",10.4838
"Female","Domestic Short Hair",7.3551
"Male","Domestic Medium Hair",8.6885
"Male","Domestic Short Hair",8.4315
"Female","Domestic Long Hair",9.9237
"Female","Domestic Short Hair",9.3834
"Female","Domestic Short Hair",9.7155
"Male","Domestic Short Hair",9.1191
"Female","Domestic Medium Hair",8.5013
"Female","Domestic Medium Hair",10.9198
"Female","Domestic Short Hair",9.0189
"Male","Domestic Medium Hair",10.3554
"Male","Domestic Long Hair",11.2677
"Male","Domestic Medium Hair",11.4951
"Male","Domestic Short Hair",9.2174
"Female","Domestic Short Hair",8.8934
"Female","Domestic Long Hair",8.7197
"Male","Domestic Medium Hair",9.3842
"Female","Domestic Medium Hair",11.1527
"Male","Domestic Short Hair",9.9296
"Female","Domestic Short Hair",9.0048
"Male","Domestic Long Hair",12.5953
"Female","Domestic Short Hair",9.8047
"Female","Domestic Medium Hair",9.867
"Female","Domestic Medium Hair",10.0669
"Female","Domestic Short Hair",7.9912
"Female","Domestic Medium Hair",9.7521
"Female","Domestic Short Hair",9.865
"Male","Domestic Short Hair",8.63
"Female","Domestic Long Hair",10.9668
"Female","Domestic Short Hair",8.467
"Female","Domestic Short Hair",9.5212
"Female","Domestic Medium Hair",11.2634
"Female","Domestic Short Hair",9.839
"Male","Domestic Short Hair",8.3707
"Female","Domestic Medium Hair",8.646
"Female","Domestic Medium Hair",10.9758
"Male","Domestic Medium Hair",10.7628
"Female","Domestic Medium Hair",10.864
"Male","Domestic Long Hair",12.1849
"Female","Domestic Medium Hair",8.6632
"Female","Domestic Short Hair",6.8454
"Male","Domestic Short Hair",8.5361
"Male","Domestic Short Hair",9.8965
"Female","Domestic Long Hair",8.556
"Male","Domestic Long Hair",11.7682
"Male","Domestic Short Hair",6.4486
"Female","Domestic Short Hair",7.8023
"Female","Domestic Short Hair",7.3116
"Male","Domestic Long Hair",10.8531
"Female","Domestic Short Hair",6.174
"Male","Domestic Long Hair",12.0658
"Male","Domestic Short Hair",8.539
"Male","Domestic Medium Hair",10.379
"Female","Domestic Short Hair",9.204
"Female","Domestic Medium Hair",10.0036
"Female","Domestic Short Hair",8.4853
"Female","Domestic Long Hair",10.8131
"Female","Domestic Medium Hair",8.4236
"Male","Domestic Short Hair",8.7565
"Female","Domestic Medium Hair",10.9006
"Male","Domestic Medium Hair",9.3394
"Female","Domestic Medium Hair",8.5604
"Female","Domestic Long Hair",9.2095
"Female","Domestic Medium Hair",8.7299
"Male","Domestic Long Hair",10.8861
"Male","Domestic Medium Hair",9.7026
"Male","Domestic Long Hair",10.7472
"Female","Domestic Medium Hair",8.437
"Female","Domestic Long Hair",9.5445
"Female","Domestic Short Hair",8.9952
"Female","Domestic Medium Hair",9.7446
"Female","Domestic Medium Hair",10.1335
"Male","Domestic Long Hair",11.4389
"Female","Domestic Medium Hair",9.0609
"Male","Domestic Short Hair",9.2263
"Female","Domestic Long Hair",9.1105
"Female","Domestic Short Hair",6.7687
"Female","Domestic Long Hair",9.5193
"Male","Domestic Short Hair",9.3223
"Male","Domestic Medium Hair",9.873
"Male","Domestic Long Hair",9.697
"Female","Domestic Short Hair",8.8702
"Female","Domestic Medium Hair",8.8808
"Male","Domestic Long Hair",12.1292
"Male","Domestic Medium Hair",11.1792
"Male","Domestic Short Hair",10.8685
"Female","Domestic Short Hair",9.258
"Female","Domestic Short Hair",6.5736
"Female","Domestic Medium Hair",10.4005
"Female","Domestic Medium Hair",10.5414
"Female","Domestic Short Hair",9.84
"Female","Domestic Short Hair",10.2385
"Female","Domestic Short Hair",8.4016
"Male","Domestic Long Hair",11.083
"Female","Domestic Short Hair",8.174
"Male","Domestic Long Hair",11.1409
"Female","Domestic Long Hair",10.411
"Male","Domestic Medium Hair",9.7962
"Male","Domestic Short Hair",9.5679
"Female","Domestic Long Hair",10.4865
"Female","Domestic Short Hair",7.8826
"Female","Domestic Long Hair",9.1423
"Male","Domestic Long Hair",9.1558
"Male","Domestic Short Hair",8.9686
"Female","Domestic Medium Hair",10.7344
"Male","Domestic Short Hair",9.4584
"Female","Domestic Short Hair",10.0641
"Female","Domestic Long Hair",9.7077
"Female","Domestic Short Hair",9.3382
"Female","Domestic Long Hair",9.6897
"Female","Domestic Long Hair",9.1937
"Male","Domestic Short Hair",7.8671
"Male","Domestic Short Hair",9.6777
"Female","Domestic Short Hair",6.9496
"Male","Domestic Medium Hair",10.2829
"Male","Domestic Short Hair",9.1325
"Male","Domestic Medium Hair",10.0057
"Female","Domestic Short Hair",9.7779
"Male","Domestic Short Hair",9.5064
"Male","Domestic Long Hair",11.6181
"Female","Domestic Medium Hair",10.2593
"Male","Domestic Medium Hair",9.3471
"Female","Domestic Long Hair",9.7767
"Female","Domestic Short Hair",8.64
"Female","Domestic Long Hair",12.0969
"Female","Domestic Long Hair",10.0642
"Female","Domestic Short Hair",9.104
"Female","Domestic Short Hair",5.3188
"Female","Domestic Medium Hair",8.8129
"Female","Domestic Long Hair",9.7771
"Female","Domestic Short Hair",8.4265
"Male","Domestic Short Hair",7.8479
"Female","Domestic Short Hair",8.9991
"Male","Domestic Medium Hair",11.1013
"Male","Domestic Short Hair",9.0089
"Female","Domestic Medium Hair",11.2803
"Female","Domestic Short Hair",8.1346
"Male","Domestic Short Hair",9.4387
"Female","Domestic Short Hair",7.6591
"Female","Domestic Medium Hair",9.8268
"Female","Domestic Medium Hair",10.2275
"Male","Domestic Long Hair",9.8235
"Male","Domestic Short Hair",8.0923
"Male","Domestic Short Hair",10.2065
"Male","Domestic Long Hair",10.9777
"Female","Domestic Short Hair",7.8133
"Female","Domestic Long Hair",10.2257
"Female","Domestic Short Hair",9.3231
"Female","Domestic Medium Hair",11.525
"Male","Domestic Long Hair",12.6597
"Female","Domestic Long Hair",8.9662
"Female","Domestic Medium Hair",9.4541
"Female","Domestic Medium Hair",9.2905
"Female","Domestic Short Hair",8.4674
"Male","Domestic Short Hair",9.3851
"Male","Domestic Short Hair",9.8145
"Female","Domestic Long Hair",9.9545
"Female","Domestic Medium Hair",11.49
"Male","Domestic Short Hair",8.0741
"Female","Domestic Medium Hair",9.6773
"Male","Domestic Short Hair",8.2593
"Female","Domestic Medium Hair",9.4314
"Female","Domestic Short Hair",8.862
"Female","Domestic Medium Hair",9.8143
"Male","Domestic Short Hair",9.2643
"Female","Domestic Medium Hair",8.9097
"Male","Domestic Short Hair",8.5641
"Male","Domestic Short Hair",9.9742
"Female","Domestic Medium Hair",8.4243
"Female","Domestic Short Hair",7.1784
"Male","Domestic Long Hair",11.4412
"Female","Domestic Long Hair",9.2343
"Male","Domestic Short Hair",11.0227
"Male","Domestic Short Hair",10.5533
"Female","Domestic Short Hair",8.7273
"Male","Domestic Long Hair",10.7447
"Female","Domestic Short Hair",8.3528
"Female","Domestic Medium Hair",9.5956
"Male","Domestic Medium Hair",9.6358
"Female","Domestic Short Hair",8.4938
"Female","Domestic Medium Hair",9.3217
"Female","Domestic Medium Hair",9.1712
"Female","Domestic Short Hair",8.1515
"Female","Domestic Medium Hair",10.3228
"Female","Domestic Medium Hair",8.5201
"Male","Domestic Medium Hair",10.1132
"Male","Domestic Medium Hair",10.6458
"Male","Domestic Short Hair",9.839
"Male","Domestic Medium Hair",11.2132
"Male","Domestic Medium Hair",11.3686
"Female","Domestic Medium Hair",7.5642
"Male","Domestic Long Hair",10.4769
"Female","Domestic Medium Hair",10.3083
"Male","Domestic Long Hair",10.9947
"Male","Domestic Short Hair",8.7937
"Female","Domestic Short Hair",9.1878
"Female","Domestic Long Hair",10.3888
"Male","Domestic Short Hair",9.4152
"Male","Domestic Short Hair",9.0772
"Male","Domestic Long Hair",10.4176
"Female","Domestic Short Hair",8.8896
"Male","Domestic Medium Hair",10.7375
"Male","Domestic Long Hair",9.9052
"Male","Domestic Short Hair",9.2746
"Male","Domestic Medium Hair",9.9417
"Female","Domestic Short Hair",7.2113
"Male","Domestic Long Hair",10.2909
"Male","Domestic Short Hair",7.6377
"Female","Domestic Long Hair",9.8574
"Female","Domestic Short Hair",7.3902
"Male","Domestic Medium Hair",9.011
"Female","Domestic Short Hair",7.6118
"Female","Domestic Medium Hair",8.7429
"Female","Domestic Short Hair",7.391
"Female","Domestic Long Hair",8.8369
"Female","Domestic Short Hair",8.4749
"Male","Domestic Medium Hair",10.0694
"Male","Domestic Long Hair",10.4736
"Male","Domestic Short Hair",9.4354
"Male","Domestic Long Hair",9.5799
"Male","Domestic Short Hair",9.5409
"Female","Domestic Medium Hair",10.5915
"Male","Domestic Medium Hair",9.4724
"Female","Domestic Medium Hair",11.3325
"Male","Domestic Medium Hair",10.8117
"Female","Domestic Medium Hair",10.6083
"Male","Domestic Long Hair",11.0515
"Male","Domestic Short Hair",10.4668
"Female","Domestic Long Hair",11.5963
"Female","Domestic Short Hair",7.9785
"Male","Domestic Short Hair",9.8753
"Female","Domestic Short Hair",8.4067
"Male","Domestic Medium Hair",10.985
"Male","Domestic Medium Hair",9.7149
"Male","Domestic Short Hair",8.8049
"Female","Domestic Medium Hair",8.8005
"Female","Domestic Short Hair",7.5683
"Male","Domestic Short Hair",10.2894
"Female","Domestic Medium Hair",9.8736
"Female","Domestic Short Hair",9.5
"Male","Domestic Short Hair",8.5438
"Female","Domestic Short Hair",8.6661
"Male","Domestic Medium Hair",10.4158
"Female","Domestic Long Hair",11.7397
"Male","Domestic Long Hair",10.7803
"Female","Domestic Long Hair",11.5368
"Female","Domestic Short Hair",7.4709
"Female","Domestic Medium Hair",9.8295
"Female","Domestic Medium Hair",8.8885
"Male","Domestic Short Hair",8.41
"Male","Domestic Long Hair",12.5925
"Female","Domestic Medium Hair",9.3761
"Female","Domestic Long Hair",10.7518
"Female","Domestic Short Hair",8.866
"Female","Domestic Medium Hair",9.0009
"Female","Domestic Short Hair",7.5197
"Male","Domestic Medium Hair",11.2898
"Female","Domestic Short Hair",8.5504
"Male","Domestic Short Hair",7.8116
"Male","Domestic Long Hair",11.0346
"Female","Domestic Medium Hair",8.3414
"Male","Domestic Medium Hair",9.8303
"Male","Domestic Short Hair",8.0482
"Female","Domestic Short Hair",8.4362
"Male","Domestic Short Hair",9.664
"Female","Domestic Short Hair",8.1885
"Male","Domestic Short Hair",9.0782
"Male","Domestic Short Hair",8.8478
"Female","Domestic Short Hair",8.8999
"Male","Domestic Short Hair",7.2487
"Female","Domestic Short Hair",8.2271
"Male","Domestic Short Hair",8.39
"Female","Domestic Long Hair",9.657
"Male","Domestic Short Hair",10.9026
"Male","Domestic Long Hair",10.4867
"Female","Domestic Short Hair",8.025
"Female","Domestic Short Hair",9.2512
"Female","Domestic Short Hair",7.9331
"Male","Domestic Long Hair",11.1815
"Female","Domestic Short Hair",8.8276
"Female","Domestic Short Hair",9.8154
"Female","Domestic Short Hair",8.7131
"Female","Domestic Medium Hair",9.9654
"Male","Domestic Medium Hair",10.5496
"Male","Domestic Short Hair",10.2032
"Female","Domestic Short Hair",9.5303
"Female","Domestic Short Hair",8.0723
"Female","Domestic Short Hair",9.0656
"Female","Domestic Medium Hair",11.1462
"Female","Domestic Short Hair",9.9694
"Female","Domestic Short Hair",8.0895
"Female","Domestic Medium Hair",10.9215
"Male","Domestic Long Hair",11.6372
"Female","Domestic Medium Hair",7.4976
"Female","Domestic Short Hair",6.8201
"Male","Domestic Short Hair",9.4882
"Male","Domestic Short Hair",8.943
"Female","Domestic Long Hair",9.806
"Female","Domestic Short Hair",8.2281
"Female","Domestic Long Hair",10.2426
"Female","Domestic Long Hair",10.8278
"Female","Domestic Short Hair",8.0969
"Male","Domestic Long Hair",10.184
"Male","Domestic Medium Hair",10.7504
"Female","Domestic Long Hair",11.1849
"Male","Domestic Long Hair",10.1821
"Male","Domestic Long Hair",12.0034
"Female","Domestic Short Hair",9.1046
"Female","Domestic Long Hair",11.4953
"Male","Domestic Medium Hair",10.5985
"Male","Domestic Medium Hair",9.5135
"Female","Domestic Long Hair",8.2929
"Male","Domestic Short Hair",8.3669
"Male","Domestic Short Hair",8.1137
"Female","Domestic Medium Hair",10.5076
"Male","Domestic Medium Hair",9.0842
"Male","Domestic Short Hair",9.2455
"Male","Domestic Short Hair",10.0325
"Female","Domestic Short Hair",9.6817
"Male","Domestic Long Hair",12.3446
"Female","Domestic Long Hair",9.1087
"Male","Domestic Medium Hair",9.857
"Female","Domestic Medium Hair",9.3458
"Female","Domestic Short Hair",8.3751
"Female","Domestic Short Hair",9.6218
"Male","Domestic Long Hair",11.1891
"Female","Domestic Medium Hair",10.1667
"Female","Domestic Short Hair",6.4257
"Female","Domestic Medium Hair",8.6392
"Male","Domestic Medium Hair",9.6818
"Female","Domestic Short Hair",8.96
"Female","Domestic Short Hair",9.1332
"Female","Domestic Short Hair",9.0901
"Male","Domestic Long Hair",10.8641
"Female","Domestic Medium Hair",10.8378
"Female","Domestic Long Hair",9.8729
"Male","Domestic Long Hair",10.2566
"Male","Domestic Medium Hair",9.4474
"Female","Domestic Short Hair",7.1215
"Male","Domestic Medium Hair",9.1032
"Male","Domestic Medium Hair",9.9798
"Female","Domestic Medium Hair",9.628
"Female","Domestic Short Hair",9.6784
"Male","Domestic Short Hair",9.4096
"Female","Domestic Short Hair",7.6923
"Male","Domestic Short Hair",8.7574
"Female","Domestic Short Hair",8.2732
"Male","Domestic Short Hair",6.7548
"Male","Domestic Short Hair",7.6876
"Male","Domestic Medium Hair",8.3986
"Male","Domestic Short Hair",10.9618
"Male","Domestic Short Hair",7.3628
"Female","Domestic Long Hair",9.4695
"Female","Domestic Short Hair",10.7098
"Female","Domestic Long Hair",10.2483
"Male","Domestic Short Hair",7.7021
"Female","Domestic Long Hair",9.1956
"Female","Domestic Medium Hair",10.6032
"Male","Domestic Medium Hair",10.7833
"Male","Domestic Medium Hair",9.2728
"Male","Domestic Long Hair",12.6374
"Male","Domestic Long Hair",12.8622
"Male","Domestic Long Hair",11.9224
"Male","Domestic Medium Hair",9.5603
"Female","Domestic Medium Hair",8.3896
"Female","Domestic Medium Hair",10.533
"Female","Domestic Short Hair",8.1035
"Female","Domestic Short Hair",8.518
"Male","Domestic Medium Hair",10.0802
"Female","Domestic Medium Hair",8.8004
"Female","Domestic Short Hair",8.2239
"Female","Domestic Long Hair",8.8041
"Male","Domestic Short Hair",9.1563
"Male","Domestic Long Hair",10.7565
"Male","Domestic Short Hair",7.549
"Female","Domestic Short Hair",8.5847
"Male","Domestic Short Hair",7.4471
"Female","Domestic Short Hair",8.1532
"Female","Domestic Short Hair",8.2335
"Female","Domestic Medium Hair",9.2555
"Male","Domestic Long Hair",10.481
"Female","Domestic Short Hair",9.495
"Male","Domestic Medium Hair",9.4967
"Male","Domestic Long Hair",10.7553
"Female","Domestic Medium Hair",7.6319
"Female","Domestic Short Hair",10.8095
"Male","Domestic Short Hair",9.3866
"Female","Domestic Medium Hair",8.4062
"Male","Domestic Short Hair",8.7639
"Male","Domestic Short Hair",8.5813
"Male","Domestic Medium Hair",9.1323
"Female","Domestic Short Hair",8.9455
"Male","Domestic Short Hair",8.6875
"Female","Domestic Long Hair",10.5104
"Male","Domestic Short Hair",9.2029
"Female","Domestic Long Hair",9.8444
"Female","Domestic Short Hair",9.1335
"Female","Domestic Short Hair",7.5406
"Male","Domestic Short Hair",10.4809
"Female","Domestic Long Hair",9.9225
"Female","Domestic Long Hair",10.8357
"Female","Domestic Short Hair",9.2195
"Female","Domestic Medium Hair",9.0031
"Male","Domestic Long Hair",9.6553
"Female","Domestic Long Hair",8.4452
"Female","Domestic Medium Hair",9.714
"Female","Domestic Long Hair",9.3913
"Female","Domestic Short Hair",10.5261
"Male","Domestic Short Hair",8.7846
"Female","Domestic Medium Hair",10.7085
"Female","Domestic Short Hair",9.9165
"Female","Domestic Medium Hair",10.5418
"Male","Domestic Long Hair",11.6261
"Male","Domestic Short Hair",9.3185
"Male","Domestic Short Hair",9.3729
"Female","Domestic Short Hair",8.361
"Male","Domestic Long Hair",11.2969
"Male","Domestic Medium Hair",10.4901
"Female","Domestic Long Hair",10.4279
"Female","Domestic Short Hair",9.5217
"Male","Domestic Long Hair",11.7092
"Female","Domestic Short Hair",8.5919
"Female","Domestic Medium Hair",10.7901
"Female","Domestic Medium Hair",10.7687
"Male","Domestic Medium Hair",10.4755
"Female","Domestic Long Hair",11.7741
"Female","Domestic Short Hair",9.3889
"Female","Domestic Medium Hair",11.1509
"Female","Domestic Long Hair",10.9627
"Female","Domestic Short Hair",9.9142
"Female","Domestic Short Hair",10.9167
"Male","Domestic Long Hair",11.7637
"Female","Domestic Medium Hair",10.9984
"Male","Domestic Short Hair",7.8475
"Female","Domestic Short Hair",8.6015
"Female","Domestic Medium Hair",10.3139
"Male","Domestic Short Hair",9.9174
"Female","Domestic Short Hair",8.8316
"Male","Domestic Short Hair",9.8535
"Female","Domestic Short Hair",8.0639
"Female","Domestic Long Hair",9.3837
"Female","Domestic Short Hair",9.8799
"Female","Domestic Long Hair",9.9826
"Female","Domestic Medium Hair",8.9793
"Female","Domestic Medium Hair",10.7449
"Male","Domestic Medium Hair",10.2705
"Male","Domestic Short Hair",8.0111
"Male","Domestic Short Hair",10.6701
"Female","Domestic Short Hair",8.8951
"Male","Domestic Medium Hair",10.1839
"Female","Domestic Long Hair",11.6066
"Male","Domestic Short Hair",10.0289
"Female","Domestic Short Hair",7.6006
"Male","Domestic Medium Hair",10.5821
"Female","Domestic Medium Hair",9.1809
"Male","Domestic Short Hair",11.1105
"Male","Domestic Short Hair",10.0126
"Female","Domestic Medium Hair",9.451
"Female","Domestic Medium Hair",9.5608
"Female","Domestic Long Hair",9.6126
"Male","Domestic Short Hair",9.6612
"Male","Domestic Medium Hair",10.0314
"Male","Domestic Medium Hair",11.8466
"Male","Domestic Medium Hair",10.8908
"Female","Domestic Medium Hair",8.5217
"Female","Domestic Short Hair",8.1101
"Male","Domestic Long Hair",11.1069
"Female","Domestic Medium Hair",9.2996
"Male","Domestic Long Hair",10.4853
"Female","Domestic Medium Hair",10.7843
"Male","Domestic Short Hair",10.1554
"Female","Domestic Long Hair",9.5859
"Male","Domestic Long Hair",11.532
"Male","Domestic Long Hair",9.8177
"Male","Domestic Medium Hair",9.6306
"Female","Domestic Short Hair",7.777
"Male","Domestic Long Hair",12.4652
"Male","Domestic Medium Hair",10.9577
"Male","Domestic Short Hair",9.1537
"Female","Domestic Medium Hair",9.0623
"Female","Domestic Long Hair",10.2634
"Female","Domestic Medium Hair",9.52
"Male","Domestic Long Hair",10.0511
"Male","Domestic Long Hair",9.7337
"Female","Domestic Short Hair",9.7761
"Female","Domestic Long Hair",8.5154
"Male","Domestic Medium Hair",10.1791
"Male","Domestic Short Hair",11.4545
"Female","Domestic Long Hair",11.2374
"Male","Domestic Short Hair",9.6565
"Male","Domestic Medium Hair",11.5913
"Female","Domestic Long Hair",9.5516
"Male","Domestic Short Hair",9.0068
"Male","Domestic Short Hair",9.1002
"Female","Domestic Medium Hair",9.2679
"Male","Domestic Long Hair",10.5309
"Female","Domestic Short Hair",8.2572
"Female","Domestic Medium Hair",9.9992
"Female","Domestic Long Hair",10.6858
"Male","Domestic Medium Hair",9.5698
"Female","Domestic Short Hair",8.9058
"Female","Domestic Long Hair",10.023
"Male","Domestic Short Hair",9.3769
"Female","Domestic Medium Hair",9.9909
"Female","Domestic Long Hair",11.0726
"Female","Domestic Medium Hair",8.9299
"Female","Domestic Short Hair",9.1176
"Female","Domestic Medium Hair",9.178
"Female","Domestic Short Hair",7.4306
"Female","Domestic Short Hair",7.6273
"Female","Domestic Short Hair",7.4307
"Female","Domestic Short Hair",8.3286
"Female","Domestic Medium Hair",10.393
"Female","Domestic Short Hair",10.6411
"Female","Domestic Short Hair",9.0719
"Male","Domestic Medium Hair",10.697
"Female","Domestic Long Hair",9.8528
"Male","Domestic Long Hair",12.0926
"Male","Domestic Short Hair",9.4775
"Male","Domestic Long Hair",7.7226
"Female","Domestic Medium Hair",10.6427
"Male","Domestic Long Hair",10.7583
"Male","Domestic Medium Hair",10.1556
"Male","Domestic Long Hair",12.872
"Male","Domestic Medium Hair",10.6155
"Female","Domestic Short Hair",6.4526
"Female","Domestic Short Hair",7.792
"Male","Domestic Medium Hair",12.4971
"Male","Domestic Medium Hair",9.8371
"Female","Domestic Medium Hair",10.7381
"Female","Domestic Long Hair",8.4198
"Female","Domestic Short Hair",9.2009
"Female","Domestic Medium Hair",9.2267
"Male","Domestic Long Hair",9.8059
"Female","Domestic Short Hair",8.3769
"Female","Domestic Short Hair",5.9695
"Male","Domestic Short Hair",8.0072
"Female","Domestic Long Hair",9.6786
"Female","Domestic Short Hair",7.319
"Female","Domestic Medium Hair",10.3278
"Female","Domestic Long Hair",9.9844
"Female","Domestic Medium Hair",8.6711
"Female","Domestic Long Hair",8.693
"Female","Domestic Medium Hair",10.5813
"Male","Domestic Short Hair",8.8514
"Female","Domestic Short Hair",8.4762
"Female","Domestic Short Hair",6.5567
"Female","Domestic Short Hair",8.5042
"Female","Domestic Medium Hair",9.3045
"Female","Domestic Short Hair",8.9271
"Male","Domestic Medium Hair",8.0964
"Female","Domestic Long Hair",10.4876
"Male","Domestic Medium Hair",9.2426
"Male","Domestic Medium Hair",9.4748
"Male","Domestic Short Hair",9.2675
"Male","Domestic Medium Hair",9.7429
"Female","Domestic Long Hair",9.8438
"Female","Domestic Long Hair",9.9096
"Male","Domestic Short Hair",7.6971
"Female","Domestic Medium Hair",11.1331
"Male","Domestic Medium Hair",10.4462
"Male","Domestic Long Hair",10.2212
"Female","Domestic Medium Hair",9.4935
"Male","Domestic Medium Hair",9.7954
"Female","Domestic Medium Hair",8.5549
"Male","Domestic Medium Hair",9.3488
"Male","Domestic Short Hair",8.9421
"Female","Domestic Short Hair",7.8325
"Female","Domestic Short Hair",8.4137
"Female","Domestic Medium Hair",9.4001
"Male","Domestic Short Hair",6.3991
"Male","Domestic Short Hair",11.0419
"Female","Domestic Long Hair",9.7693
"Female","Domestic Medium Hair",10.9356
"Male","Domestic Medium Hair",11.2165
"Male","Domestic Long Hair",13.2149
"Female","Domestic Short Hair",7.2354
"Female","Domestic Short Hair",7.5804
"Female","Domestic Medium Hair",10.0953
"Female","Domestic Short Hair",8.9239
"Male","Domestic Long Hair",11.0419
"Male","Domestic Short Hair",8.6707
"Male","Domestic Short Hair",9.9921
"Female","Domestic Short Hair",8.439
"Female","Domestic Short Hair",8.7871
"Male","Domestic Long Hair",11.6098
"Female","Domestic Long Hair",11.0457
"Male","Domestic Short Hair",8.5873
"Male","Domestic Long Hair",10.443
"Female","Domestic Medium Hair",9.1648
"Male","Domestic Short Hair",9.0696
"Female","Domestic Short Hair",6.5065
"Male","Domestic Long Hair",12.0148
"Female","Domestic Long Hair",9.4965
"Female","Domestic Long Hair",8.5862
"Female","Domestic Medium Hair",9.0669
"Female","Domestic Short Hair",7.6102
"Male","Domestic Medium Hair",9.0557
"Female","Domestic Medium Hair",9.0561
"Male","Domestic Long Hair",9.8078
"Male","Domestic Long Hair",8.9108
"Female","Domestic Medium Hair",8.2245
"Female","Domestic Short Hair",7.9619
"Female","Domestic Short Hair",9.2185
"Female","Domestic Long Hair",8.6257
"Male","Domestic Short Hair",9.9368
"Male","Domestic Long Hair",12.3767
"Male","Domestic Short Hair",9.6042
"Male","Domestic Long Hair",12.8882
"Male","Domestic Long Hair",9.9296
"Female","Domestic Medium Hair",7.8989
"Female","Domestic Medium Hair",8.5702
"Male","Domestic Short Hair",9.2214
"Male","Domestic Medium Hair",9.7483
"Female","Domestic Medium Hair",9.1021
"Male","Domestic Long Hair",10.4259
"Female","Domestic Short Hair",8.5459
"Male","Domestic Short Hair",9.779
"Female","Domestic Medium Hair",8.7373
"Male","Domestic Medium Hair",12.1053
"Male","Domestic Short Hair",8.7965
"Female","Domestic Medium Hair",9.2643
"Female","Domestic Long Hair",9.6733
"Female","Domestic Short Hair",8.9484
"Female","Domestic Medium Hair",9.7747
"Male","Domestic Long Hair",9.8703
"Female","Domestic Long Hair",7.4921
"Female","Domestic Long Hair",10.5898
"Male","Domestic Short Hair",8.9087
"Male","Domestic Short Hair",9.4145
"Male","Domestic Long Hair",11.2786
"Male","Domestic Short Hair",8.3131
"Female","Domestic Short Hair",9.6592
"Male","Domestic Short Hair",8.8124
"Female","Domestic Medium Hair",10.9994
"Female","Domestic Medium Hair",9.8673
"Male","Domestic Short Hair",8.8526
"Male","Domestic Medium Hair",9.8072
"Female","Domestic Long Hair",10.9911
"Female","Domestic Medium Hair",8.892
"Male","Domestic Long Hair",11.8488
"Female","Domestic Short Hair",7.8337
"Male","Domestic Long Hair",10.9702
"Female","Domestic Medium Hair",10.2921
"Female","Domestic Short Hair",10.6335
"Female","Domestic Medium Hair",9.4368
"Male","Domestic Short Hair",8.4386
"Female","Domestic Medium Hair",9.598
"Male","Domestic Short Hair",8.2728
"Female","Domestic Long Hair",8.1305
"Female","Domestic Short Hair",9.2829
"Male","Domestic Medium Hair",11.7216
"Female","Domestic Long Hair",11.7361
"Female","Domestic Medium Hair",10.6135
"Female","Domestic Short Hair",9.6893
"Female","Domestic Short Hair",7.1683
"Female","Domestic Long Hair",11.0917
"Female","Domestic Medium Hair",9.1071
"Male","Domestic Long Hair",10.2749
"Male","Domestic Short Hair",9.5017
"Female","Domestic Medium Hair",9.9604
"Female","Domestic Medium Hair",8.2539
"Male","Domestic Short Hair",9.7301
"Female","Domestic Short Hair",8.6957
"Female","Domestic Medium Hair",9.8446
"Female","Domestic Short Hair",7.8036
"Female","Domestic Short Hair",8.3255
"Male","Domestic Medium Hair",10.685
"Male","Domestic Short Hair",8.3626
"Male","Domestic Long Hair",10.7688
"Female","Domestic Short Hair",8.6608
"Male","Domestic Short Hair",8.7495
"Male","Domestic Short Hair",7.956
"Male","Domestic Short Hair",8.6806
"Female","Domestic Long Hair",12.03
"Female","Domestic Short Hair",7.071
"Female","Domestic Long Hair",10.3649
"Male","Domestic Short Hair",10.2004
"Female","Domestic Short Hair",7.7415
"Female","Domestic Medium Hair",9.9026
"Female","Domestic Short Hair",8.0755
"Female","Domestic Medium Hair",8.2623
"Male","Domestic Short Hair",8.1233
"Female","Domestic Long Hair",12.2215
"Male","Domestic Medium Hair",9.2176
"Male","Domestic Short Hair",10.0211
"Female","Domestic Medium Hair",9.059
"Male","Domestic Medium Hair",10.5704
"Female","Domestic Long Hair",11.2212
"Male","Domestic Medium Hair",11.7077
"Male","Domestic Long Hair",10.5999
"Female","Domestic Medium Hair",10.8578
"Male","Domestic Short Hair",10.2377
"Female","Domestic Medium Hair",10.3375
"Female","Domestic Short Hair",9.2571
"Male","Domestic Medium Hair",9.6469
"Male","Domestic Long Hair",10.1886
"Female","Domestic Medium Hair",9.3579
"Female","Domestic Medium Hair",9.7636
"Male","Domestic Medium Hair",10.715
"Male","Domestic Short Hair",7.787
"Male","Domestic Long Hair",10.6525
"Female","Domestic Long Hair",8.4392
"Female","Domestic Medium Hair",11.2515
"Male","Domestic Long Hair",12.4899
"Male","Domestic Medium Hair",10.676
"Male","Domestic Medium Hair",11.8201
"Male","Domestic Medium Hair",11.6019
"Male","Domestic Long Hair",11.0794
"Female","Domestic Short Hair",9.8273
"Female","Domestic Medium Hair",8.975
"Female","Domestic Long Hair",10.0879
"Male","Domestic Long Hair",11.1762
"Male","Domestic Short Hair",9.9097
"Male","Domestic Long Hair",12.5597
"Male","Domestic Medium Hair",10.4317
"Female","Domestic Long Hair",10.4461
"Female","Domestic Long Hair",10.9083
"Male","Domestic Short Hair",8.7383
"Male","Domestic Long Hair",10.5766
"Female","Domestic Long Hair",10.6503
"Female","Domestic Short Hair",9.5643
"Female","Domestic Medium Hair",10.6278
"Female","Domestic Short Hair",8.531
"Female","Domestic Short Hair",9.4387
"Female","Domestic Long Hair",10.4145
"Male","Domestic Long Hair",12.7005
"Female","Domestic Long Hair",9.0221
"Male","Domestic Short Hair",8.9648
"Female","Domestic Medium Hair",10.5312
"Male","Domestic Long Hair",10.1173
"Male","Domestic Medium Hair",8.9786
"Male","Domestic Long Hair",10.73
"Male","Domestic Medium Hair",11.2482
"Female","Domestic Short Hair",10.2837
"Male","Domestic Short Hair",9.2956
"Female","Domestic Short Hair",8.6659
"Male","Domestic Medium Hair",9.2655
"Male","Domestic Long Hair",10.3535
"Female","Domestic Long Hair",10.1989
"Female","Domestic Long Hair",9.1561
"Male","Domestic Medium Hair",9.5264
"Male","Domestic Short Hair",8.7656
"Male","Domestic Long Hair",10.5142
"Female","Domestic Medium Hair",10.6268
"Male","Domestic Short Hair",7.9202
"Male","Domestic Medium Hair",10.1999
"Female","Domestic Short Hair",9.7154
"Female","Domestic Long Hair",9.9401
"Female","Domestic Medium Hair",8.6319
"Female","Domestic Long Hair",8.4305
"Female","Domestic Medium Hair",11.131
"Female","Domestic Medium Hair",11.2562
"Female","Domestic Short Hair",9.3192
"Male","Domestic Long Hair",11.0662
"Male","Domestic Short Hair",9.5295
"Male","Domestic Medium Hair",9.3917
"Female","Domestic Long Hair",10.6665
"Female","Domestic Short Hair",8.2688
"Female","Domestic Medium Hair",8.0771
"Female","Domestic Medium Hair",9.8399
"Female","Domestic Short Hair",7.2466
"Female","Domestic Long Hair",10.2089
"Female","Domestic Short Hair",8.522
"Female","Domestic Short Hair",10.1393
"Female","Domestic Short Hair",8.0738
"Male","Domestic Medium Hair",8.9692
"Female","Domestic Short Hair",8.526
"Male","Domestic Short Hair",9.914
"Female","Domestic Long Hair",10.9462
"Male","Domestic Short Hair",9.508
"Male","Domestic Long Hair",10.4063
"Female","Domestic Short Hair",9.2488
"Female","Domestic Short Hair",7.9578
"Male","Domestic Long Hair",12.0102
"Female","Domestic Medium Hair",10.0695
"Female","Domestic Long Hair",9.9478
"Male","Domestic Long Hair",12.6025
"Male","Domestic Medium Hair",10.1253
"Male","Domestic Short Hair",9.4998
"Female","Domestic Medium Hair",11.5312
"Female","Domestic Short Hair",9.9126
"Female","Domestic Short Hair",7.7773
"Male","Domestic Medium Hair",11.0321
"Female","Domestic Short Hair",8.0597
"Female","Domestic Medium Hair",9.7779
"Female","Domestic Short Hair",6.0747
"Female","Domestic Short Hair",9.9999
"Male","Domestic Medium Hair",11.5962
"Male","Domestic Short Hair",10.5883
"Female","Domestic Long Hair",11.3344
"Male","Domestic Short Hair",9.0616
"Male","Domestic Short Hair",8.7069
"Female","Domestic Long Hair",10.6064
"Male","Domestic Long Hair",10.3508
"Male","Domestic Short Hair",9.225
"Female","Domestic Medium Hair",7.2546
"Female","Domestic Medium Hair",10.1402
"Male","Domestic Long Hair",12.1237
"Female","Domestic Medium Hair",8.9027
"Female","Domestic Medium Hair",9.7003
"Male","Domestic Long Hair",9.2035
"Female","Domestic Medium Hair",8.9672
"Male","Domestic Short Hair",7.9804
"Male","Domestic Short Hair",10.5017
"Male","Domestic Long Hair",10.1341
"Female","Domestic Medium Hair",9.3763
"Male","Domestic Short Hair",10.261
"Male","Domestic Medium Hair",9.7035
"Male","Domestic Long Hair",10.8347
"Female","Domestic Medium Hair",8.7215
"Female","Domestic Short Hair",9.0072
"Male","Domestic Short Hair",7.7012
"Male","Domestic Long Hair",11.1508
"Male","Domestic Long Hair",12.1649
"Female","Domestic Short Hair",9.5869
"Male","Domestic Long Hair",11.6048
"Male","Domestic Long Hair",11.697
"Female","Domestic Long Hair",9.2207
"Female","Domestic Medium Hair",8.6394
"Male","Domestic Long Hair",12.6037
"Female","Domestic Medium Hair",11.2831
"Female","Domestic Long Hair",9.6804
"Female","Domestic Short Hair",9.2734
"Male","Domestic Long Hair",9.6689
"Male","Domestic Long Hair",10.6265
"Female","Domestic Medium Hair",8.9441
"Male","Domestic Long Hair",11.3012
"Female","Domestic Medium Hair",10.7536
"Male","Domestic Short Hair",9.0559
"Female","Domestic Short Hair",8.9897
"Male","Domestic Short Hair",10.6194
"Female","Domestic Short Hair",8.4983
"Male","Domestic Medium Hair",10.3907
"Male","Domestic Long Hair",11.5875
"Male","Domestic Short Hair",8.2641
"Female","Domestic Long Hair",8.4406
"Female","Domestic Long Hair",10.1595
"Female","Domestic Medium Hair",10.7568
"Male","Domestic Short Hair",7.0327
"Male","Domestic Medium Hair",10.2573
"Female","Domestic Medium Hair",11.0184
"Male","Domestic Long Hair",11.7473
"Female","Domestic Short Hair",10.6933
"Female","Domestic Long Hair",11.2365
"Female","Domestic Short Hair",8.1237
"Male","Domestic Short Hair",10.4274
"Female","Domestic Medium Hair",8.6132
"Male","Domestic Short Hair",8.1191
"Male","Domestic Long Hair",11.3269
"Male","Domestic Medium Hair",9.9825
"Female","Domestic Short Hair",8.4666
"Male","Domestic Short Hair",7.361
"Male","Domestic Long Hair",13.158
"Male","Domestic Long Hair",8.3065
"Male","Domestic Medium Hair",9.2138
"Male","Domestic Short Hair",8.3785
"Female","Domestic Medium Hair",11.7204
"Female","Domestic Short Hair",9.1458
"Female","Domestic Short Hair",8.2653
"Female","Domestic Medium Hair",11.1546
"Female","Domestic Short Hair",7.4771
"Male","Domestic Medium Hair",10.4506
"Female","Domestic Medium Hair",10.8989
"Male","Domestic Medium Hair",10.132
"Male","Domestic Medium Hair",10.827
"Female","Domestic Medium Hair",8.3603
"Female","Domestic Long Hair",8.5817
"Male","Domestic Medium Hair",11.3395
"Male","Domestic Long Hair",11.1735
"Female","Domestic Medium Hair",10.0132
"Male","Domestic Short Hair",9.778
"Male","Domestic Long Hair",12.0961
"Male","Domestic Long Hair",9.4246
"Male","Domestic Long Hair",11.3524
"Female","Domestic Long Hair",10.4629
"Female","Domestic Medium Hair",10.8056
"Female","Domestic Short Hair",8.7272
"Male","Domestic Short Hair",9.8554
"Male","Domestic Medium Hair",10.5108
"Female","Domestic Medium Hair",10.771
"Female","Domestic Medium Hair",8.1217
"Female","Domestic Medium Hair",11.3227
"Male","Domestic Long Hair",10.5332
"Male","Domestic Medium Hair",10.9495
"Female","Domestic Long Hair",11.474
"Female","Domestic Short Hair",6.7393
"Female","Domestic Short Hair",8.296
"Male","Domestic Long Hair",11.3828
"Female","Domestic Medium Hair",10.5785
"Male","Domestic Medium Hair",9.7773
"Male","Domestic Short Hair",9.3617
"Male","Domestic Long Hair",11.2407
"Female","Domestic Short Hair",8.4804
"Male","Domestic Short Hair",9.582
"Male","Domestic Medium Hair",10.4251
"Male","Domestic Short Hair",8.5565
"Male","Domestic Long Hair",11.1281
"Female","Domestic Long Hair",11.0473
"Male","Domestic Long Hair",10.609
"Female","Domestic Long Hair",9.7948
"Female","Domestic Medium Hair",9.4406
"Male","Domestic Long Hair",11.2225
"Female","Domestic Long Hair",11.5319
"Male","Domestic Short Hair",8.7734
"Female","Domestic Short Hair",9.5555
"Male","Domestic Medium Hair",9.6143
"Female","Domestic Long Hair",9.6176
"Male","Domestic Short Hair",9.0097
"Female","Domestic Long Hair",11.0092
"Male","Domestic Long Hair",11.9297
"Female","Domestic Medium Hair",9.5182
"Male","Domestic Long Hair",10.214
"Female","Domestic Medium Hair",8.101
"Female","Domestic Long Hair",10.9677
"Male","Domestic Long Hair",11.5027
"Female","Domestic Short Hair",7.0446
"Female","Domestic Medium Hair",10.2506
"Male","Domestic Short Hair",8.6879
"Female","Domestic Long Hair",10.9826
"Female","Domestic Medium Hair",9.0736
"Male","Domestic Short Hair",8.8522
"Female","Domestic Long Hair",10.1363
"Female","Domestic Short Hair",7.8874
"Male","Domestic Medium Hair",8.8546
"Female","Domestic Long Hair",10.4788
"Female","Domestic Long Hair",10.8203
"Male","Domestic Long Hair",12.5335
"Female","Domestic Short Hair",5.3092
"Male","Domestic Medium Hair",10.636
"Female","Domestic Long Hair",9.4689
"Male","Domestic Long Hair",10.704
"Female","Domestic Short Hair",8.5641
"Male","Domestic Medium Hair",10.4821
"Male","Domestic Long Hair",13.2018
"Male","Domestic Long Hair",10.3779
"Female","Domestic Medium Hair",7.8413
"Male","Domestic Medium Hair",10.2516
"Female","Domestic Long Hair",10.3455
"Female","Domestic Medium Hair",8.4412
"Female","Domestic Short Hair",8.6523
"Male","Domestic Medium Hair",10.4257
"Female","Domestic Short Hair",9.2687
"Female","Domestic Long Hair",9.1131
"Female","Domestic Medium Hair",9.3683
"Female","Domestic Short Hair",8.7622
"Male","Domestic Short Hair",10.2365
"Male","Domestic Medium Hair",10.8826
"Female","Domestic Long Hair",11.2279
"Male","Domestic Long Hair",10.5021
"Female","Domestic Long Hair",9.1797
"Male","Domestic Medium Hair",10.0569
"Female","Domestic Short Hair",9.845
"Male","Domestic Short Hair",10.4959
"Female","Domestic Medium Hair",8.004
"Female","Domestic Short Hair",9.4322
"Male","Domestic Short Hair",9.4842
"Female","Domestic Medium Hair",6.8275
"Female","Domestic Short Hair",10.1635
"Male","Domestic Long Hair",10.4446
"Female","Domestic Long Hair",9.3447
"Male","Domestic Long Hair",9.8074
"Male","Domestic Long Hair",12.0377
"Male","Domestic Long Hair",10.3273
"Male","Domestic Medium Hair",8.3458
"Female","Domestic Short Hair",5.709
"Female","Domestic Medium Hair",10.885
"Female","Domestic Medium Hair",9.5617
"Male","Domestic Medium Hair",9.7015
"Female","Domestic Medium Hair",10.9001
"Female","Domestic Medium Hair",9.115
"Female","Domestic Medium Hair",8.8484
"Female","Domestic Medium Hair",10.2219
"Female","Domestic Short Hair",9.7237
"Female","Domestic Short Hair",7.4938
"Female","Domestic Medium Hair",12.149
"Male","Domestic Medium Hair",10.8212
"Female","Domestic Short Hair",7.8597
"Male","Domestic Short Hair",8.6533
"Male","Domestic Long Hair",12.221
"Female","Domestic Medium Hair",11.1594
"Male","Domestic Long Hair",11.4978
"Male","Domestic Short Hair",9.524
"Male","Domestic Medium Hair",10.484
"Male","Domestic Medium Hair",10.072
"Female","Domestic Short Hair",8.1372
"Male","Domestic Long Hair",11.4629
"Male","Domestic Short Hair",9.9387
"Female","Domestic Short Hair",7.0309
"Female","Domestic Long Hair",10.4514
"Male","Domestic Short Hair",7.9411
"Female","Domestic Short Hair",7.6233
"Female","Domestic Medium Hair",10.06
"Female","Domestic Short Hair",8.5995
"Female","Domestic Long Hair",9.2822
"Female","Domestic Medium Hair",8.9555
"Female","Domestic Short Hair",8.4877
"Female","Domestic Short Hair",9.0752
"Female","Domestic Medium Hair",9.6303
"Male","Domestic Long Hair",9.368
"Female","Domestic Long Hair",8.8732
"Male","Domestic Long Hair",10.7324
"Female","Domestic Medium Hair",8.9777
"Female","Domestic Short Hair",8.8741
"Female","Domestic Medium Hair",7.3279
"Male","Domestic Medium Hair",11.3187
"Male","Domestic Long Hair",12.9006
"Female","Domestic Long Hair",10.7658
"Male","Domestic Long Hair",9.9272
"Female","Domestic Medium Hair",10.209
"Female","Domestic Short Hair",7.2711
"Male","Domestic Short Hair",8.9551
"Male","Domestic Long Hair",10.7266
"Male","Domestic Short Hair",9.8034
"Female","Domestic Short Hair",10.0883
"Female","Domestic Short Hair",8.127
"Female","Domestic Short Hair",9.3427
"Female","Domestic Short Hair",7.6306
"Male","Domestic Long Hair",9.1717
"Male","Domestic Short Hair",9.9197
"Female","Domestic Short Hair",8.0114
"Female","Domestic Short Hair",10.1531
"Male","Domestic Short Hair",8.5608
"Female","Domestic Medium Hair",9.9141
"Female","Domestic Long Hair",10.3853
"Male","Domestic Long Hair",10.0285
"Male","Domestic Short Hair",9.277
"Female","Domestic Short Hair",9.6663
"Male","Domestic Short Hair",8.056
"Male","Domestic Medium Hair",10.541
"Female","Domestic Medium Hair",10.2777
"Female","Domestic Long Hair",10.8342
"Female","Domestic Medium Hair",7.9912
"Female","Domestic Short Hair",9.1396
"Female","Domestic Medium Hair",10.7461
"Male","Domestic Short Hair",9.7463
"Female","Domestic Short Hair",9.5831
"Male","Domestic Medium Hair",10.288
"Female","Domestic Medium Hair",10.6924
"Male","Domestic Long Hair",11.8411
"Male","Domestic Medium Hair",10.0731
"Male","Domestic Medium Hair",8.3056
"Male","Domestic Medium Hair",9.9503
"Male","Domestic Short Hair",11.3635
"Male","Domestic Medium Hair",9.562
"Female","Domestic Long Hair",12.2805
"Female","Domestic Short Hair",11.094
"Male","Domestic Medium Hair",9.888
"Female","Domestic Short Hair",6.1597
"Female","Domestic Short Hair",7.3311
"Male","Domestic Medium Hair",9.6242
"Female","Domestic Short Hair",8.8431
"Male","Domestic Short Hair",11.5158
"Male","Domestic Short Hair",8.8739
"Female","Domestic Short Hair",9.845
"Female","Domestic Medium Hair",10.1936
"Female","Domestic Long Hair",11.4511
"Female","Domestic Short Hair",9.5796
"Female","Domestic Medium Hair",10.1374
"Female","Domestic Short Hair",8.6232
"Female","Domestic Medium Hair",9.2411
"Male","Domestic Short Hair",8.5826
"Female","Domestic Long Hair",8.2402
"Female","Domestic Long Hair",10.237
"Female","Domestic Short Hair",9.7425
"Female","Domestic Short Hair",7.8583
"Female","Domestic Medium Hair",10.3151
"Female","Domestic Short Hair",8.7001
"Female","Domestic Short Hair",8.5661
"Male","Domestic Long Hair",9.9231
"Male","Domestic Short Hair",8.7491
"Male","Domestic Short Hair",8.769
"Female","Domestic Medium Hair",9.9775
"Female","Domestic Long Hair",11.0031
"Male","Domestic Long Hair",10.9134
"Male","Domestic Medium Hair",10.1558
"Male","Domestic Long Hair",10.9295
"Male","Domestic Medium Hair",10.787
"Female","Domestic Medium Hair",9.1195
"Male","Domestic Long Hair",11.67
"Female","Domestic Long Hair",8.5986
"Female","Domestic Medium Hair",9.2657
"Male","Domestic Medium Hair",8.944
"Male","Domestic Medium Hair",9.9309
"Male","Domestic Long Hair",9.6396
"Female","Domestic Medium Hair",9.119
"Male","Domestic Long Hair",9.8524
"Female","Domestic Short Hair",9.9124
"Female","Domestic Medium Hair",9.8931
"Female","Domestic Short Hair",9.3068
"Female","Domestic Long Hair",10.5895
"Female","Domestic Short Hair",7.8763
"Female","Domestic Long Hair",8.7729
"Male","Domestic Long Hair",12.8058
"Female","Domestic Medium Hair",10.3693
"Male","Domestic Medium Hair",10.9892
"Female","Domestic Long Hair",9.9052
"Female","Domestic Medium Hair",9.9776
"Male","Domestic Medium Hair",9.8059
"Female","Domestic Short Hair",7.7519
"Male","Domestic Short Hair",9.5899
"Female","Domestic Medium Hair",11.1669
"Female","Domestic Short Hair",8.5446
"Male","Domestic Short Hair",9.6061
"Male","Domestic Medium Hair",9.3302
"Female","Domestic Long Hair",10.4279
"Female","Domestic Medium Hair",7.6464
"Female","Domestic Short Hair",9.7155
"Female","Domestic Short Hair",8.2657
"Female","Domestic Medium Hair",9.9788
"Male","Domestic Short Hair",10.7485
"Male","Domestic Short Hair",8.7752
"Male","Domestic Long Hair",11.4218
"Female","Domestic Short Hair",7.3285
"Female","Domestic Short Hair",8.6882
"Male","Domestic Short Hair",8.4225
"Female","Domestic Medium Hair",12.0783
"Male","Domestic Short Hair",10.2781
"Female","Domestic Short Hair",7.7334
"Male","Domestic Short Hair",10.3061
"Female","Domestic Short Hair",7.9365
"Male","Domestic Short Hair",8.9472
"Male","Domestic Medium Hair",9.0804
"Female","Domestic Long Hair",9.1709
"Male","Domestic Short Hair",8.1678
"Female","Domestic Short Hair",8.6258
"Female","Domestic Short Hair",8.1405
"Female","Domestic Medium Hair",10.1098
"Female","Domestic Medium Hair",7.9961
"Female","Domestic Medium Hair",11.5166
"Female","Domestic Long Hair",9.254
"Male","Domestic Medium Hair",10.9958
"Female","Domestic Long Hair",11.7724
"Male","Domestic Medium Hair",11.6432
"Female","Domestic Long Hair",9.9983
"Female","Domestic Medium Hair",9.5708
"Female","Domestic Medium Hair",10.585
"Female","Domestic Long Hair",12.1132
"Female","Domestic Short Hair",8.1819
"Female","Domestic Medium Hair",9.2362
"Female","Domestic Medium Hair",9.8029
"Male","Domestic Short Hair",8.5536
"Female","Domestic Short Hair",8.8047
"Male","Domestic Long Hair",11.6602
"Male","Domestic Long Hair",10.3885
"Male","Domestic Short Hair",9.417
"Female","Domestic Long Hair",10.0087
"Female","Domestic Medium Hair",10.1204
"Female","Domestic Long Hair",9.9058
"Male","Domestic Long Hair",10.6892
"Female","Domestic Long Hair",8.0415
"Female","Domestic Medium Hair",10.3446
"Male","Domestic Short Hair",9.3502
"Male","Domestic Medium Hair",9.6599
"Female","Domestic Short Hair",9.0465
"Female","Domestic Long Hair",10.3673
"Female","Domestic Medium Hair",8.5423
"Female","Domestic Medium Hair",9.6119
"Male","Domestic Short Hair",7.3753
"Male","Domestic Short Hair",10.3442
"Female","Domestic Medium Hair",10.5757
"Male","Domestic Long Hair",9.2013
"Male","Domestic Long Hair",9.0859
"Female","Domestic Medium Hair",9.4162
"Male","Domestic Long Hair",10.596
"Female","Domestic Short Hair",11.1338
"Female","Domestic Long Hair",10.9275
"Female","Domestic Medium Hair",9.1703
"Male","Domestic Medium Hair",12.7676
"Female","Domestic Short Hair",7.1762
"Female","Domestic Long Hair",10.2219
"Male","Domestic Medium Hair",10.1456
"Male","Domestic Long Hair",9.6835
"Female","Domestic Long Hair",10.7878
"Female","Domestic Medium Hair",8.874
"Male","Domestic Long Hair",11.0373
"Male","Domestic Long Hair",14.988
"Male","Domestic Long Hair",10.8755
"Male","Domestic Short Hair",9.8269
"Female","Domestic Short Hair",8.5296
"Male","Domestic Medium Hair",9.145
"Male","Domestic Short Hair",9.1117
"Male","Domestic Short Hair",11.0374
"Male","Domestic Medium Hair",7.9846
"Male","Domestic Medium Hair",9.8886
"Female","Domestic Short Hair",6.77
"Male","Domestic Short Hair",9.0293
"Female","Domestic Short Hair",7.9285
"Male","Domestic Short Hair",9.2135
"Male","Domestic Short Hair",8.3435
"Female","Domestic Medium Hair",10.6142
"Female","Domestic Short Hair",8.0902
"Female","Domestic Long Hair",8.8002
"Female","Domestic Short Hair",9.4693
"Female","Domestic Long Hair",8.9361
"Female","Domestic Short Hair",8.136
"Male","Domestic Long Hair",10.2415
"Female","Domestic Short Hair",7.8091
"Male","Domestic Medium Hair",10.1484
"Female","Domestic Short Hair",9.3712
"Male","Domestic Short Hair",8.4983
"Female","Domestic Short Hair",7.4517
"Male","Domestic Medium Hair",9.4036
"Female","Domestic Medium Hair",10.6947
"Male","Domestic Long Hair",12.4186
"Male","Domestic Medium Hair",9.41
"Male","Domestic Long Hair",12.0852
"Female","Domestic Short Hair",7.7854
"Male","Domestic Medium Hair",10.0535
"Female","Domestic Medium Hair",9.8639
"Male","Domestic Short Hair",7.3614
"Female","Domestic Long Hair",11.0305
"Male","Domestic Medium Hair",10.8101
"Male","Domestic Short Hair",8.5777
"Female","Domestic Medium Hair",11.2984
"Male","Domestic Long Hair",11.8949
"Male","Domestic Long Hair",11.3609
"Male","Domestic Short Hair",9.3546
"Male","Domestic Long Hair",10.3413
"Male","Domestic Long Hair",11.7227
"Female","Domestic Short Hair",7.9464
"Male","Domestic Medium Hair",10.283
"Male","Domestic Long Hair",10.6937
"Male","Domestic Short Hair",11.5777
"Female","Domestic Short Hair",9.2441
"Female","Domestic Long Hair",10.5906
"Female","Domestic Medium Hair",10.3115
"Female","Domestic Short Hair",9.1206
"Female","Domestic Short Hair",9.5022
"Male","Domestic Long Hair",11.3466
"Male","Domestic Long Hair",11.3603
"Female","Domestic Long Hair",10.7106
"Male","Domestic Long Hair",10.864
"Female","Domestic Long Hair",10.6625
"Male","Domestic Medium Hair",10.6027
"Female","Domestic Short Hair",7.8794
"Male","Domestic Medium Hair",10.4067
"Male","Domestic Short Hair",8.581
"Female","Domestic Long Hair",9.2856
"Female","Domestic Long Hair",10.1005
"Female","Domestic Short Hair",8.1135
"Male","Domestic Short Hair",9.8715
"Female","Domestic Long Hair",9.4928
"Female","Domestic Medium Hair",8.7349
"Female","Domestic Medium Hair",8.6337
"Female","Domestic Long Hair",9.4156
"Male","Domestic Medium Hair",10.7206
"Female","Domestic Long Hair",8.7217
"Male","Domestic Medium Hair",11.9105
"Female","Domestic Short Hair",8.8908
"Male","Domestic Short Hair",7.6781
"Male","Domestic Short Hair",8.8572
"Male","Domestic Medium Hair",10.1291
"Female","Domestic Short Hair",7.7825
"Female","Domestic Long Hair",9.2579
"Male","Domestic Long Hair",10.2974
"Male","Domestic Long Hair",11.8552
"Female","Domestic Medium Hair",10.7725
"Female","Domestic Medium Hair",11.5644
"Male","Domestic Medium Hair",10.2336
"Male","Domestic Long Hair",11.5343
"Female","Domestic Medium Hair",9.7949
"Male","Domestic Long Hair",10.2376
"Male","Domestic Short Hair",8.6269
"Female","Domestic Medium Hair",10.5521
"Male","Domestic Short Hair",9.4928
"Male","Domestic Long Hair",11.711
"Male","Domestic Short Hair",9.6134
"Female","Domestic Long Hair",10.343
"Male","Domestic Medium Hair",10.5727
"Male","Domestic Long Hair",12.5582
"Female","Domestic Medium Hair",10.9217
"Female","Domestic Medium Hair",10.2673
"Female","Domestic Long Hair",10.4764
"Male","Domestic Short Hair",9.8096
"Male","Domestic Short Hair",10.1181
"Male","Domestic Short Hair",9.0345
"Male","Domestic Short Hair",9.3599
"Female","Domestic Long Hair",9.72
"Male","Domestic Short Hair",8.3637
"Male","Domestic Short Hair",8.4487
"Female","Domestic Short Hair",8.8876
"Female","Domestic Short Hair",7.0559
"Male","Domestic Long Hair",11.2773
"Female","Domestic Long Hair",11.7367
"Female","Domestic Short Hair",9.681
"Female","Domestic Short Hair",8.8913
"Female","Domestic Short Hair",7.9705
"Female","Domestic Long Hair",10.019
"Female","Domestic Long Hair",10.1545
"Female","Domestic Short Hair",7.9154
"Female","Domestic Medium Hair",8.4305
"Female","Domestic Long Hair",10.6889
"Female","Domestic Short Hair",8.2844
"Female","Domestic Short Hair",7.5756
"Male","Domestic Long Hair",11.5973
"Male","Domestic Medium Hair",9.2865
"Female","Domestic Short Hair",8.8587
"Female","Domestic Long Hair",11.3827
"Male","Domestic Long Hair",10.0793
"Female","Domestic Medium Hair",8.4877
"Male","Domestic Long Hair",10.7188
"Female","Domestic Medium Hair",10.1269
"Male","Domestic Long Hair",10.6202
"Male","Domestic Short Hair",6.6662
"Male","Domestic Short Hair",9.3573
"Female","Domestic Short Hair",7.8002
"Male","Domestic Medium Hair",9.7374
"Female","Domestic Medium Hair",11.0488
"Male","Domestic Long Hair",10.2345
"Male","Domestic Short Hair",8.0102
"Female","Domestic Short Hair",7.1163
"Female","Domestic Short Hair",8.4788
"Male","Domestic Short Hair",8.952
"Female","Domestic Short Hair",10.8804
"Female","Domestic Long Hair",8.4768
"Male","Domestic Long Hair",11.0737
"Male","Domestic Medium Hair",10.8718
"Female","Domestic Short Hair",7.5279
"Male","Domestic Long Hair",11.3036
"Female","Domestic Medium Hair",11.5578
"Male","Domestic Short Hair",10.9659
"Female","Domestic Medium Hair",10.507
"Female","Domestic Medium Hair",9.4174
"Female","Domestic Medium Hair",10.0653
"Female","Domestic Short Hair",7.9169
"Female","Domestic Long Hair",9.8527
"Male","Domestic Short Hair",9.6517
"Male","Domestic Medium Hair",9.6056
"Female","Domestic Short Hair",8.6738
"Female","Domestic Medium Hair",10.37
"Male","Domestic Long Hair",10.0922
"Male","Domestic Short Hair",8.7605
"Male","Domestic Short Hair",8.6792
"Female","Domestic Short Hair",9.4736
"Female","Domestic Long Hair",9.4993
"Male","Domestic Medium Hair",11.6711
"Female","Domestic Short Hair",6.5839
"Male","Domestic Medium Hair",9.4137
"Male","Domestic Long Hair",10.3044
"Male","Domestic Short Hair",8.0482
"Female","Domestic Medium Hair",10.9856
"Male","Domestic Medium Hair",11.3877
"Male","Domestic Medium Hair",10.6213
"Female","Domestic Short Hair",8.0717
"Female","Domestic Long Hair",9.2049
"Female","Domestic Medium Hair",8.9426
"Male","Domestic Medium Hair",10.2074
"Female","Domestic Short Hair",8.8921
"Male","Domestic Medium Hair",9.4054
"Female","Domestic Long Hair",11.1528
"Male","Domestic Long Hair",10.3859
"Female","Domestic Short Hair",7.2461
"Female","Domestic Short Hair",9.9125
"Female","Domestic Short Hair",8.5606
"Male","Domestic Short Hair",9.5233
"Male","Domestic Medium Hair",10.0932
"Male","Domestic Short Hair",8.2975
"Female","Domestic Medium Hair",9.1835
"Female","Domestic Long Hair",10.5174
"Female","Domestic Short Hair",8.876
"Female","Domestic Medium Hair",10.7555
"Female","Domestic Medium Hair",9.6881
"Female","Domestic Long Hair",10.6819
"Female","Domestic Long Hair",9.3713
"Female","Domestic Medium Hair",11.1293
"Female","Domestic Short Hair",7.887
"Female","Domestic Long Hair",9.3516
"Male","Domestic Medium Hair",7.6335
"Female","Domestic Medium Hair",10.2289
"Male","Domestic Long Hair",10.6372
"Male","Domestic Short Hair",7.5738
"Female","Domestic Medium Hair",9.652
"Female","Domestic Long Hair",11.2821
"Male","Domestic Medium Hair",11.6714
"Male","Domestic Long Hair",12.5904
"Male","Domestic Medium Hair",11.6303
"Male","Domestic Short Hair",10.1913
"Female","Domestic Medium Hair",9.7258
"Male","Domestic Long Hair",10.5357
"Female","Domestic Medium Hair",9.6464
"Female","Domestic Medium Hair",8.8693
"Male","Domestic Short Hair",9.1004
"Male","Domestic Medium Hair",9.5443
"Female","Domestic Medium Hair",9.365
"Male","Domestic Short Hair",9.4189
"Male","Domestic Medium Hair",9.852
"Female","Domestic Short Hair",6.8314
"Female","Domestic Medium Hair",8.2322
"Male","Domestic Short Hair",8.1691
"Female","Domestic Short Hair",8.5355
"Female","Domestic Long Hair",10.191
"Male","Domestic Short Hair",7.4852
"Female","Domestic Short Hair",9.2981
"Female","Domestic Medium Hair",8.1154
"Female","Domestic Short Hair",8.5849
"Male","Domestic Short Hair",8.3236
"Female","Domestic Short Hair",8.3997
"Female","Domestic Long Hair",12.0735
"Female","Domestic Short Hair",7.6582
"Male","Domestic Medium Hair",9.8603
"Female","Domestic Short Hair",9.1003
"Male","Domestic Medium Hair",9.8329
"Male","Domestic Long Hair",12.9379
"Male","Domestic Long Hair",12.3508
"Male","Domestic Short Hair",8.0024
"Female","Domestic Medium Hair",10.7942
"Male","Domestic Medium Hair",9.5495
"Male","Domestic Short Hair",9.5547
"Female","Domestic Short Hair",9.1114
"Male","Domestic Short Hair",7.8503
"Male","Domestic Medium Hair",10.8806
"Male","Domestic Long Hair",12.7888
"Male","Domestic Long Hair",11.9717
"Female","Domestic Short Hair",8.2572
"Male","Domestic Medium Hair",10.6436
"Male","Domestic Medium Hair",9.0047
"Female","Domestic Long Hair",11.6472
"Male","Domestic Short Hair",9.0193
"Female","Domestic Medium Hair",9.2325
"Male","Domestic Long Hair",11.2956
"Male","Domestic Short Hair",9.2494
"Female","Domestic Short Hair",7.8473
"Female","Domestic Medium Hair",10.0222
"Female","Domestic Short Hair",8.9127
"Male","Domestic Long Hair",11.2594
"Female","Domestic Short Hair",10.1844
"Female","Domestic Medium Hair",9.3865
"Male","Domestic Medium Hair",10.25
"Female","Domestic Medium Hair",10.7784
"Female","Domestic Medium Hair",10.4177
"Male","Domestic Short Hair",8.3357
"Male","Domestic Long Hair",10.9092
"Male","Domestic Short Hair",9.2916
"Female","Domestic Long Hair",10.5086
"Male","Domestic Long Hair",10.6239
"Male","Domestic Long Hair",9.8229
"Female","Domestic Short Hair",10.6852
"Male","Domestic Short Hair",9.8902
"Female","Domestic Short Hair",8.1398
"Male","Domestic Short Hair",7.7146
"Male","Domestic Short Hair",8.9699
"Female","Domestic Medium Hair",11.3319
"Male","Domestic Long Hair",11.2495
"Female","Domestic Short Hair",9.7235
"Male","Domestic Long Hair",10.3767
"Male","Domestic Long Hair",10.5105
"Male","Domestic Short Hair",10.2933
"Male","Domestic Long Hair",10.5438
"Female","Domestic Short Hair",8.7607
"Male","Domestic Medium Hair",11.3298
"Female","Domestic Short Hair",7.1118
"Female","Domestic Short Hair",7.7857
"Male","Domestic Long Hair",12.5147
"Female","Domestic Short Hair",7.5612
"Male","Domestic Long Hair",9.924
"Female","Domestic Medium Hair",9.2809
"Male","Domestic Long Hair",11.514
"Female","Domestic Short Hair",7.5333
"Male","Domestic Long Hair",11.1672
"Female","Domestic Short Hair",8.8079
"Male","Domestic Long Hair",11.5819
"Male","Domestic Long Hair",11.8278
"Male","Domestic Short Hair",9.645
"Male","Domestic Short Hair",8.334
"Female","Domestic Short Hair",9.4794
"Female","Domestic Short Hair",7.7837
"Female","Domestic Medium Hair",10.4347
"Male","Domestic Medium Hair",9.5927
"Male","Domestic Short Hair",9.6757
"Female","Domestic Long Hair",10.2656
"Male","Domestic Short Hair",9.1498
"Female","Domestic Short Hair",8.1576
"Female","Domestic Long Hair",10.4357
"Male","Domestic Medium Hair",9.6694
"Female","Domestic Short Hair",10.1026
"Female","Domestic Long Hair",9.8015
"Male","Domestic Long Hair",11.5304
"Female","Domestic Long Hair",11.0054
"Female","Domestic Medium Hair",10.8303
"Female","Domestic Long Hair",10.1774
"Female","Domestic Short Hair",8.059
"Male","Domestic Long Hair",10.0954
"Male","Domestic Medium Hair",10.6126
"Male","Domestic Medium Hair",8.8953
"Female","Domestic Medium Hair",10.7617
"Female","Domestic Long Hair",10.7423
"Male","Domestic Short Hair",9.769
"Male","Domestic Short Hair",8.6452
"Female","Domestic Medium Hair",10.5285
"Male","Domestic Short Hair",9.2897
"Male","Domestic Short Hair",8.1779
"Female","Domestic Medium Hair",10.053
"Male","Domestic Medium Hair",10.0625
"Female","Domestic Short Hair",6.6807
"Female","Domestic Long Hair",10.0355
"Female","Domestic Medium Hair",10.6019
"Female","Domestic Short Hair",10.2329
"Male","Domestic Short Hair",8.6926
"Male","Domestic Long Hair",11.3782
"Male","Domestic Long Hair",11.8389
"Male","Domestic Long Hair",11.5427
"Female","Domestic Short Hair",8.6887
"Female","Domestic Short Hair",6.6469
"Female","Domestic Long Hair",11.0568
"Female","Domestic Medium Hair",9.0218
"Male","Domestic Long Hair",11.7157
"Female","Domestic Short Hair",8.6703
"Female","Domestic Medium Hair",8.846
"Male","Domestic Long Hair",9.9021
"Female","Domestic Medium Hair",9.5323
"Male","Domestic Medium Hair",10.3306
"Male","Domestic Short Hair",10.9
"Female","Domestic Long Hair",8.6106
"Male","Domestic Short Hair",9.9486
"Female","Domestic Short Hair",7.5426
"Male","Domestic Medium Hair",9.0786
"Male","Domestic Long Hair",10.3171
"Female","Domestic Short Hair",9.1739
"Female","Domestic Short Hair",9.0561
"Male","Domestic Long Hair",9.4422
"Female","Domestic Long Hair",9.0696
"Female","Domestic Short Hair",7.894
"Male","Domestic Long Hair",11.8655
"Female","Domestic Short Hair",8.2836
"Female","Domestic Short Hair",6.6738
"Male","Domestic Long Hair",9.8629
"Male","Domestic Short Hair",8.8078
"Female","Domestic Short Hair",7.4127
"Male","Domestic Medium Hair",11.8726
"Male","Domestic Long Hair",11.0011
"Female","Domestic Medium Hair",11.9281
"Male","Domestic Short Hair",10.2646
"Female","Domestic Short Hair",9.4682
"Male","Domestic Medium Hair",10.6098
"Male","Domestic Short Hair",9.8813
"Female","Domestic Long Hair",10.1019
"Female","Domestic Medium Hair",10.4175
"Female","Domestic Long Hair",9.6276
"Female","Domestic Short Hair",7.0921
"Male","Domestic Short Hair",9.6537
"Male","Domestic Medium Hair",10.3371
"Female","Domestic Long Hair",8.8351
"Male","Domestic Long Hair",11.9248
"Female","Domestic Short Hair",7.9654
"Male","Domestic Long Hair",10.0156
"Female","Domestic Long Hair",10.7949
"Female","Domestic Medium Hair",9.8379
"Male","Domestic Long Hair",10.2442
"Female","Domestic Medium Hair",7.8072
"Female","Domestic Short Hair",8.3479
"Male","Domestic Long Hair",12.128
"Male","Domestic Short Hair",9.4815
"Male","Domestic Short Hair",9.3481
"Male","Domestic Short Hair",8.8193
"Male","Domestic Long Hair",11.3988
"Male","Domestic Short Hair",7.8481
"Female","Domestic Long Hair",9.6886
"Male","Domestic Short Hair",10.9655
"Female","Domestic Medium Hair",11.1393
"Female","Domestic Short Hair",7.1858
"Male","Domestic Long Hair",10.552
"Female","Domestic Medium Hair",9.5365
"Female","Domestic Long Hair",8.6964
"Male","Domestic Short Hair",9.7993
"Female","Domestic Long Hair",8.9612
"Female","Domestic Short Hair",7.5368
"Female","Domestic Medium Hair",9.4644
"Male","Domestic Short Hair",8.8836
"Female","Domestic Medium Hair",8.9115
"Female","Domestic Short Hair",8.5757
"Female","Domestic Long Hair",9.0177
"Female","Domestic Long Hair",9.8132
"Female","Domestic Long Hair",10.7236
"Female","Domestic Medium Hair",10.0279
"Male","Domestic Short Hair",7.3844
"Female","Domestic Medium Hair",10.5823
"Male","Domestic Medium Hair",9.8512
"Female","Domestic Short Hair",9.6318
"Male","Domestic Short Hair",10.4414
"Female","Domestic Short Hair",7.7148
"Female","Domestic Short Hair",9.1798
"Female","Domestic Short Hair",9.2674
"Male","Domestic Long Hair",11.9198
"Male","Domestic Short Hair",7.6542
"Male","Domestic Short Hair",10.5723
"Male","Domestic Short Hair",9.006
"Male","Domestic Short Hair",8.0487
"Female","Domestic Medium Hair",9.0541
"Female","Domestic Short Hair",8.7325
"Male","Domestic Short Hair",7.5637
"Male","Domestic Medium Hair",7.9462
"Female","Domestic Short Hair",7.7017
"Female","Domestic Short Hair",8.669
"Male","Domestic Medium Hair",10.7015
"Male","Domestic Medium Hair",11.2243
"Female","Domestic Short Hair",8.745
"Female","Domestic Short Hair",8.9295
"Female","Domestic Short Hair",7.9983
"Female","Domestic Short Hair",5.2729
"Male","Domestic Long Hair",10.4893
"Female","Domestic Medium Hair",10.3613
"Female","Domestic Short Hair",9.6093
"Male","Domestic Long Hair",11.3096
"Female","Domestic Short Hair",10.2951
"Female","Domestic Short Hair",8.6827
"Male","Domestic Long Hair",11.4729
"Male","Domestic Short Hair",8.984
"Female","Domestic Short Hair",8.3854
"Male","Domestic Medium Hair",9.9897
"Female","Domestic Medium Hair",9.9506
"Female","Domestic Long Hair",11.0122
"Female","Domestic Long Hair",9.954
"Male","Domestic Long Hair",10.6029
"Male","Domestic Long Hair",10.497
"Female","Domestic Medium Hair",9.8659
"Female","Domestic Medium Hair",10.8356
"Male","Domestic Long Hair",9.7287
"Female","Domestic Medium Hair",7.9319
"Female","Domestic Short Hair",8.6992
"Female","Domestic Medium Hair",9.0326
"Female","Domestic Medium Hair",9.9203
"Male","Domestic Medium Hair",9.0452
"Female","Domestic Short Hair",7.5978
"Female","Domestic Medium Hair",9.5735
"Male","Domestic Medium Hair",9.3071
"Female","Domestic Medium Hair",8.6812
"Female","Domestic Short Hair",10.398
"Male","Domestic Short Hair",8.86
"Female","Domestic Long Hair",9.8527
"Female","Domestic Medium Hair",7.5969
"Male","Domestic Long Hair",11.884
"Male","Domestic Short Hair",8.8451
"Female","Domestic Short Hair",6.9967
"Male","Domestic Medium Hair",10.4108
"Female","Domestic Short Hair",9.093
"Male","Domestic Short Hair",7.9087
"Male","Domestic Long Hair",11.1787
"Male","Domestic Short Hair",10.1264
"Male","Domestic Medium Hair",9.9158
"Female","Domestic Short Hair",7.621
"Female","Domestic Medium Hair",9.1718
"Male","Domestic Medium Hair",9.7326
"Male","Domestic Short Hair",8.8704
"Male","Domestic Medium Hair",10.2644
"Male","Domestic Short Hair",8.5825
"Female","Domestic Short Hair",9.5483
"Female","Domestic Medium Hair",10.7244
"Male","Domestic Short Hair",9.1507
"Male","Domestic Long Hair",11.1951
"Female","Domestic Medium Hair",8.6857
"Male","Domestic Short Hair",9.3254
"Male","Domestic Medium Hair",9.8155
"Female","Domestic Long Hair",9.5674
"Male","Domestic Medium Hair",10.2994
"Male","Domestic Short Hair",7.1666
"Female","Domestic Medium Hair",10.6218
"Male","Domestic Long Hair",9.9642
"Female","Domestic Medium Hair",9.051
"Male","Domestic Short Hair",9.025
"Female","Domestic Medium Hair",10.0233
"Male","Domestic Medium Hair",10.3211
"Female","Domestic Short Hair",9.5048
"Female","Domestic Medium Hair",10.2547
"Male","Domestic Short Hair",9.4721
"Female","Domestic Short Hair",8.6492
"Male","Domestic Short Hair",9.5489
"Female","Domestic Long Hair",10.6003
"Male","Domestic Short Hair",9.9842
"Female","Domestic Long Hair",9.13
"Female","Domestic Long Hair",10.7239
"Male","Domestic Short Hair",7.6888
"Male","Domestic Long Hair",11.3742
"Male","Domestic Short Hair",8.4461
"Female","Domestic Short Hair",8.2739
"Female","Domestic Short Hair",8.3771
"Male","Domestic Long Hair",11.7257
"Male","Domestic Long Hair",10.9055
"Male","Domestic Long Hair",8.3477
"Male","Domestic Long Hair",12.8793
"Male","Domestic Long Hair",10.7568
"Female","Domestic Short Hair",9.6366
"Female","Domestic Short Hair",8.5948
"Male","Domestic Long Hair",10.0865
"Female","Domestic Medium Hair",8.6753
"Male","Domestic Short Hair",7.8827
"Male","Domestic Long Hair",11.9983
"Female","Domestic Medium Hair",9.2485
"Female","Domestic Short Hair",8.2087
"Female","Domestic Long Hair",9.6528
"Male","Domestic Short Hair",7.3073
"Female","Domestic Medium Hair",8.7314
"Male","Domestic Medium Hair",10.4218
"Female","Domestic Long Hair",10.2994
"Female","Domestic Short Hair",7.9414
"Male","Domestic Long Hair",11.8246
"Female","Domestic Medium Hair",10.479
"Male","Domestic Short Hair",9.6353
"Female","Domestic Medium Hair",9.0419
"Male","Domestic Medium Hair",9.5174
"Male","Domestic Medium Hair",9.8414
"Female","Domestic Medium Hair",7.1751
"Female","Domestic Medium Hair",8.9183
"Male","Domestic Medium Hair",9.73
"Female","Domestic Short Hair",8.6988
"Male","Domestic Short Hair",9.2619
"Male","Domestic Short Hair",7.7023
"Male","Domestic Short Hair",9.8151
"Male","Domestic Short Hair",9.9061
"Male","Domestic Long Hair",12.067
"Male","Domestic Short Hair",9.8148
"Male","Domestic Short Hair",9.843
"Female","Domestic Long Hair",10.6938
"Female","Domestic Medium Hair",7.2866
"Female","Domestic Short Hair",8.474
"Female","Domestic Long Hair",9.758
"Male","Domestic Short Hair",9.5459
"Male","Domestic Medium Hair",8.625
"Female","Domestic Long Hair",12.3536
"Male","Domestic Short Hair",8.7364
"Female","Domestic Medium Hair",10.7332
"Female","Domestic Medium Hair",9.5732
"Female","Domestic Medium Hair",8.8287
"Female","Domestic Short Hair",10.0124
"Female","Domestic Long Hair",10.5265
"Male","Domestic Long Hair",10.9747
"Female","Domestic Short Hair",9.0185
"Male","Domestic Short Hair",10.5745
"Male","Domestic Short Hair",9.3148
"Male","Domestic Short Hair",10.9035
"Female","Domestic Short Hair",9.0058
"Female","Domestic Short Hair",7.6532
"Female","Domestic Medium Hair",7.4407
"Male","Domestic Long Hair",12.1345
"Male","Domestic Medium Hair",8.486
"Male","Domestic Long Hair",12.0329
"Female","Domestic Medium Hair",8.0964
"Female","Domestic Medium Hair",8.9493
"Female","Domestic Long Hair",11.2393
"Female","Domestic Long Hair",8.229
"Male","Domestic Long Hair",10.9099
"Male","Domestic Long Hair",9.9265
"Female","Domestic Medium Hair",8.6556
"Female","Domestic Short Hair",7.6571
"Female","Domestic Medium Hair",7.2775
"Female","Domestic Short Hair",6.6368
"Male","Domestic Long Hair",10.5602
"Male","Domestic Short Hair",8.5944
"Female","Domestic Medium Hair",9.878
"Male","Domestic Medium Hair",9.9635
"Male","Domestic Medium Hair",9.9428
"Female","Domestic Medium Hair",9.3433
"Male","Domestic Short Hair",9.0433
"Male","Domestic Long Hair",10.12
"Female","Domestic Medium Hair",10.6045
"Female","Domestic Long Hair",10.7131
"Male","Domestic Long Hair",13.0666
"Male","Domestic Short Hair",8.3394
"Male","Domestic Short Hair",8.0889
"Male","Domestic Short Hair",9.7537
"Male","Domestic Short Hair",10.0074
"Female","Domestic Medium Hair",9.546
"Female","Domestic Short Hair",8.485
"Female","Domestic Short Hair",9.6157
"Female","Domestic Short Hair",9.5171
"Female","Domestic Medium Hair",10.2941
"Female","Domestic Short Hair",7.6649
"Female","Domestic Short Hair",9.0981
"Male","Domestic Long Hair",10.0133
"Female","Domestic Short Hair",9.7771
"Female","Domestic Medium Hair",10.291
"Female","Domestic Medium Hair",10.319
"Male","Domestic Long Hair",12.4674
"Female","Domestic Long Hair",10.98
"Female","Domestic Short Hair",7.6788
"Female","Domestic Long Hair",9.473
"Male","Domestic Long Hair",10.2938
"Male","Domestic Long Hair",9.6069
"Male","Domestic Short Hair",8.5138
"Female","Domestic Short Hair",7.5838
"Female","Domestic Short Hair",9.0586
"Female","Domestic Short Hair",8.0823
"Male","Domestic Long Hair",9.1552
"Female","Domestic Long Hair",10.5736
"Male","Domestic Short Hair",8.6777
"Female","Domestic Medium Hair",7.8779
"Male","Domestic Short Hair",9.0362
"Male","Domestic Short Hair",6.4398
"Male","Domestic Long Hair",9.1446
"Male","Domestic Short Hair",9.7297
"Female","Domestic Long Hair",10.0734
"Female","Domestic Short Hair",8.7993
"Male","Domestic Long Hair",9.3952
"Male","Domestic Medium Hair",11.5063
"Female","Domestic Long Hair",13.6039
"Female","Domestic Medium Hair",8.5021
"Male","Domestic Short Hair",9.2491
"Male","Domestic Medium Hair",9.402
"Female","Domestic Medium Hair",10.4507
"Male","Domestic Short Hair",9.6644
"Male","Domestic Medium Hair",11.8714
"Male","Domestic Long Hair",11.537
"Female","Domestic Short Hair",8.9488
"Male","Domestic Long Hair",10.9972
"Female","Domestic Medium Hair",10.0166
"Female","Domestic Medium Hair",11.8453
"Female","Domestic Medium Hair",9.6005
"Female","Domestic Medium Hair",8.8493
"Female","Domestic Long Hair",10.119
"Male","Domestic Long Hair",11.374
"Female","Domestic Long Hair",10.4848
"Female","Domestic Long Hair",10.1424
"Male","Domestic Short Hair",9.9039
"Male","Domestic Medium Hair",10.4894
"Male","Domestic Short Hair",7.9208
"Female","Domestic Medium Hair",9.2304
"Male","Domestic Short Hair",8.8703
"Female","Domestic Medium Hair",9.942
"Female","Domestic Long Hair",11.2552
"Female","Domestic Long Hair",9.4252
"Male","Domestic Long Hair",12.1876
"Female","Domestic Medium Hair",8.9675
"Female","Domestic Medium Hair",9.0897
"Female","Domestic Long Hair",10.9853
"Female","Domestic Medium Hair",10.1724
"Male","Domestic Medium Hair",10.7454
"Female","Domestic Short Hair",8.9456
"Male","Domestic Long Hair",11.6142
"Female","Domestic Short Hair",8.5545
"Female","Domestic Long Hair",10.7882
"Male","Domestic Medium Hair",11.0545
"Male","Domestic Long Hair",10.0799
"Female","Domestic Medium Hair",10.2104
"Male","Domestic Long Hair",10.3384
"Female","Domestic Medium Hair",8.3949
"Male","Domestic Short Hair",7.9152
"Male","Domestic Long Hair",12.8975
"Female","Domestic Long Hair",11.5275
"Male","Domestic Long Hair",11.0291
"Female","Domestic Long Hair",9.7696
"Male","Domestic Short Hair",8.6686
"Female","Domestic Short Hair",9.4017
"Female","Domestic Medium Hair",7.7773
"Female","Domestic Short Hair",9.063
"Female","Domestic Medium Hair",10.7324
"Male","Domestic Medium Hair",10.2852
"Male","Domestic Long Hair",10.9823
"Female","Domestic Long Hair",10.7552
"Female","Domestic Medium Hair",9.1062
"Male","Domestic Short Hair",9.7169
"Male","Domestic Short Hair",9.2546
"Female","Domestic Short Hair",9.9129
"Female","Domestic Long Hair",9.9114
"Female","Domestic Medium Hair",9.1155
"Male","Domestic Short Hair",9.1775
"Male","Domestic Short Hair",8.101
"Female","Domestic Short Hair",8.3266
"Male","Domestic Medium Hair",9.937
"Male","Domestic Short Hair",8.2023
"Female","Domestic Short Hair",8.3865
"Male","Domestic Long Hair",11.4302
"Female","Domestic Long Hair",10.9836
"Male","Domestic Long Hair",10.1973
"Female","Domestic Long Hair",9.4447
"Female","Domestic Short Hair",9.4079
"Female","Domestic Long Hair",9.897
"Female","Domestic Short Hair",8.6361
"Female","Domestic Medium Hair",12.2603
"Female","Domestic Long Hair",7.068
"Female","Domestic Medium Hair",8.9129
"Female","Domestic Medium Hair",7.8792
"Male","Domestic Long Hair",12.4082
"Male","Domestic Long Hair",11.1638
"Male","Domestic Medium Hair",11.224
"Female","Domestic Medium Hair",6.9449
"Female","Domestic Long Hair",10.1403
"Female","Domestic Medium Hair",9.7426
"Female","Domestic Long Hair",9.8738
"Female","Domestic Medium Hair",9.0707
"Male","Domestic Medium Hair",10.6627
"Male","Domestic Long Hair",11.441
"Female","Domestic Medium Hair",7.6187
"Male","Domestic Long Hair",12.4145
"Female","Domestic Short Hair",8.8458
"Female","Domestic Medium Hair",8.3405
"Male","Domestic Medium Hair",9.9465
"Male","Domestic Long Hair",9.6413
"Female","Domestic Long Hair",9.9274
"Male","Domestic Short Hair",8.4143
"Male","Domestic Long Hair",9.6606
"Female","Domestic Short Hair",8.0014
"Female","Domestic Short Hair",8.2588
"Female","Domestic Medium Hair",10.505
"Female","Domestic Long Hair",11.3165
"Male","Domestic Long Hair",10.7733
"Male","Domestic Long Hair",10.9367
"Female","Domestic Long Hair",10.9596
"Male","Domestic Long Hair",11.9588
"Female","Domestic Medium Hair",9.9737
"Female","Domestic Short Hair",7.2199
"Male","Domestic Short Hair",6.7041
"Male","Domestic Long Hair",11.2131
"Female","Domestic Short Hair",8.8923
"Female","Domestic Medium Hair",10.8008
"Female","Domestic Medium Hair",8.1124
"Male","Domestic Short Hair",10.4813
"Female","Domestic Medium Hair",10.939
"Female","Domestic Short Hair",7.5206
"Male","Domestic Short Hair",10.008
"Male","Domestic Medium Hair",10.2556
"Male","Domestic Long Hair",10.9836
"Female","Domestic Medium Hair",9.7168
"Male","Domestic Short Hair",10.6342
"Female","Domestic Long Hair",11.5241
"Female","Domestic Medium Hair",9.5324
"Female","Domestic Medium Hair",10.3479
"Male","Domestic Medium Hair",9.6169
"Male","Domestic Short Hair",9.8791
"Male","Domestic Long Hair",10.2738
"Male","Domestic Medium Hair",10.4495
"Male","Domestic Long Hair",11.3539
"Male","Domestic Long Hair",11.9491
"Female","Domestic Short Hair",7.3016
"Female","Domestic Long Hair",10.7524
"Female","Domestic Medium Hair",9.7407
"Male","Domestic Medium Hair",9.0215
"Female","Domestic Medium Hair",10.5002
"Female","Domestic Short Hair",6.8914
"Male","Domestic Long Hair",10.3199
"Female","Domestic Short Hair",8.5595
"Female","Domestic Medium Hair",8.9636
"Female","Domestic Long Hair",9.9169
"Male","Domestic Long Hair",10.3938
"Female","Domestic Medium Hair",9.4885
"Female","Domestic Medium Hair",10.8498
"Male","Domestic Short Hair",9.4379
"Female","Domestic Long Hair",9.4936
"Female","Domestic Medium Hair",8.2455
"Female","Domestic Long Hair",10.1878
"Female","Domestic Long Hair",10.4225
"Male","Domestic Medium Hair",9.8701
"Female","Domestic Short Hair",7.4454
"Male","Domestic Short Hair",9.0358
"Female","Domestic Long Hair",9.4069
"Male","Domestic Long Hair",11.7533
"Female","Domestic Medium Hair",10.2667
"Male","Domestic Long Hair",12.4535
"Male","Domestic Long Hair",12.8299
"Female","Domestic Long Hair",9.004
"Male","Domestic Medium Hair",9.5688
"Male","Domestic Medium Hair",10.0931
"Female","Domestic Medium Hair",10.5626
"Female","Domestic Long Hair",9.2198
"Male","Domestic Medium Hair",10.0944
"Male","Domestic Medium Hair",9.8704
"Female","Domestic Medium Hair",6.6275
"Female","Domestic Medium Hair",10.4466
"Female","Domestic Medium Hair",10.1255
"Male","Domestic Medium Hair",9.6801
"Male","Domestic Medium Hair",11.3022
"Female","Domestic Short Hair",7.6119
"Male","Domestic Medium Hair",9.7501
"Female","Domestic Medium Hair",8.8341
"Male","Domestic Short Hair",10.2415
"Male","Domestic Short Hair",8.7319
"Female","Domestic Medium Hair",11.2575
"Male","Domestic Long Hair",10.5441
"Female","Domestic Medium Hair",12.0481
"Female","Domestic Long Hair",9.7169
"Female","Domestic Short Hair",8.2701
"Female","Domestic Medium Hair",8.9718
"Male","Domestic Short Hair",9.0949
"Female","Domestic Short Hair",9.5239
"Female","Domestic Short Hair",7.5421
"Male","Domestic Short Hair",9.5725
"Male","Domestic Short Hair",8.0771
"Male","Domestic Short Hair",9.0915
"Female","Domestic Medium Hair",9.7765
"Female","Domestic Short Hair",7.886
"Female","Domestic Long Hair",10.8361
"Male","Domestic Long Hair",9.8004
"Male","Domestic Medium Hair",9.7843
"Female","Domestic Medium Hair",10.5264
"Male","Domestic Medium Hair",10.8934
"Male","Domestic Medium Hair",9.7174
"Male","Domestic Medium Hair",10.3389
"Female","Domestic Long Hair",10.0071
"Female","Domestic Medium Hair",9.5995
"Male","Domestic Long Hair",11.7842
"Male","Domestic Medium Hair",11.0122
"Female","Domestic Short Hair",8.725
"Male","Domestic Long Hair",11.1662
"Female","Domestic Medium Hair",10.5823
"Male","Domestic Short Hair",10.7177
"Male","Domestic Long Hair",12.5057
"Male","Domestic Long Hair",11.0809
"Female","Domestic Short Hair",8.4585
"Female","Domestic Long Hair",8.618
"Female","Domestic Short Hair",9.9649
"Male","Domestic Medium Hair",9.4955
"Female","Domestic Long Hair",10.2316
"Male","Domestic Short Hair",10.2136
"Female","Domestic Short Hair",7.9117
"Female","Domestic Medium Hair",7.0656
"Female","Domestic Medium Hair",10.7293
"Male","Domestic Long Hair",9.511
"Female","Domestic Long Hair",9.9699
"Female","Domestic Short Hair",9.0161
"Male","Domestic Short Hair",9.6114
"Female","Domestic Long Hair",10.5991
"Male","Domestic Long Hair",10.2354
"Male","Domestic Medium Hair",9.5075
"Female","Domestic Medium Hair",9.0518
"Female","Domestic Long Hair",9.6921
"Male","Domestic Short Hair",7.9474
"Female","Domestic Short Hair",7.4839
"Female","Domestic Medium Hair",8.0911
"Male","Domestic Short Hair",10.8174
"Male","Domestic Short Hair",9.6367
"Male","Domestic Short Hair",9.019
"Female","Domestic Short Hair",8.8758
"Female","Domestic Long Hair",10.5537
"Male","Domestic Medium Hair",10.5005
"Female","Domestic Long Hair",12.0254
"Male","Domestic Medium Hair",9.78
"Male","Domestic Short Hair",8.8064
"Female","Domestic Medium Hair",8.4477
"Female","Domestic Medium Hair",10.0266
"Male","Domestic Short Hair",8.1276
"Male","Domestic Short Hair",7.6079
"Male","Domestic Long Hair",12.436
"Female","Domestic Short Hair",10.3747
"Male","Domestic Medium Hair",10.1355
"Female","Domestic Short Hair",8.9381
"Female","Domestic Short Hair",7.6125
"Female","Domestic Short Hair",6.6219
"Male","Domestic Short Hair",8.7979
"Female","Domestic Long Hair",9.5743
"Male","Domestic Long Hair",11.0167
"Female","Domestic Short Hair",9.0188
"Female","Domestic Short Hair",7.7586
"Male","Domestic Medium Hair",10.3836
"Male","Domestic Medium Hair",10.0505
"Male","Domestic Long Hair",9.5571
"Male","Domestic Short Hair",9.731
"Male","Domestic Short Hair",9.374
"Male","Domestic Short Hair",10.2724
"Female","Domestic Medium Hair",9.2037
"Female","Domestic Medium Hair",8.6158
"Female","Domestic Medium Hair",8.1499
"Female","Domestic Short Hair",7.9112
"Male","Domestic Long Hair",10.5954
"Female","Domestic Medium Hair",8.8455
"Female","Domestic Short Hair",9.1715
"Female","Domestic Short Hair",9.3588
"Male","Domestic Short Hair",8.5429
"Male","Domestic Long Hair",11.7733
"Female","Domestic Long Hair",8.7135
"Male","Domestic Short Hair",9.3424
"Male","Domestic Short Hair",9.0365
"Female","Domestic Short Hair",8.565
"Male","Domestic Short Hair",9.9741
"Female","Domestic Medium Hair",9.2147
"Female","Domestic Long Hair",10.0489
"Female","Domestic Medium Hair",10.6605
"Male","Domestic Medium Hair",10.1996
"Male","Domestic Short Hair",9.1066
"Female","Domestic Medium Hair",10.0876
"Male","Domestic Long Hair",12.4672
"Female","Domestic Long Hair",9.8527
"Male","Domestic Long Hair",11.6827
"Female","Domestic Long Hair",8.0935
"Male","Domestic Medium Hair",9.1914
"Male","Domestic Short Hair",9.3834
"Female","Domestic Medium Hair",9.382
"Female","Domestic Short Hair",8.845
"Female","Domestic Medium Hair",7.5986
"Female","Domestic Long Hair",9.8335
"Female","Domestic Short Hair",8.7243
"Female","Domestic Medium Hair",9.2187
"Female","Domestic Short Hair",8.3186
"Female","Domestic Medium Hair",9.6926
"Female","Domestic Medium Hair",10.0667
"Male","Domestic Short Hair",8.6309
"Male","Domestic Long Hair",11.2159
"Female","Domestic Long Hair",11.7495
"Female","Domestic Short Hair",7.978
"Female","Domestic Short Hair",8.7086
"Male","Domestic Medium Hair",9.3172
"Male","Domestic Medium Hair",10.6429
"Female","Domestic Short Hair",8.8479
"Female","Domestic Short Hair",9.7964
"Male","Domestic Short Hair",9.515
"Male","Domestic Medium Hair",10.7754
"Male","Domestic Medium Hair",11.067
"Female","Domestic Long Hair",9.5509
"Male","Domestic Short Hair",9.9781
"Female","Domestic Short Hair",8.5397
"Male","Domestic Short Hair",11.1582
"Female","Domestic Long Hair",10.1425
"Male","Domestic Medium Hair",8.1774
"Male","Domestic Long Hair",9.9682
"Female","Domestic Long Hair",10.0058
"Female","Domestic Long Hair",9.3133
"Female","Domestic Medium Hair",9.3031
"Female","Domestic Medium Hair",11.368
"Male","Domestic Medium Hair",10.4366
"Male","Domestic Short Hair",7.9912
"Female","Domestic Short Hair",7.8169
"Female","Domestic Short Hair",11.3433
"Male","Domestic Short Hair",8.1836
"Female","Domestic Short Hair",9.0654
"Male","Domestic Long Hair",11.2807
"Male","Domestic Short Hair",10.1241
"Female","Domestic Long Hair",10.9926
"Male","Domestic Short Hair",6.9499
"Male","Domestic Short Hair",10.2462
"Female","Domestic Medium Hair",8.3143
"Female","Domestic Long Hair",10.3585
"Female","Domestic Long Hair",11.2723
"Male","Domestic Short Hair",7.6472
"Female","Domestic Long Hair",8.6669
"Female","Domestic Long Hair",10.2734
"Male","Domestic Short Hair",10.5058
"Female","Domestic Short Hair",8.901
"Male","Domestic Long Hair",10.2011
"Female","Domestic Short Hair",9.551
"Male","Domestic Short Hair",8.5516
"Female","Domestic Long Hair",10.0314
"Female","Domestic Short Hair",7.8072
"Female","Domestic Long Hair",10.0562
"Female","Domestic Long Hair",9.262
"Female","Domestic Short Hair",7.9763
"Female","Domestic Long Hair",10.3642
"Male","Domestic Short Hair",10.3365
"Female","Domestic Short Hair",6.7631
"Male","Domestic Short Hair",10.8574
"Female","Domestic Long Hair",10.8538
"Female","Domestic Medium Hair",10.3268
"Female","Domestic Short Hair",8.4202
"Female","Domestic Long Hair",11.7333
"Male","Domestic Long Hair",10.6357
"Female","Domestic Short Hair",9.5213
"Male","Domestic Medium Hair",10.9335
"Male","Domestic Medium Hair",9.4372
"Male","Domestic Medium Hair",9.4687
"Male","Domestic Short Hair",10.9554
"Female","Domestic Medium Hair",9.8267
"Female","Domestic Medium Hair",9.8371
"Male","Domestic Long Hair",11.7319
"Male","Domestic Long Hair",12.358
"Female","Domestic Long Hair",9.508
"Female","Domestic Long Hair",11.6046
"Male","Domestic Long Hair",11.2808
"Female","Domestic Short Hair",8.9408
"Female","Domestic Short Hair",7.2089
"Female","Domestic Short Hair",7.7886
"Male","Domestic Short Hair",7.2016
"Male","Domestic Medium Hair",8.7871
"Female","Domestic Short Hair",5.7387
"Female","Domestic Medium Hair",10.3778
"Female","Domestic Short Hair",7.8698
"Female","Domestic Medium Hair",10.3302
"Female","Domestic Short Hair",8.2105
"Male","Domestic Medium Hair",9.4707
"Female","Domestic Medium Hair",9.436
"Male","Domestic Medium Hair",10.3192
"Female","Domestic Long Hair",9.0943
"Male","Domestic Medium Hair",10.3564
"Male","Domestic Long Hair",11.0199
"Female","Domestic Long Hair",11.5371
"Male","Domestic Long Hair",11.7121
"Male","Domestic Short Hair",8.6547
"Female","Domestic Short Hair",9.4589
"Female","Domestic Long Hair",8.2444
"Male","Domestic Medium Hair",9.076
"Male","Domestic Short Hair",9.8095
"Male","Domestic Long Hair",11.3793
"Male","Domestic Short Hair",9.0524
"Male","Domestic Long Hair",9.43
"Male","Domestic Short Hair",10.0052
"Female","Domestic Medium Hair",7.215
"Female","Domestic Long Hair",9.8184
"Female","Domestic Short Hair",8.1895
"Female","Domestic Medium Hair",9.7767
"Female","Domestic Long Hair",9.1111
"Female","Domestic Long Hair",10.9423
"Male","Domestic Short Hair",9.5835
"Male","Domestic Short Hair",9.6636
"Female","Domestic Short Hair",7.4964
"Female","Domestic Long Hair",9.5012
"Female","Domestic Long Hair",10.1266
"Female","Domestic Short Hair",7.6114
"Male","Domestic Medium Hair",6.7418
"Male","Domestic Medium Hair",9.6575
"Female","Domestic Short Hair",10.7949
"Female","Domestic Long Hair",8.8298
"Male","Domestic Short Hair",10.4758
"Female","Domestic Medium Hair",7.8857
"Male","Domestic Short Hair",9.1601
"Female","Domestic Short Hair",8.0301
"Female","Domestic Short Hair",8.9102
"Female","Domestic Short Hair",9.1195
"Female","Domestic Short Hair",7.2881
"Male","Domestic Short Hair",9.6071
"Female","Domestic Short Hair",9.3159
"Female","Domestic Short Hair",9.5832
"Female","Domestic Short Hair",9.8735
"Male","Domestic Medium Hair",11.0327
"Female","Domestic Short Hair",7.9476
"Male","Domestic Long Hair",10.6068
"Male","Domestic Short Hair",8.8614
"Male","Domestic Short Hair",8.9217
"Male","Domestic Long Hair",12.0862
"Male","Domestic Short Hair",11.9873
"Male","Domestic Short Hair",9.5422
"Male","Domestic Medium Hair",9.6871
"Female","Domestic Medium Hair",9.0819
"Male","Domestic Long Hair",10.8833
"Female","Domestic Short Hair",6.6121
"Male","Domestic Long Hair",11.7564
"Male","Domestic Short Hair",8.0273
"Female","Domestic Long Hair",10.6752
"Male","Domestic Short Hair",10.3766
"Male","Domestic Short Hair",9.2906
"Female","Domestic Medium Hair",9.447
"Female","Domestic Long Hair",12.4065
"Female","Domestic Long Hair",10.1187
"Male","Domestic Short Hair",8.9839
"Female","Domestic Short Hair",8.4851
"Female","Domestic Short Hair",9.0319
"Male","Domestic Long Hair",10.2381
"Male","Domestic Medium Hair",11.2242
"Female","Domestic Short Hair",10.0248
"Female","Domestic Short Hair",8.7812
"Male","Domestic Long Hair",10.1847
"Female","Domestic Medium Hair",8.6968
"Female","Domestic Medium Hair",10.2621
"Female","Domestic Short Hair",9.2448
"Female","Domestic Long Hair",10.3566
"Male","Domestic Long Hair",10.5436
"Male","Domestic Long Hair",10.7086
"Female","Domestic Long Hair",9.609
"Male","Domestic Long Hair",11.5943
"Male","Domestic Long Hair",11.4415
"Female","Domestic Medium Hair",10.0315
"Female","Domestic Short Hair",9.8814
"Female","Domestic Short Hair",9.0425
"Female","Domestic Short Hair",10.2883
"Female","Domestic Long Hair",7.8631
"Male","Domestic Medium Hair",11.6524
"Female","Domestic Medium Hair",9.7589
"Female","Domestic Medium Hair",10.4414
"Male","Domestic Medium Hair",8.8365
"Female","Domestic Short Hair",7.4255
"Male","Domestic Medium Hair",9.6309
"Male","Domestic Short Hair",8.7307
"Female","Domestic Short Hair",7.5891
"Male","Domestic Medium Hair",9.4893
"Male","Domestic Long Hair",9.3066
"Female","Domestic Medium Hair",8.0837
"Female","Domestic Medium Hair",10.5096
"Male","Domestic Short Hair",9.77
"Male","Domestic Short Hair",9.0149
"Male","Domestic Long Hair",10.1903
"Female","Domestic Medium Hair",8.912
"Female","Domestic Medium Hair",10.14
"Female","Domestic Short Hair",7.8519
"Male","Domestic Medium Hair",10.3787
"Female","Domestic Medium Hair",11.5681
"Male","Domestic Short Hair",9.2912
"Male","Domestic Long Hair",10.6387
"Male","Domestic Long Hair",9.9973
"Female","Domestic Medium Hair",8.5594
"Male","Domestic Short Hair",8.2469
"Female","Domestic Short Hair",5.7385
"Male","Domestic Medium Hair",11.4061
"Male","Domestic Medium Hair",9.9702
"Female","Domestic Medium Hair",9.4764
"Female","Domestic Long Hair",11.472
"Male","Domestic Short Hair",9.4434
"Female","Domestic Medium Hair",9.598
"Female","Domestic Long Hair",9.1357
"Female","Domestic Long Hair",9.5047
"Male","Domestic Medium Hair",10.6715
"Male","Domestic Medium Hair",8.9338
"Male","Domestic Long Hair",11.6762
"Female","Domestic Medium Hair",11.6393
"Male","Domestic Medium Hair",10.0587
"Male","Domestic Medium Hair",9.9779
"Male","Domestic Long Hair",12.1569
"Male","Domestic Short Hair",10.3518
"Female","Domestic Short Hair",8.0168
"Female","Domestic Short Hair",8.1306
"Female","Domestic Short Hair",6.0739
"Male","Domestic Medium Hair",9.8211
"Male","Domestic Long Hair",10.6612
"Female","Domestic Short Hair",8.1368
"Female","Domestic Long Hair",9.2589
"Male","Domestic Long Hair",11.2553
"Male","Domestic Short Hair",7.642
"Male","Domestic Long Hair",12.6189
"Male","Domestic Long Hair",12.143
"Male","Domestic Medium Hair",10.439
"Male","Domestic Short Hair",10.3525
"Female","Domestic Medium Hair",8.3277
"Female","Domestic Short Hair",10.2238
"Female","Domestic Long Hair",12.3282
"Male","Domestic Short Hair",10.3851
"Male","Domestic Medium Hair",10.7926
"Female","Domestic Short Hair",7.7573
"Female","Domestic Short Hair",7.8516
"Female","Domestic Short Hair",8.7946
"Female","Domestic Long Hair",9.6085
"Male","Domestic Medium Hair",9.7085
"Male","Domestic Short Hair",9.2294
"Male","Domestic Medium Hair",10.3652
"Female","Domestic Medium Hair",9.3866
"Female","Domestic Short Hair",7.9955
"Male","Domestic Medium Hair",10.8533
"Female","Domestic Long Hair",10.3421
"Female","Domestic Short Hair",8.5528
"Female","Domestic Medium Hair",11.292
"Male","Domestic Long Hair",10.3304
"Female","Domestic Short Hair",8.9167
"Male","Domestic Short Hair",9.9975
"Female","Domestic Short Hair",8.7723
"Male","Domestic Medium Hair",9.8185
"Male","Domestic Short Hair",8.0786
"Male","Domestic Medium Hair",11.4138
"Male","Domestic Long Hair",11.2748
"Male","Domestic Medium Hair",11.0706
"Female","Domestic Long Hair",8.1527
"Female","Domestic Short Hair",6.8529
"Male","Domestic Short Hair",9.3025
"Female","Domestic Long Hair",10.2058
"Female","Domestic Medium Hair",9.5376
"Female","Domestic Short Hair",8.3053
"Male","Domestic Short Hair",9.5849
"Female","Domestic Medium Hair",7.785
"Female","Domestic Medium Hair",9.3969
"Female","Domestic Short Hair",7.1806
"Male","Domestic Short Hair",8.7845
"Male","Domestic Short Hair",11.4239
"Female","Domestic Long Hair",9.7194
"Female","Domestic Medium Hair",9.4971
"Male","Domestic Short Hair",9.0822
"Female","Domestic Short Hair",7.9954
"Female","Domestic Short Hair",7.9715
"Male","Domestic Long Hair",12.3202
"Female","Domestic Medium Hair",9.653
"Male","Domestic Medium Hair",11.0589
"Female","Domestic Medium Hair",9.9165
"Female","Domestic Long Hair",10.1488
"Female","Domestic Medium Hair",8.706
"Female","Domestic Long Hair",8.1076
"Female","Domestic Short Hair",8.4309
"Male","Domestic Short Hair",10.1085
"Female","Domestic Long Hair",7.8218
"Male","Domestic Long Hair",11.7821
"Male","Domestic Medium Hair",9.8066
"Female","Domestic Medium Hair",8.4744
"Female","Domestic Short Hair",7.9742
"Female","Domestic Long Hair",10.0446
"Female","Domestic Long Hair",10.3806
"Male","Domestic Long Hair",10.9987
"Male","Domestic Long Hair",8.4726
"Female","Domestic Medium Hair",9.0685
"Female","Domestic Short Hair",10.8902
"Female","Domestic Medium Hair",9.2299
"Female","Domestic Medium Hair",8.9386
"Female","Domestic Long Hair",8.867
"Male","Domestic Short Hair",10.0115
"Female","Domestic Short Hair",8.2996
"Female","Domestic Long Hair",11.5641
"Male","Domestic Long Hair",10.9383
"Female","Domestic Short Hair",8.4731
"Male","Domestic Long Hair",12.0802
"Female","Domestic Long Hair",10.6223
"Male","Domestic Medium Hair",9.4897
"Male","Domestic Medium Hair",11.8024
"Female","Domestic Long Hair",10.7116
"Male","Domestic Long Hair",10.7013
"Female","Domestic Short Hair",7.0458
"Male","Domestic Medium Hair",9.6272
"Male","Domestic Short Hair",8.5385
"Female","Domestic Medium Hair",9.8123
"Female","Domestic Short Hair",9.4789
"Female","Domestic Long Hair",9.7542
"Female","Domestic Medium Hair",9.0855
"Female","Domestic Medium Hair",10.6704
"Female","Domestic Medium Hair",7.0504
"Female","Domestic Long Hair",10.8685
"Female","Domestic Short Hair",9.8755
"Female","Domestic Short Hair",8.3579
"Male","Domestic Long Hair",11.6417
"Female","Domestic Medium Hair",10.0324
"Male","Domestic Short Hair",10.1533
"Female","Domestic Short Hair",7.0603
"Female","Domestic Medium Hair",10.8899
"Male","Domestic Long Hair",10.3707
"Female","Domestic Long Hair",9.3729
"Female","Domestic Short Hair",7.3855
"Female","Domestic Long Hair",10.8159
"Female","Domestic Medium Hair",11.2226
"Female","Domestic Long Hair",10.7138
"Male","Domestic Long Hair",11.0136
"Female","Domestic Short Hair",8.3159
"Male","Domestic Short Hair",7.2028
"Female","Domestic Long Hair",10.0055
"Female","Domestic Medium Hair",6.7528
"Female","Domestic Short Hair",8.3586
"Male","Domestic Short Hair",8.8639
"Male","Domestic Short Hair",8.9045
"Male","Domestic Long Hair",9.774
"Female","Domestic Medium Hair",8.5118
"Female","Domestic Medium Hair",9.1618
"Male","Domestic Long Hair",11.1164
"Male","Domestic Medium Hair",9.2315
"Female","Domestic Short Hair",8.542
"Female","Domestic Short Hair",8.4032
"Male","Domestic Medium Hair",9.5598
"Female","Domestic Long Hair",8.6852
"Female","Domestic Long Hair",11.3507
"Male","Domestic Short Hair",9.7636
"Female","Domestic Short Hair",8.0832
"Female","Domestic Long Hair",9.2894
"Female","Domestic Medium Hair",10.0604
"Male","Domestic Short Hair",7.0265
"Male","Domestic Short Hair",7.4921
"Male","Domestic Medium Hair",11.1253
"Female","Domestic Long Hair",10.2377
"Female","Domestic Medium Hair",8.201
"Female","Domestic Medium Hair",9.3467
"Female","Domestic Short Hair",9.2897
"Female","Domestic Medium Hair",8.4225
"Female","Domestic Long Hair",10.3395
"Male","Domestic Short Hair",9.4644
"Female","Domestic Medium Hair",9.6804
"Female","Domestic Medium Hair",9.6497
"Female","Domestic Long Hair",9.751
"Female","Domestic Medium Hair",9.6383
"Female","Domestic Medium Hair",8.6817
"Male","Domestic Long Hair",10.4755
"Male","Domestic Short Hair",8.834
"Female","Domestic Short Hair",8.7548
"Male","Domestic Long Hair",10.5022
"Male","Domestic Medium Hair",9.5243
"Female","Domestic Short Hair",6.9949
"Male","Domestic Medium Hair",10.5529
"Female","Domestic Long Hair",9.2426
"Male","Domestic Medium Hair",9.1379
"Female","Domestic Long Hair",9.0054
"Male","Domestic Medium Hair",10.7621
"Female","Domestic Short Hair",8.2289
"Male","Domestic Short Hair",6.0644
"Male","Domestic Medium Hair",12.0487
"Female","Domestic Medium Hair",9.7431
"Female","Domestic Long Hair",11.089
"Female","Domestic Short Hair",9.3182
"Female","Domestic Short Hair",8.3145
"Male","Domestic Short Hair",9.6682
"Male","Domestic Long Hair",10.9948
"Female","Domestic Short Hair",7.1364
"Female","Domestic Short Hair",8.6327
"Female","Domestic Medium Hair",9.9405
"Female","Domestic Long Hair",9.4224
"Female","Domestic Short Hair",6.181
"Female","Domestic Long Hair",7.6364
"Male","Domestic Medium Hair",10.9978
"Male","Domestic Short Hair",8.4322
"Female","Domestic Short Hair",8.7437
"Female","Domestic Long Hair",10.125
"Female","Domestic Medium Hair",9.965
"Female","Domestic Long Hair",9.5083
"Male","Domestic Medium Hair",9.9471
"Female","Domestic Short Hair",5.2119
"Male","Domestic Long Hair",11.1619
"Male","Domestic Short Hair",6.805
"Female","Domestic Short Hair",8.8547
"Female","Domestic Medium Hair",9.8507
"Male","Domestic Medium Hair",9.6918
"Female","Domestic Medium Hair",9.7421
"Female","Domestic Long Hair",8.543
"Male","Domestic Short Hair",10.1977
"Male","Domestic Long Hair",10.78
"Female","Domestic Medium Hair",10.4997
"Male","Domestic Medium Hair",10.1143
"Female","Domestic Short Hair",9.3932
"Female","Domestic Long Hair",11.6667
"Female","Domestic Short Hair",9.9822
"Male","Domestic Short Hair",7.9285
"Male","Domestic Medium Hair",11.5419
"Male","Domestic Long Hair",10.4222
"Female","Domestic Medium Hair",9.9577
"Female","Domestic Short Hair",8.2257
"Female","Domestic Short Hair",8.972
"Female","Domestic Long Hair",9.015
"Female","Domestic Short Hair",8.051
"Female","Domestic Medium Hair",10.7741
"Female","Domestic Medium Hair",8.9137
"Female","Domestic Long Hair",10.231
"Female","Domestic Short Hair",7.5818
"Female","Domestic Long Hair",10.2
"Male","Domestic Short Hair",9.7994
"Female","Domestic Short Hair",8.3466
"Female","Domestic Short Hair",8.3961
"Female","Domestic Medium Hair",9.7435
"Female","Domestic Short Hair",9.7485
"Male","Domestic Short Hair",9.104
"Female","Domestic Long Hair",10.6701
"Female","Domestic Long Hair",10.1335
"Female","Domestic Short Hair",8.0733
"Male","Domestic Long Hair",10.5336
"Female","Domestic Medium Hair",9.292
"Female","Domestic Short Hair",10.0254
"Female","Domestic Short Hair",8.4169
"Female","Domestic Medium Hair",11.928
"Female","Domestic Long Hair",8.8856
"Female","Domestic Short Hair",9.1369
"Male","Domestic Long Hair",12.0583
"Female","Domestic Short Hair",8.3713
"Female","Domestic Medium Hair",9.8423
"Female","Domestic Medium Hair",8.709
"Female","Domestic Short Hair",7.2605
"Female","Domestic Long Hair",10.8903
"Male","Domestic Short Hair",10.9023
"Male","Domestic Short Hair",8.7263
"Male","Domestic Short Hair",8.9378
"Female","Domestic Short Hair",7.3281
"Male","Domestic Long Hair",12.6384
"Male","Domestic Short Hair",9.9253
"Female","Domestic Medium Hair",10.4898
"Female","Domestic Medium Hair",8.4875
"Female","Domestic Short Hair",8.4633
"Female","Domestic Medium Hair",8.8817
"Female","Domestic Short Hair",9.0751
"Male","Domestic Long Hair",9.7201
"Female","Domestic Medium Hair",9.032
"Female","Domestic Long Hair",10.2965
"Female","Domestic Long Hair",8.2814
"Male","Domestic Short Hair",8.4396
"Female","Domestic Short Hair",7.5089
"Female","Domestic Long Hair",11.907
"Female","Domestic Short Hair",8.3952
"Female","Domestic Medium Hair",9.0811
"Male","Domestic Long Hair",10.526
"Female","Domestic Short Hair",11.0675
"Female","Domestic Long Hair",9.5655
"Male","Domestic Medium Hair",10.1863
"Female","Domestic Long Hair",11.0528
"Female","Domestic Medium Hair",10.8544
"Female","Domestic Short Hair",8.5658
"Male","Domestic Long Hair",10.5198
"Female","Domestic Short Hair",7.1196
"Female","Domestic Long Hair",10.8126
"Female","Domestic Medium Hair",11.1776
"Female","Domestic Medium Hair",9.9867
"Female","Domestic Long Hair",8.4532
"Female","Domestic Medium Hair",8.9337
"Female","Domestic Long Hair",10.7724
"Male","Domestic Long Hair",10.9819
"Female","Domestic Short Hair",10.6919
"Male","Domestic Medium Hair",11.033
"Male","Domestic Medium Hair",8.8934
"Male","Domestic Short Hair",8.4483
"Female","Domestic Long Hair",9.729
"Male","Domestic Long Hair",10.4056
"Female","Domestic Medium Hair",10.0128
"Female","Domestic Long Hair",8.5897
"Female","Domestic Long Hair",11.5136
"Female","Domestic Medium Hair",12.0951
"Female","Domestic Long Hair",7.5967
"Male","Domestic Medium Hair",10.0601
"Male","Domestic Medium Hair",11.2908
"Male","Domestic Medium Hair",11.3002
"Male","Domestic Short Hair",8.0837
"Female","Domestic Short Hair",7.4902
"Male","Domestic Long Hair",11.0027
"Male","Domestic Medium Hair",9.2748
"Female","Domestic Short Hair",9.0365
"Male","Domestic Medium Hair",10.1692
"Male","Domestic Long Hair",10.5463
"Female","Domestic Short Hair",9.253
"Male","Domestic Long Hair",10.4445
"Female","Domestic Medium Hair",10.4971
"Female","Domestic Long Hair",9.6905
"Female","Domestic Long Hair",9.0864
"Female","Domestic Short Hair",7.0758
"Female","Domestic Medium Hair",10.3627
"Male","Domestic Short Hair",7.5308
"Male","Domestic Long Hair",10.2997
"Female","Domestic Long Hair",9.091
"Female","Domestic Medium Hair",12.0672
"Female","Domestic Short Hair",7.3732
"Female","Domestic Short Hair",6.741
"Female","Domestic Long Hair",10.5928
"Female","Domestic Long Hair",8.189
"Male","Domestic Short Hair",8.3263
"Male","Domestic Short Hair",10.7535
"Female","Domestic Short Hair",8.4606
"Male","Domestic Short Hair",8.2333
"Male","Domestic Short Hair",7.775
"Male","Domestic Short Hair",9.4644
"Male","Domestic Long Hair",10.5136
"Male","Domestic Long Hair",10.2386
"Male","Domestic Short Hair",7.9697
"Female","Domestic Short Hair",9.5524
"Male","Domestic Long Hair",11.1456
"Male","Domestic Short Hair",9.5723
"Male","Domestic Short Hair",10.1719
"Male","Domestic Medium Hair",10.6552
"Female","Domestic Long Hair",9.5484
"Female","Domestic Long Hair",11.2033
"Female","Domestic Short Hair",7.5432
"Male","Domestic Short Hair",11.1055
"Male","Domestic Short Hair",8.0858
"Female","Domestic Medium Hair",11.7178
"Male","Domestic Medium Hair",9.8493
"Male","Domestic Short Hair",9.8366
"Female","Domestic Long Hair",11.1578
"Male","Domestic Short Hair",9.7395
"Female","Domestic Long Hair",11.1821
"Male","Domestic Short Hair",9.8748
"Male","Domestic Long Hair",11.0009
"Female","Domestic Medium Hair",9.8395
"Male","Domestic Long Hair",10.4426
"Male","Domestic Short Hair",8.728
"Female","Domestic Medium Hair",8.2236
"Female","Domestic Long Hair",9.348
"Male","Domestic Short Hair",9.4643
"Female","Domestic Short Hair",9.5471
"Male","Domestic Medium Hair",10.1956
"Male","Domestic Medium Hair",9.3778
"Male","Domestic Short Hair",9.317
"Male","Domestic Short Hair",9.4395
"Male","Domestic Long Hair",11.5229
"Female","Domestic Long Hair",11.6441
"Female","Domestic Medium Hair",9.4545
"Female","Domestic Short Hair",8.3727
"Male","Domestic Long Hair",11.6396
"Female","Domestic Short Hair",7.4615
"Female","Domestic Long Hair",11.547
"Male","Domestic Long Hair",13.331
"Male","Domestic Short Hair",8.4855
"Male","Domestic Medium Hair",10.2795
"Female","Domestic Short Hair",8.5164
"Male","Domestic Medium Hair",9.2028
"Female","Domestic Short Hair",9.0973
"Female","Domestic Medium Hair",9.0697
"Male","Domestic Long Hair",10.6388
"Male","Domestic Medium Hair",11.4731
"Male","Domestic Short Hair",9.2356
"Male","Domestic Short Hair",8.5927
"Female","Domestic Medium Hair",11.0022
"Male","Domestic Medium Hair",10.7593
"Female","Domestic Medium Hair",9.5786
"Male","Domestic Short Hair",8.3598
"Female","Domestic Medium Hair",7.8635
"Male","Domestic Long Hair",12.2334
"Male","Domestic Short Hair",10.7719
"Male","Domestic Short Hair",7.883
"Female","Domestic Short Hair",8.7424
"Male","Domestic Long Hair",9.4151
"Male","Domestic Short Hair",8.7111
"Male","Domestic Medium Hair",11.5609
"Male","Domestic Medium Hair",10.0183
"Male","Domestic Short Hair",7.9814
"Female","Domestic Medium Hair",9.9586
"Female","Domestic Short Hair",8.3738
"Female","Domestic Short Hair",7.6704
"Female","Domestic Short Hair",9.7178
"Female","Domestic Medium Hair",11.3445
"Female","Domestic Medium Hair",8.7054
"Male","Domestic Long Hair",11.1915
"Female","Domestic Long Hair",8.5304
"Male","Domestic Medium Hair",8.6712
"Female","Domestic Medium Hair",11.7164
"Male","Domestic Short Hair",9.0295
"Female","Domestic Medium Hair",11.1542
"Female","Domestic Long Hair",9.7554
"Female","Domestic Long Hair",9.6534
"Female","Domestic Medium Hair",8.894
"Male","Domestic Short Hair",8.2727
"Female","Domestic Long Hair",10.4877
"Male","Domestic Short Hair",8.6701
"Female","Domestic Medium Hair",10.4576
"Female","Domestic Medium Hair",10.037
"Male","Domestic Long Hair",11.9598
"Male","Domestic Short Hair",10.3276
"Female","Domestic Short Hair",8.6324
"Female","Domestic Long Hair",8.9735
"Female","Domestic Medium Hair",11.9924
"Female","Domestic Medium Hair",9.4828
"Male","Domestic Medium Hair",9.7705
"Male","Domestic Medium Hair",9.8547
"Female","Domestic Long Hair",10.4918
"Female","Domestic Medium Hair",10.1601
"Male","Domestic Long Hair",11.2178
"Female","Domestic Medium Hair",9.4666
"Female","Domestic Medium Hair",10.6911
"Male","Domestic Long Hair",12.4718
"Female","Domestic Long Hair",10.0784
"Female","Domestic Long Hair",10.7064
"Male","Domestic Medium Hair",9.6622
"Female","Domestic Medium Hair",7.7975
"Female","Domestic Long Hair",9.9228
"Female","Domestic Long Hair",10.6388
"Female","Domestic Short Hair",8.7333
"Female","Domestic Long Hair",10.9495
"Female","Domestic Long Hair",9.7301
"Female","Domestic Short Hair",7.7486
"Male","Domestic Long Hair",12.5174
"Female","Domestic Short Hair",9.9996
"Female","Domestic Long Hair",11.4851
"Female","Domestic Long Hair",9.9207
"Male","Domestic Short Hair",8.1441
"Female","Domestic Short Hair",10.4978
"Female","Domestic Short Hair",9.0897
"Male","Domestic Short Hair",9.1665
"Male","Domestic Short Hair",9.4671
"Female","Domestic Medium Hair",11.887
"Male","Domestic Long Hair",9.9554
"Male","Domestic Long Hair",8.1619
"Female","Domestic Short Hair",10.0796
"Male","Domestic Medium Hair",12.029
"Male","Domestic Long Hair",12.2674
"Female","Domestic Short Hair",8.2622
"Male","Domestic Medium Hair",9.598
"Female","Domestic Long Hair",11.9394
"Female","Domestic Medium Hair",9.617
"Male","Domestic Medium Hair",10.0031
"Female","Domestic Short Hair",9.2284
"Male","Domestic Long Hair",11.8487
"Male","Domestic Long Hair",12.8948
"Male","Domestic Medium Hair",10.9112
"Female","Domestic Short Hair",8.0366
"Female","Domestic Short Hair",9.0197
"Male","Domestic Long Hair",11.0488
"Female","Domestic Long Hair",11.6733
"Female","Domestic Medium Hair",11.1203
"Female","Domestic Short Hair",7.8482
"Male","Domestic Short Hair",9.3115
"Female","Domestic Medium Hair",8.4828
"Female","Domestic Short Hair",7.397
"Female","Domestic Medium Hair",10.6335
"Female","Domestic Short Hair",9.9453
"Male","Domestic Short Hair",8.6697
"Female","Domestic Long Hair",8.2252
"Male","Domestic Medium Hair",12.2308
"Female","Domestic Short Hair",8.2304
"Male","Domestic Long Hair",11.2435
"Female","Domestic Medium Hair",10.174
"Male","Domestic Medium Hair",8.9996
"Female","Domestic Long Hair",10.528
"Female","Domestic Short Hair",9.6584
"Female","Domestic Medium Hair",7.9217
"Female","Domestic Short Hair",7.0777
"Female","Domestic Medium Hair",9.5443
"Male","Domestic Short Hair",7.5821
"Female","Domestic Medium Hair",10.4976
"Male","Domestic Medium Hair",9.7655
"Female","Domestic Medium Hair",10.2789
"Female","Domestic Short Hair",8.703
"Male","Domestic Long Hair",12.1138
"Male","Domestic Medium Hair",10.5243
"Female","Domestic Long Hair",11.1627
"Female","Domestic Medium Hair",10.1726
"Female","Domestic Long Hair",8.7181
"Male","Domestic Long Hair",10.5341
"Female","Domestic Short Hair",7.9181
"Female","Domestic Medium Hair",9.2976
"Male","Domestic Long Hair",12.6081
"Male","Domestic Medium Hair",10.7381
"Female","Domestic Short Hair",8.3646
"Female","Domestic Short Hair",7.8469
"Female","Domestic Medium Hair",9.1963
"Female","Domestic Medium Hair",8.9018
"Male","Domestic Medium Hair",10.6356
"Male","Domestic Long Hair",12.631
"Male","Domestic Short Hair",8.8791
"Male","Domestic Short Hair",8.9916
"Female","Domestic Medium Hair",9.8056
"Female","Domestic Long Hair",7.6107
"Female","Domestic Medium Hair",10.5202
"Female","Domestic Short Hair",7.8413
"Female","Domestic Medium Hair",9.5057
"Male","Domestic Long Hair",9.9155
"Female","Domestic Short Hair",9.8026
"Female","Domestic Medium Hair",10.3641
"Female","Domestic Medium Hair",8.8833
"Male","Domestic Long Hair",10.5726
"Male","Domestic Short Hair",9.5029
"Male","Domestic Short Hair",9.6661
"Female","Domestic Long Hair",9.3943
"Female","Domestic Medium Hair",8.6097
"Female","Domestic Short Hair",6.2774
"Female","Domestic Medium Hair",9.9051
"Female","Domestic Short Hair",7.8535
"Male","Domestic Short Hair",9.6059
"Male","Domestic Short Hair",8.1962
"Male","Domestic Long Hair",10.348
"Male","Domestic Medium Hair",11.7067
"Female","Domestic Long Hair",8.8887
"Female","Domestic Long Hair",9.4266
"Female","Domestic Short Hair",4.5358
"Female","Domestic Medium Hair",11.2347
"Female","Domestic Short Hair",8.4396
"Male","Domestic Short Hair",8.5446
"Female","Domestic Short Hair",9.4055
"Female","Domestic Medium Hair",9.9345
"Male","Domestic Long Hair",13.0028
"Female","Domestic Short Hair",10.0511
"Male","Domestic Long Hair",12.3568
"Female","Domestic Medium Hair",9.0987
"Male","Domestic Long Hair",11.3143
"Female","Domestic Medium Hair",9.0158
"Male","Domestic Medium Hair",10.7529
"Male","Domestic Medium Hair",10.8497
"Male","Domestic Medium Hair",11.1198
"Female","Domestic Long Hair",9.7869
"Male","Domestic Long Hair",10.4566
"Male","Domestic Medium Hair",8.9165
"Male","Domestic Long Hair",9.9086
"Female","Domestic Short Hair",9.3406
"Male","Domestic Medium Hair",10.6666
"Male","Domestic Long Hair",9.8276
"Male","Domestic Medium Hair",11.2214
"Male","Domestic Medium Hair",9.3427
"Female","Domestic Long Hair",8.583
"Male","Domestic Long Hair",10.4912
"Male","Domestic Long Hair",10.4007
"Female","Domestic Medium Hair",9.2891
"Male","Domestic Short Hair",7.4636
"Male","Domestic Long Hair",11.3384
"Male","Domestic Long Hair",12.2868
"Male","Domestic Short Hair",8.5161
"Male","Domestic Short Hair",8.39
"Male","Domestic Long Hair",9.7252
"Female","Domestic Medium Hair",9.3099
"Male","Domestic Short Hair",7.9243
"Male","Domestic Short Hair",9.205
"Male","Domestic Short Hair",8.0751
"Male","Domestic Short Hair",7.1379
"Male","Domestic Short Hair",9.0388
"Female","Domestic Medium Hair",11.5831
"Male","Domestic Short Hair",9.2203
"Male","Domestic Short Hair",10.035
"Male","Domestic Long Hair",9.6916
"Female","Domestic Short Hair",8.0887
"Female","Domestic Short Hair",8.4457
"Female","Domestic Long Hair",8.8922
"Male","Domestic Medium Hair",12.4335
"Female","Domestic Long Hair",11.5003
"Female","Domestic Long Hair",7.9636
"Male","Domestic Short Hair",8.867
"Female","Domestic Short Hair",8.3128
"Female","Domestic Short Hair",8.6028
"Female","Domestic Short Hair",7.4756
"Female","Domestic Medium Hair",9.3602
"Male","Domestic Short Hair",9.1127
"Female","Domestic Medium Hair",10.8419
"Female","Domestic Short Hair",7.3119
"Male","Domestic Long Hair",10.9446
"Male","Domestic Medium Hair",10.5616
"Female","Domestic Short Hair",7.6556
"Male","Domestic Long Hair",11.2285
"Male","Domestic Long Hair",10.3302
"Female","Domestic Short Hair",7.6705
"Female","Domestic Short Hair",8.3229
"Female","Domestic Short Hair",7.2351
"Female","Domestic Long Hair",10.5964
"Male","Domestic Medium Hair",10.7139
"Female","Domestic Medium Hair",8.826
"Male","Domestic Short Hair",8.1862
"Female","Domestic Short Hair",7.5898
"Female","Domestic Short Hair",7.5921
"Female","Domestic Short Hair",9.7177
"Male","Domestic Medium Hair",11.0096
"Female","Domestic Short Hair",8.6725
"Male","Domestic Short Hair",8.6377
"Female","Domestic Short Hair",8.9988
"Female","Domestic Short Hair",7.9926
"Female","Domestic Short Hair",8.3489
"Male","Domestic Short Hair",9.7536
"Female","Domestic Short Hair",8.0976
"Male","Domestic Medium Hair",9.7873
"Female","Domestic Long Hair",10.8266
"Female","Domestic Short Hair",7.2748
"Male","Domestic Medium Hair",12.4803
"Male","Domestic Short Hair",8.7366
"Female","Domestic Long Hair",8.4326
"Male","Domestic Short Hair",9.9153
"Male","Domestic Short Hair",8.0216
"Male","Domestic Long Hair",12.1925
"Female","Domestic Short Hair",8.556
"Female","Domestic Short Hair",7.7554
"Male","Domestic Long Hair",10.0706
"Female","Domestic Short Hair",7.6152
"Female","Domestic Medium Hair",8.0472
"Female","Domestic Short Hair",7.8118
"Female","Domestic Short Hair",8.9989
"Male","Domestic Long Hair",11.7616
"Male","Domestic Short Hair",9.0692
"Female","Domestic Short Hair",10.7379
"Male","Domestic Short Hair",9.3539
"Female","Domestic Long Hair",9.7075
"Female","Domestic Short Hair",8.5715
"Female","Domestic Long Hair",8.7604
"Female","Domestic Short Hair",7.959
"Female","Domestic Short Hair",9.2506
"Female","Domestic Short Hair",6.8929
"Male","Domestic Short Hair",7.3481
"Male","Domestic Short Hair",7.8285
"Female","Domestic Short Hair",8.5444
"Male","Domestic Medium Hair",11.3351
"Female","Domestic Short Hair",9.7926
"Female","Domestic Medium Hair",10.1788
"Female","Domestic Short Hair",7.2159
"Female","Domestic Medium Hair",9.7741
"Female","Domestic Long Hair",9.3943
"Male","Domestic Long Hair",12.3203
"Female","Domestic Long Hair",9.3354
"Male","Domestic Long Hair",9.7252
"Male","Domestic Short Hair",9.7887
"Female","Domestic Short Hair",8.0855
"Female","Domestic Short Hair",10.6993
"Female","Domestic Medium Hair",10.1002
"Male","Domestic Long Hair",10.8027
"Female","Domestic Medium Hair",7.9048
"Female","Domestic Long Hair",10.2453
"Male","Domestic Long Hair",10.7156
"Male","Domestic Short Hair",9.9581
"Female","Domestic Short Hair",8.0041
"Female","Domestic Medium Hair",8.4358
"Female","Domestic Long Hair",9.6414
"Male","Domestic Short Hair",9.0998
"Female","Domestic Long Hair",10.4407
"Male","Domestic Long Hair",10.23
"Female","Domestic Short Hair",8.5731
"Male","Domestic Short Hair",7.8469
"Female","Domestic Short Hair",10.1869
"Male","Domestic Long Hair",12.9625
"Female","Domestic Long Hair",10.9579
"Female","Domestic Short Hair",7.5388
"Male","Domestic Medium Hair",9.8627
"Female","Domestic Long Hair",10.4367
"Female","Domestic Short Hair",6.8737
"Female","Domestic Long Hair",10.0625
"Female","Domestic Medium Hair",9.754
"Male","Domestic Short Hair",10.094
"Female","Domestic Long Hair",10.3021
"Male","Domestic Short Hair",7.7215
"Male","Domestic Short Hair",9.153
"Female","Domestic Medium Hair",9.2269
"Female","Domestic Medium Hair",9.553
"Female","Domestic Long Hair",11.5056
"Female","Domestic Medium Hair",11.6872
"Female","Domestic Long Hair",12.2945
"Female","Domestic Short Hair",9.2559
"Female","Domestic Long Hair",10.4065
"Female","Domestic Short Hair",7.3669
"Female","Domestic Short Hair",9.8348
"Female","Domestic Medium Hair",9.7832
"Female","Domestic Medium Hair",9.0846
"Female","Domestic Short Hair",7.5571
"Male","Domestic Long Hair",10.8286
"Female","Domestic Short Hair",7.5961
"Male","Domestic Medium Hair",9.1223
"Male","Domestic Medium Hair",10.5924
"Female","Domestic Medium Hair",9.2533
"Male","Domestic Short Hair",9.8701
"Male","Domestic Short Hair",10.5035
"Female","Domestic Short Hair",8.7102
"Female","Domestic Medium Hair",9.8396
"Male","Domestic Short Hair",7.0357
"Male","Domestic Short Hair",8.3792
"Female","Domestic Short Hair",9.563
"Male","Domestic Short Hair",8.399
"Male","Domestic Medium Hair",9.8877
"Male","Domestic Long Hair",10.4896
"Male","Domestic Long Hair",10.7672
"Female","Domestic Short Hair",6.7185
"Female","Domestic Long Hair",10.7776
"Female","Domestic Short Hair",8.9045
"Male","Domestic Long Hair",10.3296
"Female","Domestic Medium Hair",9.6149
"Female","Domestic Long Hair",8.3747
"Female","Domestic Long Hair",9.3934
"Female","Domestic Long Hair",9.4698
"Male","Domestic Long Hair",10.9046
"Male","Domestic Long Hair",11.2892
"Female","Domestic Short Hair",8.4294
"Male","Domestic Long Hair",10.0391
"Male","Domestic Long Hair",10.6311
"Male","Domestic Short Hair",9.2668
"Male","Domestic Long Hair",10.1792
"Female","Domestic Short Hair",8.0246
"Male","Domestic Medium Hair",10.8628
"Male","Domestic Long Hair",9.806
"Male","Domestic Short Hair",8.2174
"Female","Domestic Short Hair",9.5262
"Male","Domestic Long Hair",11.1145
"Female","Domestic Long Hair",9.9475
"Female","Domestic Long Hair",9.5788
"Male","Domestic Long Hair",10.1723
"Male","Domestic Short Hair",9.4595
"Male","Domestic Medium Hair",10.0434
"Male","Domestic Long Hair",12.9385
"Female","Domestic Medium Hair",8.0631
"Male","Domestic Short Hair",8.885
"Female","Domestic Medium Hair",10.795
"Female","Domestic Long Hair",11.8362
"Male","Domestic Long Hair",10.6967
"Female","Domestic Long Hair",9.9564
"Female","Domestic Medium Hair",9.9284
"Female","Domestic Short Hair",8.978
"Female","Domestic Long Hair",10.4683
"Male","Domestic Long Hair",11.7525
"Female","Domestic Short Hair",7.9128
"Female","Domestic Medium Hair",9.8148
"Male","Domestic Short Hair",9.0481
"Female","Domestic Medium Hair",7.9206
"Female","Domestic Medium Hair",9.52
"Female","Domestic Medium Hair",8.8208
"Female","Domestic Long Hair",9.0527
"Male","Domestic Long Hair",10.888
"Female","Domestic Long Hair",8.1688
"Male","Domestic Short Hair",10.4973
"Male","Domestic Medium Hair",10.317
"Female","Domestic Short Hair",7.7318
"Female","Domestic Long Hair",8.6123
"Female","Domestic Short Hair",6.4825
"Male","Domestic Short Hair",9.6549
"Female","Domestic Long Hair",9.9316
"Female","Domestic Short Hair",8.7687
"Female","Domestic Long Hair",10.092
"Female","Domestic Long Hair",11.4264
"Female","Domestic Long Hair",9.1823
"Male","Domestic Short Hair",9.2206
"Male","Domestic Long Hair",11.5516
"Male","Domestic Medium Hair",9.0506
"Female","Domestic Long Hair",8.9546
"Female","Domestic Short Hair",6.3585
"Female","Domestic Short Hair",9.4881
"Male","Domestic Long Hair",10.126
"Female","Domestic Long Hair",10.9288
"Male","Domestic Short Hair",8.5769
"Female","Domestic Medium Hair",9.9735
"Female","Domestic Short Hair",9.3568
"Female","Domestic Long Hair",9.4149
"Female","Domestic Medium Hair",8.1133
"Male","Domestic Short Hair",9.5452
"Female","Domestic Medium Hair",8.9506
"Female","Domestic Medium Hair",10.1884
"Male","Domestic Short Hair",9.5139
"Male","Domestic Short Hair",11.4875
"Female","Domestic Short Hair",9.1959
"Female","Domestic Long Hair",10.8188
"Male","Domestic Long Hair",9.3091
"Female","Domestic Medium Hair",10.6405
"Male","Domestic Short Hair",9.3191
"Male","Domestic Short Hair",9.7086
"Male","Domestic Long Hair",11.6506
"Male","Domestic Medium Hair",10.6528
"Female","Domestic Medium Hair",9.0972
"Female","Domestic Short Hair",8.7107
"Male","Domestic Medium Hair",10.9368
"Female","Domestic Short Hair",7.664
"Female","Domestic Short Hair",8.8408
"Male","Domestic Short Hair",9.414
"Female","Domestic Short Hair",8.2146
"Male","Domestic Long Hair",11.2008
"Female","Domestic Long Hair",9.1507
"Male","Domestic Long Hair",10.8237
"Male","Domestic Medium Hair",10.8827
"Male","Domestic Medium Hair",8.5603
"Male","Domestic Long Hair",11.3729
"Female","Domestic Medium Hair",9.4776
"Female","Domestic Medium Hair",10.0957
"Female","Domestic Short Hair",8.7585
"Female","Domestic Long Hair",9.4171
"Female","Domestic Short Hair",7.6851
"Male","Domestic Medium Hair",11.4566
"Male","Domestic Medium Hair",10.8411
"Female","Domestic Medium Hair",10.5946
"Female","Domestic Short Hair",8.4994
"Female","Domestic Short Hair",8.2027
"Female","Domestic Long Hair",10.251
"Female","Domestic Short Hair",9.1196
"Female","Domestic Short Hair",8.922
"Female","Domestic Long Hair",10.2948
"Male","Domestic Short Hair",8.5047
"Male","Domestic Medium Hair",9.6381
"Female","Domestic Long Hair",9.9682
"Male","Domestic Short Hair",10.8272
"Male","Domestic Short Hair",8.1254
"Female","Domestic Medium Hair",9.2634
"Female","Domestic Short Hair",8.6541
"Female","Domestic Medium Hair",8.4523
"Male","Domestic Long Hair",9.3763
"Female","Domestic Medium Hair",9.0391
"Female","Domestic Medium Hair",8.5188
"Male","Domestic Short Hair",7.8647
"Male","Domestic Short Hair",8.5035
"Female","Domestic Short Hair",9.6646
"Female","Domestic Medium Hair",9.3812
"Male","Domestic Long Hair",12.0036
"Male","Domestic Long Hair",12.6222
"Male","Domestic Long Hair",9.2587
"Male","Domestic Short Hair",9.0577
"Male","Domestic Long Hair",10.2296
"Male","Domestic Medium Hair",12.1539
"Female","Domestic Short Hair",9.2629
"Male","Domestic Short Hair",9.7706
"Male","Domestic Short Hair",8.7799
"Female","Domestic Long Hair",8.8394
"Female","Domestic Short Hair",8.2676
"Female","Domestic Medium Hair",7.2618
"Male","Domestic Medium Hair",11.2863
"Female","Domestic Short Hair",7.8812
"Male","Domestic Long Hair",11.4307
"Female","Domestic Medium Hair",10.5936
"Female","Domestic Long Hair",10.7697
"Male","Domestic Medium Hair",8.7958
"Female","Domestic Medium Hair",9.1007
"Female","Domestic Long Hair",10.9769
"Male","Domestic Medium Hair",10.2953
"Male","Domestic Short Hair",9.519
"Female","Domestic Medium Hair",10.2605
"Female","Domestic Short Hair",9.5269
"Male","Domestic Short Hair",8.7211
"Female","Domestic Short Hair",8.2046
"Female","Domestic Long Hair",8.2115
"Female","Domestic Long Hair",10.1118
"Female","Domestic Medium Hair",9.7364
"Male","Domestic Short Hair",9.0308
"Male","Domestic Long Hair",11.1779
"Female","Domestic Short Hair",8.5548
"Female","Domestic Short Hair",9.7897
"Male","Domestic Long Hair",11.8791
"Female","Domestic Long Hair",9.5448
"Male","Domestic Long Hair",11.4502
"Male","Domestic Medium Hair",11.1065
"Female","Domestic Medium Hair",10.9672
"Female","Domestic Short Hair",8.3661
"Female","Domestic Long Hair",11.3113
"Female","Domestic Short Hair",8.1241
"Female","Domestic Medium Hair",9.3533
"Male","Domestic Short Hair",8.7531
"Female","Domestic Short Hair",9.9822
"Male","Domestic Long Hair",11.7604
"Female","Domestic Medium Hair",9.0772
"Female","Domestic Medium Hair",9.1097
"Female","Domestic Short Hair",9.672
"Male","Domestic Medium Hair",11.54
"Female","Domestic Medium Hair",8.5958
"Female","Domestic Medium Hair",10.834
"Male","Domestic Long Hair",12.1837
"Female","Domestic Short Hair",10.4107
"Female","Domestic Short Hair",8.5936
"Male","Domestic Long Hair",10.6176
"Female","Domestic Short Hair",9.7896
"Female","Domestic Short Hair",7.5522
"Male","Domestic Long Hair",10.5504
"Male","Domestic Long Hair",10.7868
"Female","Domestic Long Hair",9.4455
"Male","Domestic Medium Hair",10.3656
"Male","Domestic Short Hair",8.3012
"Male","Domestic Medium Hair",10.9045
"Female","Domestic Long Hair",10.0988
"Male","Domestic Medium Hair",10.0285
"Female","Domestic Short Hair",5.9797
"Male","Domestic Medium Hair",10.1265
"Female","Domestic Long Hair",8.9281
"Female","Domestic Long Hair",9.6014
"Female","Domestic Medium Hair",10.1868
"Male","Domestic Medium Hair",8.3082
"Female","Domestic Medium Hair",8.4736
"Female","Domestic Medium Hair",10.6937
"Female","Domestic Medium Hair",10.218
"Female","Domestic Medium Hair",9.1494
"Male","Domestic Long Hair",8.0221
"Male","Domestic Medium Hair",9.2907
"Male","Domestic Short Hair",10.4437
"Female","Domestic Short Hair",8.056
"Female","Domestic Short Hair",8.5069
"Male","Domestic Short Hair",9.5049
"Male","Domestic Medium Hair",10.0043
"Female","Domestic Long Hair",8.8008
"Female","Domestic Long Hair",10.422
"Male","Domestic Short Hair",8.8049
"Male","Domestic Medium Hair",10.5987
"Female","Domestic Short Hair",8.2237
"Female","Domestic Medium Hair",9.2843
"Male","Domestic Medium Hair",10.9123
"Female","Domestic Medium Hair",10.6456
"Male","Domestic Medium Hair",11.2033
"Female","Domestic Medium Hair",8.3777
"Female","Domestic Long Hair",9.7244
"Male","Domestic Long Hair",10.0091
"Female","Domestic Long Hair",9.886
"Female","Domestic Medium Hair",9.8543
"Female","Domestic Short Hair",9.4686
"Male","Domestic Long Hair",11.7365
"Female","Domestic Long Hair",8.5538
"Female","Domestic Medium Hair",10.4788
"Female","Domestic Long Hair",9.8866
"Female","Domestic Short Hair",9.3957
"Male","Domestic Long Hair",11.8279
"Female","Domestic Medium Hair",7.9139
"Female","Domestic Long Hair",8.2765
"Female","Domestic Short Hair",8.7651
"Male","Domestic Short Hair",9.1818
"Female","Domestic Long Hair",9.6919
"Male","Domestic Short Hair",9.2879
"Male","Domestic Medium Hair",10.5231
"Male","Domestic Short Hair",8.1548
"Female","Domestic Short Hair",9.2069
"Male","Domestic Long Hair",10.2916
"Male","Domestic Short Hair",9.465
"Male","Domestic Short Hair",8.4752
"Male","Domestic Short Hair",8.3475
"Female","Domestic Long Hair",9.666
"Female","Domestic Medium Hair",10.0007
"Female","Domestic Long Hair",10.5827
"Male","Domestic Short Hair",7.9489
"Female","Domestic Long Hair",10.4256
"Male","Domestic Short Hair",10.2549
"Male","Domestic Long Hair",12.3023
"Female","Domestic Long Hair",10.4515
"Male","Domestic Medium Hair",11.0194
"Female","Domestic Short Hair",8.1497
"Male","Domestic Medium Hair",10.2627
"Female","Domestic Medium Hair",9.3068
"Female","Domestic Medium Hair",10.8158
"Female","Domestic Short Hair",9.6216
"Female","Domestic Medium Hair",9.0335
"Female","Domestic Short Hair",9.6071
"Male","Domestic Short Hair",9.0301
"Male","Domestic Medium Hair",10.8378
"Female","Domestic Short Hair",8.9376
"Female","Domestic Long Hair",11.9534
"Female","Domestic Long Hair",10.1979
"Female","Domestic Short Hair",9.3966
"Female","Domestic Medium Hair",11.228
"Female","Domestic Short Hair",7.8694
"Female","Domestic Short Hair",7.8953
"Male","Domestic Medium Hair",11.4544
"Male","Domestic Short Hair",9.9828
"Female","Domestic Long Hair",10.3281
"Male","Domestic Medium Hair",12.3906
"Male","Domestic Medium Hair",10.9031
"Male","Domestic Medium Hair",10.5517
"Male","Domestic Short Hair",8.4801
"Male","Domestic Long Hair",11.8758
"Female","Domestic Long Hair",11.8341
"Female","Domestic Medium Hair",9.4254
"Male","Domestic Short Hair",9.1273
"Female","Domestic Medium Hair",8.9144
"Male","Domestic Medium Hair",10.3616
"Female","Domestic Long Hair",10.6564
"Female","Domestic Medium Hair",10.7925
"Male","Domestic Long Hair",11.6191
"Female","Domestic Short Hair",7.6336
"Female","Domestic Long Hair",10.9399
"Female","Domestic Long Hair",10.0903
"Male","Domestic Medium Hair",12.3336
"Male","Domestic Medium Hair",11.1394
"Female","Domestic Short Hair",7.7055
"Female","Domestic Medium Hair",10.3222
"Female","Domestic Long Hair",8.6021
"Male","Domestic Short Hair",9.5519
"Male","Domestic Long Hair",12.1567
"Male","Domestic Long Hair",12.8966
"Male","Domestic Short Hair",9.3711
"Male","Domestic Medium Hair",9.5494
"Female","Domestic Short Hair",9.2751
"Male","Domestic Long Hair",11.831
"Male","Domestic Long Hair",10.8546
"Male","Domestic Long Hair",10.3731
"Female","Domestic Short Hair",9.2859
"Female","Domestic Short Hair",7.8473
"Female","Domestic Short Hair",7.7083
"Female","Domestic Short Hair",7.9723
"Female","Domestic Long Hair",10.9892
"Female","Domestic Short Hair",8.2909
"Male","Domestic Short Hair",8.9833
"Male","Domestic Short Hair",9.373
"Male","Domestic Long Hair",10.6901
"Female","Domestic Medium Hair",10.1131
"Female","Domestic Short Hair",8.9044
"Male","Domestic Long Hair",9.566
"Female","Domestic Short Hair",7.4117
"Male","Domestic Medium Hair",10.804
"Female","Domestic Short Hair",7.2383
"Male","Domestic Medium Hair",10.0137
"Female","Domestic Long Hair",10.1477
"Female","Domestic Medium Hair",8.603
"Female","Domestic Medium Hair",10.9545
"Female","Domestic Medium Hair",10.0605
"Female","Domestic Long Hair",9.8406
"Female","Domestic Medium Hair",8.6236
"Male","Domestic Short Hair",10.7973
"Female","Domestic Medium Hair",9.9049
"Female","Domestic Long Hair",10.1561
"Female","Domestic Medium Hair",11.5488
"Male","Domestic Long Hair",10.5082
"Male","Domestic Long Hair",12.3554
"Female","Domestic Medium Hair",11.2091
"Female","Domestic Medium Hair",9.5794
"Female","Domestic Medium Hair",10.9718
"Female","Domestic Short Hair",10.2837
"Female","Domestic Short Hair",9.498
"Male","Domestic Long Hair",12.2953
"Female","Domestic Medium Hair",9.6498
"Female","Domestic Short Hair",7.3617
"Male","Domestic Medium Hair",11.2783
"Female","Domestic Medium Hair",11.1296
"Female","Domestic Long Hair",10.3529
"Male","Domestic Short Hair",9.5237
"Female","Domestic Medium Hair",8.7017
"Female","Domestic Short Hair",8.5609
"Female","Domestic Short Hair",8.4259
"Male","Domestic Short Hair",9.455
"Female","Domestic Medium Hair",10.1055
"Male","Domestic Short Hair",5.7792
"Male","Domestic Medium Hair",9.5286
"Female","Domestic Long Hair",8.6757
"Male","Domestic Short Hair",8.4235
"Male","Domestic Long Hair",11.5537
"Female","Domestic Medium Hair",8.8023
"Male","Domestic Medium Hair",10.8357
"Male","Domestic Short Hair",9.7688
"Female","Domestic Medium Hair",10.7293
"Male","Domestic Short Hair",9.5968
"Female","Domestic Short Hair",8.838
"Male","Domestic Short Hair",10.0446
"Male","Domestic Medium Hair",10.262
"Male","Domestic Short Hair",7.9704
"Male","Domestic Long Hair",10.4159
"Male","Domestic Long Hair",11.3437
"Male","Domestic Long Hair",12.1217
"Male","Domestic Medium Hair",9.2179
"Female","Domestic Long Hair",10.1454
"Female","Domestic Long Hair",10.3459
"Female","Domestic Long Hair",7.8811
"Female","Domestic Short Hair",7.7884
"Female","Domestic Medium Hair",10.6708
"Female","Domestic Short Hair",9.1561
"Female","Domestic Medium Hair",9.4182
"Male","Domestic Long Hair",11.3375
"Male","Domestic Long Hair",10.179
"Male","Domestic Short Hair",8.5191
"Male","Domestic Short Hair",7.997
"Male","Domestic Medium Hair",9.995
"Female","Domestic Medium Hair",9.667
"Female","Domestic Short Hair",8.7713
"Female","Domestic Medium Hair",9.1812
"Female","Domestic Short Hair",6.2503
"Male","Domestic Medium Hair",10.3501
"Male","Domestic Long Hair",11.6947
"Female","Domestic Medium Hair",8.752
"Male","Domestic Short Hair",8.5823
"Female","Domestic Medium Hair",9.0519
"Female","Domestic Short Hair",10.4782
"Female","Domestic Medium Hair",8.4159
"Male","Domestic Medium Hair",9.7823
"Female","Domestic Short Hair",9.015
"Female","Domestic Medium Hair",9.7962
"Male","Domestic Medium Hair",9.2875
"Female","Domestic Short Hair",9.5223
"Male","Domestic Short Hair",9.9716
"Male","Domestic Medium Hair",10.2962
"Male","Domestic Long Hair",11.8234
"Male","Domestic Short Hair",8.6327
"Female","Domestic Long Hair",10.8711
"Female","Domestic Medium Hair",9.7307
"Male","Domestic Long Hair",10.6832
"Male","Domestic Short Hair",7.8725
"Female","Domestic Medium Hair",8.2992
"Male","Domestic Long Hair",9.5454
"Female","Domestic Medium Hair",10.6894
"Male","Domestic Long Hair",10.5144
"Male","Domestic Short Hair",9.6315
"Female","Domestic Short Hair",7.6664
"Female","Domestic Medium Hair",10.4199
"Male","Domestic Long Hair",11.7247
"Male","Domestic Short Hair",9.6442
"Male","Domestic Long Hair",11.4341
"Female","Domestic Short Hair",9.353
"Female","Domestic Long Hair",10.4378
"Female","Domestic Medium Hair",11.061
"Male","Domestic Medium Hair",10.8369
"Female","Domestic Short Hair",8.8163
"Female","Domestic Medium Hair",10.1094
"Female","Domestic Medium Hair",10.759
"Male","Domestic Short Hair",8.2685
"Female","Domestic Short Hair",8.007
"Male","Domestic Medium Hair",11.7584
"Male","Domestic Medium Hair",9.2523
"Female","Domestic Long Hair",10.5688
"Female","Domestic Medium Hair",9.2955
"Male","Domestic Long Hair",10.8114
"Female","Domestic Short Hair",8.2194
"Male","Domestic Short Hair",10.0815
"Female","Domestic Long Hair",11.3419
"Male","Domestic Long Hair",12.2478
"Female","Domestic Short Hair",8.1503
"Female","Domestic Medium Hair",9.9019
"Female","Domestic Short Hair",7.749
"Female","Domestic Medium Hair",9.6856
"Male","Domestic Long Hair",10.7374
"Female","Domestic Short Hair",9.5056
"Male","Domestic Long Hair",10.1931
"Female","Domestic Medium Hair",9.837
"Female","Domestic Long Hair",9.7771
"Female","Domestic Medium Hair",10.2955
"Female","Domestic Medium Hair",10.497
"Male","Domestic Long Hair",10.2238
"Male","Domestic Long Hair",10.6985
"Female","Domestic Long Hair",10.7178
"Male","Domestic Long Hair",10.3161
"Female","Domestic Short Hair",6.8124
"Female","Domestic Long Hair",10.7199
"Female","Domestic Short Hair",7.8956
"Female","Domestic Short Hair",9.1336
"Male","Domestic Medium Hair",9.6605
"Male","Domestic Medium Hair",8.6188
"Male","Domestic Long Hair",11.118
"Female","Domestic Long Hair",9.2752
"Male","Domestic Medium Hair",11.1728
"Female","Domestic Short Hair",9.4703
"Female","Domestic Short Hair",7.6401
"Female","Domestic Medium Hair",9.1637
"Male","Domestic Long Hair",11.0478
"Male","Domestic Long Hair",10.9839
"Male","Domestic Short Hair",9.9124
"Male","Domestic Short Hair",9.2982
"Female","Domestic Medium Hair",9.787
"Female","Domestic Long Hair",10.0391
"Female","Domestic Long Hair",11.0999
"Female","Domestic Long Hair",9.6028
"Female","Domestic Medium Hair",9.083
"Female","Domestic Short Hair",8.2618
"Female","Domestic Short Hair",9.3484
"Female","Domestic Long Hair",9.2323
"Female","Domestic Long Hair",11.5896
"Male","Domestic Short Hair",8.1624
"Male","Domestic Long Hair",12.3107
"Female","Domestic Medium Hair",7.2728
"Female","Domestic Long Hair",11.5255
"Female","Domestic Medium Hair",10.668
"Female","Domestic Medium Hair",10.216
"Male","Domestic Long Hair",12.8262
"Female","Domestic Short Hair",8.5884
"Male","Domestic Short Hair",10.8417
"Female","Domestic Short Hair",8.1623
"Male","Domestic Long Hair",10.8008
"Male","Domestic Medium Hair",10.3269
"Male","Domestic Short Hair",10.117
"Male","Domestic Long Hair",13.1956
"Female","Domestic Medium Hair",9.8773
"Male","Domestic Medium Hair",9.9151
"Male","Domestic Short Hair",8.6759
"Male","Domestic Medium Hair",10.1072
"Male","Domestic Medium Hair",12.5622
"Male","Domestic Medium Hair",10.1613
"Female","Domestic Short Hair",7.8001
"Male","Domestic Short Hair",8.3686
"Female","Domestic Long Hair",9.7653
"Female","Domestic Medium Hair",9.9847
"Male","Domestic Short Hair",9.542
"Female","Domestic Medium Hair",10.0368
"Female","Domestic Medium Hair",9.3467
"Male","Domestic Long Hair",11.79
"Female","Domestic Medium Hair",8.8652
"Female","Domestic Short Hair",8.7846
"Female","Domestic Long Hair",11.899
"Female","Domestic Long Hair",10.6646
"Female","Domestic Medium Hair",8.6946
"Female","Domestic Medium Hair",10.6877
"Male","Domestic Short Hair",8.6855
"Male","Domestic Short Hair",7.9609
"Female","Domestic Short Hair",9.9981
"Male","Domestic Short Hair",9.2311
"Female","Domestic Short Hair",8.8793
"Female","Domestic Short Hair",8.6756
"Female","Domestic Short Hair",9.9293
"Male","Domestic Medium Hair",11.6407
"Male","Domestic Long Hair",10.5821
"Male","Domestic Long Hair",9.9663
"Male","Domestic Short Hair",10.2361
"Male","Domestic Long Hair",10.8368
"Male","Domestic Long Hair",12.2216
"Male","Domestic Short Hair",9.5651
"Female","Domestic Short Hair",9.5131
"Male","Domestic Short Hair",8.6061
"Male","Domestic Long Hair",10.9219
"Male","Domestic Short Hair",10.0421
"Female","Domestic Long Hair",9.2069
"Female","Domestic Short Hair",9.6317
"Female","Domestic Short Hair",8.0414
"Female","Domestic Long Hair",8.2715
"Female","Domestic Short Hair",7.3116
"Male","Domestic Long Hair",10.7123
"Female","Domestic Short Hair",9.6313
"Female","Domestic Medium Hair",9.8364
"Female","Domestic Short Hair",9.0994
"Male","Domestic Long Hair",11.8534
"Male","Domestic Short Hair",6.6975
"Female","Domestic Short Hair",6.9511
"Male","Domestic Short Hair",9.6238
"Female","Domestic Short Hair",8.0762
"Female","Domestic Medium Hair",8.5393
"Female","Domestic Short Hair",8.2757
"Male","Domestic Short Hair",6.7449
"Male","Domestic Short Hair",9.747
"Female","Domestic Long Hair",10.5571
"Female","Domestic Short Hair",8.4299
"Male","Domestic Short Hair",9.863
"Male","Domestic Short Hair",8.1136
"Female","Domestic Medium Hair",10.59
"Female","Domestic Long Hair",10.7
"Male","Domestic Short Hair",9.8878
"Female","Domestic Short Hair",10.7452
"Female","Domestic Short Hair",8.0144
"Male","Domestic Medium Hair",9.7957
"Male","Domestic Short Hair",9.7653
"Female","Domestic Long Hair",10.2416
"Female","Domestic Long Hair",9.2774
"Male","Domestic Short Hair",8.3039
"Female","Domestic Short Hair",10.6115
"Female","Domestic Long Hair",11.9809
"Male","Domestic Medium Hair",10.7045
"Male","Domestic Short Hair",9.8419
"Female","Domestic Short Hair",8.7016
"Female","Domestic Medium Hair",8.8625
"Male","Domestic Short Hair",6.5013
"Female","Domestic Short Hair",9.5872
"Female","Domestic Short Hair",8.8343
"Female","Domestic Short Hair",8.1183
"Female","Domestic Short Hair",7.493
"Female","Domestic Medium Hair",8.691
"Female","Domestic Medium Hair",8.6405
"Female","Domestic Short Hair",8.2502
"Male","Domestic Medium Hair",9.9301
"Male","Domestic Medium Hair",9.6846
"Female","Domestic Short Hair",9.2764
"Female","Domestic Long Hair",10.6806
"Female","Domestic Short Hair",8.4929
"Female","Domestic Long Hair",8.4239
"Female","Domestic Short Hair",8.473
"Male","Domestic Medium Hair",9.902
"Male","Domestic Short Hair",10.8175
"Male","Domestic Long Hair",11.9565
"Female","Domestic Short Hair",6.3628
"Female","Domestic Short Hair",6.5972
"Female","Domestic Medium Hair",9.8409
"Male","Domestic Short Hair",7.8241
"Female","Domestic Short Hair",8.6675
"Male","Domestic Long Hair",11.6809
"Male","Domestic Long Hair",10.8198
"Female","Domestic Medium Hair",9.4733
"Male","Domestic Long Hair",10.1462
"Female","Domestic Long Hair",9.2298
"Female","Domestic Short Hair",8.6868
"Male","Domestic Medium Hair",10.4849
"Female","Domestic Short Hair",7.6344
"Female","Domestic Short Hair",10.1368
"Male","Domestic Medium Hair",10.7039
"Male","Domestic Short Hair",8.5749
"Male","Domestic Short Hair",9.5866
"Male","Domestic Long Hair",11.8972
"Female","Domestic Short Hair",8.432
"Male","Domestic Medium Hair",11.6113
"Female","Domestic Medium Hair",9.0356
"Female","Domestic Medium Hair",9.9176
"Male","Domestic Short Hair",9.3471
"Female","Domestic Medium Hair",10.4648
"Male","Domestic Long Hair",10.8788
"Male","Domestic Short Hair",8.6368
"Male","Domestic Long Hair",10.9294
"Female","Domestic Short Hair",8.4857
"Female","Domestic Short Hair",9.2001
"Female","Domestic Long Hair",10.1486
"Female","Domestic Short Hair",7.3326
"Male","Domestic Long Hair",11.8927
"Male","Domestic Short Hair",9.2111
"Female","Domestic Long Hair",9.4935
"Male","Domestic Short Hair",10.1347
"Male","Domestic Short Hair",7.8174
"Female","Domestic Short Hair",7.7865
"Male","Domestic Short Hair",8.0814
"Male","Domestic Short Hair",9.1223
"Male","Domestic Short Hair",7.8251
"Male","Domestic Long Hair",12.468
"Female","Domestic Long Hair",9.8035
"Female","Domestic Medium Hair",9.927
"Male","Domestic Short Hair",10.3073
"Male","Domestic Long Hair",11.2651
"Male","Domestic Long Hair",11.6214
"Male","Domestic Long Hair",11.1723
"Male","Domestic Short Hair",10.0889
"Female","Domestic Medium Hair",8.4214
"Male","Domestic Short Hair",9.7983
"Female","Domestic Short Hair",6.6952
"Female","Domestic Long Hair",8.4388
"Male","Domestic Long Hair",10.6697
"Male","Domestic Short Hair",8.5901
"Female","Domestic Medium Hair",11.7458
"Female","Domestic Long Hair",9.3967
"Female","Domestic Short Hair",8.871
"Female","Domestic Medium Hair",10.0138
"Female","Domestic Medium Hair",8.4725
"Female","Domestic Short Hair",8.8151
"Male","Domestic Long Hair",12.4012
"Female","Domestic Short Hair",7.8991
"Female","Domestic Short Hair",9.2351
"Male","Domestic Long Hair",11.355
"Female","Domestic Medium Hair",10.1653
"Female","Domestic Long Hair",9.4084
"Female","Domestic Long Hair",9.9271
"Male","Domestic Long Hair",11.6808
"Male","Domestic Long Hair",10.9354
"Female","Domestic Medium Hair",9.4145
"Male","Domestic Medium Hair",9.8297
"Female","Domestic Medium Hair",10.1829
"Female","Domestic Medium Hair",9.0651
"Female","Domestic Medium Hair",9.7967
"Male","Domestic Long Hair",12.6308
"Female","Domestic Short Hair",7.7012
"Male","Domestic Short Hair",10.0135
"Female","Domestic Long Hair",9.6684
"Male","Domestic Short Hair",9.8481
"Female","Domestic Medium Hair",9.6963
"Female","Domestic Short Hair",7.406
"Male","Domestic Short Hair",7.6751
"Female","Domestic Long Hair",10.2913
"Male","Domestic Medium Hair",9.845
"Female","Domestic Long Hair",11.9941
"Female","Domestic Long Hair",9.6707
"Female","Domestic Short Hair",10.7333
"Male","Domestic Long Hair",10.4761
"Female","Domestic Short Hair",8.7917
"Male","Domestic Short Hair",9.2298
"Male","Domestic Medium Hair",9.7914
"Male","Domestic Short Hair",9.5758
"Male","Domestic Long Hair",11.0157
"Female","Domestic Short Hair",10.7476
"Female","Domestic Medium Hair",9.8977
"Female","Domestic Short Hair",9.1467
"Female","Domestic Short Hair",9.1888
"Female","Domestic Medium Hair",8.9335
"Female","Domestic Short Hair",9.7946
"Male","Domestic Long Hair",11.4917
"Female","Domestic Medium Hair",10.1099
"Female","Domestic Short Hair",7.6605
"Male","Domestic Long Hair",10.5045
"Male","Domestic Long Hair",11.2237
"Female","Domestic Short Hair",8.622
"Female","Domestic Medium Hair",9.2736
"Male","Domestic Long Hair",12.8573
"Female","Domestic Medium Hair",8.8794
"Female","Domestic Medium Hair",7.9597
"Male","Domestic Long Hair",11.8338
"Female","Domestic Medium Hair",10.3095
"Female","Domestic Short Hair",9.3186
"Male","Domestic Medium Hair",8.4698
"Male","Domestic Medium Hair",8.9851
"Female","Domestic Long Hair",9.4681
"Male","Domestic Short Hair",8.4726
"Female","Domestic Long Hair",11.9741
"Female","Domestic Short Hair",9.7593
"Male","Domestic Short Hair",8.5419
"Female","Domestic Long Hair",9.655
"Male","Domestic Medium Hair",9.3897
"Male","Domestic Short Hair",8.6035
"Male","Domestic Short Hair",10.337
"Male","Domestic Long Hair",10.7421
"Male","Domestic Long Hair",10.3544
"Female","Domestic Short Hair",6.3595
"Female","Domestic Long Hair",8.7285
"Male","Domestic Short Hair",7.7671
"Male","Domestic Short Hair",9.0453
"Male","Domestic Short Hair",7.3365
"Male","Domestic Medium Hair",10.988
"Male","Domestic Medium Hair",10.8318
"Female","Domestic Medium Hair",9.1329
"Male","Domestic Long Hair",11.5999
"Male","Domestic Short Hair",11.345
"Female","Domestic Medium Hair",10.2356
"Male","Domestic Short Hair",9.5145
"Male","Domestic Medium Hair",10.3875
"Female","Domestic Medium Hair",9.5059
"Female","Domestic Short Hair",7.8144
"Female","Domestic Short Hair",8.9029
"Male","Domestic Short Hair",9.6096
"Female","Domestic Medium Hair",10.7037
"Male","Domestic Short Hair",8.6619
"Male","Domestic Short Hair",8.8982
"Male","Domestic Short Hair",9.3794
"Male","Domestic Short Hair",7.8363
"Male","Domestic Long Hair",10.4348
"Male","Domestic Medium Hair",10.0612
"Male","Domestic Medium Hair",10.6778
"Female","Domestic Short Hair",6.5078
"Male","Domestic Long Hair",9.5295
"Female","Domestic Medium Hair",10.5319
"Female","Domestic Short Hair",10.9974
"Male","Domestic Long Hair",11.329
"Female","Domestic Short Hair",7.5895
"Male","Domestic Short Hair",9.8668
"Female","Domestic Medium Hair",10.7445
"Female","Domestic Short Hair",9.0575
"Female","Domestic Short Hair",9.2078
"Male","Domestic Short Hair",9.1298
"Female","Domestic Long Hair",11.7598
"Male","Domestic Short Hair",8.0654
"Female","Domestic Short Hair",8.3078
"Female","Domestic Short Hair",8.464
"Female","Domestic Short Hair",9.3777
"Male","Domestic Long Hair",9.6946
"Female","Domestic Long Hair",9.638
"Male","Domestic Medium Hair",11.0137
"Male","Domestic Medium Hair",9.9472
"Female","Domestic Medium Hair",10.4338
"Female","Domestic Short Hair",8.9604
"Male","Domestic Long Hair",9.6642
"Female","Domestic Long Hair",10.0488
"Female","Domestic Long Hair",8.0732
"Female","Domestic Long Hair",10.155
"Male","Domestic Short Hair",10.3536
"Female","Domestic Long Hair",9.8795
"Male","Domestic Medium Hair",9.4514
"Female","Domestic Short Hair",9.267
"Male","Domestic Short Hair",6.7038
"Female","Domestic Medium Hair",10.5716
"Female","Domestic Short Hair",9.5775
"Female","Domestic Short Hair",8.1834
"Male","Domestic Long Hair",10.1409
"Male","Domestic Medium Hair",11.9812
"Male","Domestic Long Hair",12.0377
"Male","Domestic Long Hair",11.0979
"Female","Domestic Long Hair",10.2214
"Female","Domestic Short Hair",9.3539
"Female","Domestic Long Hair",9.8527
"Female","Domestic Long Hair",9.9401
"Female","Domestic Long Hair",9.6089
"Male","Domestic Short Hair",8.4104
"Female","Domestic Short Hair",8.3556
"Female","Domestic Short Hair",9.0532
"Female","Domestic Medium Hair",11.7809
"Female","Domestic Long Hair",9.9125
"Female","Domestic Medium Hair",9.5371
"Female","Domestic Short Hair",7.4074
"Female","Domestic Medium Hair",9.6918
"Male","Domestic Medium Hair",10.6692
"Male","Domestic Long Hair",10.7999
"Male","Domestic Short Hair",9.7029
"Male","Domestic Long Hair",10.9633
"Male","Domestic Short Hair",9.5338
"Female","Domestic Long Hair",9.9674
"Male","Domestic Long Hair",10.9548
"Female","Domestic Long Hair",9.0147
"Female","Domestic Short Hair",9.8476
"Female","Domestic Medium Hair",8.5907
"Male","Domestic Long Hair",11.4269
"Male","Domestic Long Hair",12.2215
"Male","Domestic Long Hair",9.7836
"Female","Domestic Long Hair",11.0519
"Male","Domestic Long Hair",11.9229
"Female","Domestic Medium Hair",10.6571
"Male","Domestic Short Hair",8.5822
"Male","Domestic Long Hair",10.4992
"Female","Domestic Short Hair",10.8626
"Male","Domestic Long Hair",10.4794
"Female","Domestic Long Hair",8.7709
"Male","Domestic Long Hair",9.8898
"Female","Domestic Medium Hair",8.9023
"Female","Domestic Long Hair",10.1399
"Female","Domestic Long Hair",11.1496
"Male","Domestic Long Hair",13.1355
"Male","Domestic Short Hair",8.9644
"Female","Domestic Long Hair",12.1163
"Female","Domestic Long Hair",9.8494
"Female","Domestic Long Hair",11.0446
"Male","Domestic Short Hair",8.3285
"Female","Domestic Short Hair",9.7233
"Male","Domestic Medium Hair",10.7522
"Male","Domestic Long Hair",10.5155
"Male","Domestic Medium Hair",9.2593
"Female","Domestic Medium Hair",10.0059
"Male","Domestic Short Hair",9.7905
"Female","Domestic Short Hair",9.8575
"Female","Domestic Long Hair",10.8446
"Male","Domestic Short Hair",9.6688
"Female","Domestic Long Hair",9.1929
"Male","Domestic Short Hair",10.9249
"Male","Domestic Long Hair",10.8939
"Male","Domestic Long Hair",10.936
"Female","Domestic Medium Hair",10.1013
"Male","Domestic Long Hair",9.4623
"Male","Domestic Long Hair",10.6178
"Male","Domestic Short Hair",9.6753
"Male","Domestic Long Hair",11.7847
"Female","Domestic Medium Hair",9.6118
"Male","Domestic Short Hair",9.2756
"Female","Domestic Long Hair",11.213
"Male","Domestic Long Hair",11.4021
"Female","Domestic Medium Hair",7.2259
"Female","Domestic Long Hair",11.2218
"Female","Domestic Long Hair",11.3676
"Male","Domestic Long Hair",12.1347
"Male","Domestic Medium Hair",8.7518
"Male","Domestic Medium Hair",9.6493
"Male","Domestic Medium Hair",9.9854
"Female","Domestic Short Hair",9.6423
"Female","Domestic Short Hair",7.7087
"Female","Domestic Short Hair",7.9234
"Male","Domestic Long Hair",11.3761
"Male","Domestic Short Hair",7.0914
"Female","Domestic Short Hair",7.5737
"Female","Domestic Short Hair",10.6712
"Male","Domestic Long Hair",10.1685
"Male","Domestic Short Hair",8.9929
"Female","Domestic Medium Hair",9.9074
"Female","Domestic Short Hair",8.2552
"Male","Domestic Medium Hair",11.2475
"Female","Domestic Medium Hair",9.678
"Male","Domestic Long Hair",11.1444
"Female","Domestic Medium Hair",9.6211
"Male","Domestic Medium Hair",10.8953
"Female","Domestic Long Hair",7.2051
"Female","Domestic Short Hair",8.6156
"Female","Domestic Short Hair",7.0878
"Female","Domestic Long Hair",10.1931
"Male","Domestic Long Hair",10.8661
"Female","Domestic Short Hair",9.3476
"Female","Domestic Medium Hair",10.5814
"Female","Domestic Long Hair",10.4134
"Male","Domestic Short Hair",8.5925
"Female","Domestic Short Hair",9.2173
"Female","Domestic Short Hair",9.5401
"Male","Domestic Long Hair",8.936
"Male","Domestic Short Hair",8.0874
"Female","Domestic Medium Hair",8.7497
"Female","Domestic Short Hair",8.723
"Male","Domestic Medium Hair",9.8764
"Male","Domestic Medium Hair",10.0209
"Male","Domestic Long Hair",11.7889
"Female","Domestic Long Hair",10.2737
"Male","Domestic Short Hair",10.0509
"Male","Domestic Short Hair",8.0253
"Female","Domestic Short Hair",7.2589
"Female","Domestic Short Hair",8.6813
"Female","Domestic Long Hair",10.1935
"Male","Domestic Medium Hair",10.1911
"Male","Domestic Short Hair",8.2812
"Female","Domestic Medium Hair",9.6451
"Female","Domestic Short Hair",8.118
"Male","Domestic Medium Hair",8.9676
"Female","Domestic Medium Hair",8.2686
"Male","Domestic Medium Hair",10.9971
"Female","Domestic Short Hair",8.0105
"Male","Domestic Long Hair",11.6744
"Male","Domestic Medium Hair",10.8794
"Female","Domestic Medium Hair",10.0438
"Male","Domestic Short Hair",9.5934
"Female","Domestic Long Hair",9.2779
"Female","Domestic Long Hair",9.6594
"Male","Domestic Short Hair",9.2979
"Male","Domestic Medium Hair",8.5924
"Female","Domestic Medium Hair",9.4377
"Female","Domestic Medium Hair",7.948
"Male","Domestic Short Hair",8.0236
"Female","Domestic Long Hair",8.7098
"Male","Domestic Short Hair",8.6324
"Male","Domestic Short Hair",8.4201
"Male","Domestic Medium Hair",9.843
"Female","Domestic Medium Hair",11.1253
"Male","Domestic Short Hair",7.8654
"Male","Domestic Medium Hair",11.0431
"Male","Domestic Medium Hair",9.5573
"Female","Domestic Medium Hair",11.255
"Female","Domestic Short Hair",9.4055
"Male","Domestic Long Hair",10.5305
"Male","Domestic Short Hair",7.7446
"Female","Domestic Short Hair",7.0767
"Male","Domestic Short Hair",9.8599
"Female","Domestic Short Hair",8.4675
"Male","Domestic Medium Hair",9.2985
"Male","Domestic Short Hair",9.6324
"Female","Domestic Medium Hair",9.9387
"Male","Domestic Long Hair",10.4596
"Female","Domestic Medium Hair",10.6647
"Female","Domestic Short Hair",8.2708
"Male","Domestic Short Hair",11.0828
"Female","Domestic Short Hair",7.3099
"Female","Domestic Medium Hair",11.7793
"Male","Domestic Short Hair",8.0219
"Male","Domestic Short Hair",8.1663
"Male","Domestic Medium Hair",11.0201
"Female","Domestic Medium Hair",7.6565
"Female","Domestic Long Hair",8.9514
"Male","Domestic Short Hair",8.8444
"Female","Domestic Short Hair",9.3372
"Female","Domestic Short Hair",8.3665
"Male","Domestic Medium Hair",11.4804
"Male","Domestic Long Hair",12.0071
"Male","Domestic Long Hair",10.4485
"Male","Domestic Long Hair",9.9374
"Female","Domestic Medium Hair",11.1748
"Male","Domestic Long Hair",11.4299
"Female","Domestic Short Hair",9.3156
"Female","Domestic Medium Hair",9.8007
"Female","Domestic Medium Hair",8.6776
"Male","Domestic Short Hair",8.317
"Male","Domestic Short Hair",10.4465
"Female","Domestic Long Hair",9.0622
"Male","Domestic Short Hair",10.082
"Male","Domestic Long Hair",11.8572
"Female","Domestic Short Hair",8.8098
"Female","Domestic Medium Hair",9.625
"Female","Domestic Medium Hair",11.4294
"Male","Domestic Short Hair",9.3312
"Male","Domestic Long Hair",11.0594
"Male","Domestic Long Hair",11.8318
"Male","Domestic Medium Hair",11.9534
"Female","Domestic Medium Hair",10.4984
"Male","Domestic Medium Hair",11.7118
"Male","Domestic Medium Hair",9.4766
"Female","Domestic Short Hair",7.3824
"Female","Domestic Short Hair",8.6318
"Male","Domestic Long Hair",11.2598
"Female","Domestic Short Hair",10.0731
"Male","Domestic Medium Hair",10.5577
"Male","Domestic Long Hair",11.9408
"Female","Domestic Long Hair",10.4806
"Female","Domestic Medium Hair",10.4396
"Female","Domestic Short Hair",8.6834
"Male","Domestic Long Hair",10.7589
"Female","Domestic Short Hair",7.3909
"Male","Domestic Short Hair",10.4262
"Male","Domestic Long Hair",10.7421
"Male","Domestic Medium Hair",10.2992
"Female","Domestic Long Hair",9.0344
"Female","Domestic Medium Hair",8.7894
"Female","Domestic Medium Hair",9.6507
"Male","Domestic Short Hair",8.8315
"Female","Domestic Medium Hair",7.4576
"Female","Domestic Long Hair",8.2488
"Male","Domestic Medium Hair",11.7669
"Female","Domestic Long Hair",12.0442
"Male","Domestic Short Hair",10.4706
"Female","Domestic Long Hair",9.8989
"Female","Domestic Short Hair",8.0075
"Male","Domestic Short Hair",8.7448
"Male","Domestic Medium Hair",8.2969
"Female","Domestic Long Hair",9.876
"Male","Domestic Medium Hair",10.4544
"Male","Domestic Short Hair",9.641
"Male","Domestic Short Hair",8.6059
"Male","Domestic Long Hair",11.8443
"Male","Domestic Short Hair",8.6685
"Male","Domestic Short Hair",9.239
"Male","Domestic Long Hair",8.4866
"Female","Domestic Medium Hair",10.112
"Male","Domestic Long Hair",11.3519
"Female","Domestic Short Hair",6.8463
"Female","Domestic Long Hair",11.0817
"Male","Domestic Long Hair",10.9068
"Female","Domestic Long Hair",10.1654
"Female","Domestic Medium Hair",9.4802
"Male","Domestic Short Hair",8.7975
"Female","Domestic Medium Hair",9.982
"Female","Domestic Medium Hair",8.5091
"Male","Domestic Long Hair",9.746
"Female","Domestic Medium Hair",10.0797
"Male","Domestic Medium Hair",10.2674
"Male","Domestic Medium Hair",10.172
"Male","Domestic Long Hair",10.703
"Female","Domestic Short Hair",8.3773
"Female","Domestic Short Hair",10.8993
"Male","Domestic Long Hair",11.9491
"Male","Domestic Short Hair",6.5722
"Male","Domestic Short Hair",7.1263
"Male","Domestic Short Hair",8.1789
"Male","Domestic Short Hair",7.9292
"Female","Domestic Short Hair",8.0865
"Female","Domestic Long Hair",10.4164
"Male","Domestic Short Hair",8.8802
"Male","Domestic Short Hair",9.4717
"Female","Domestic Long Hair",10.8642
"Male","Domestic Short Hair",9.3948
"Male","Domestic Short Hair",10.936
"Male","Domestic Short Hair",8.2013
"Male","Domestic Medium Hair",9.9734
"Female","Domestic Medium Hair",8.8572
"Female","Domestic Long Hair",9.5325
"Female","Domestic Short Hair",8.1285
"Female","Domestic Short Hair",7.8092
"Male","Domestic Long Hair",10.567
"Male","Domestic Short Hair",8.7103
"Male","Domestic Short Hair",7.4721
"Female","Domestic Medium Hair",8.0221
"Male","Domestic Short Hair",8.564
"Female","Domestic Long Hair",8.9947
"Female","Domestic Medium Hair",9.2401
"Female","Domestic Long Hair",9.5607
"Male","Domestic Long Hair",11.689
"Female","Domestic Long Hair",8.5951
"Female","Domestic Medium Hair",8.8149
"Female","Domestic Medium Hair",7.5799
"Male","Domestic Long Hair",10.5993
"Female","Domestic Medium Hair",8.3536
"Female","Domestic Medium Hair",9.4701
"Female","Domestic Medium Hair",9.8119
"Male","Domestic Long Hair",11.7072
"Female","Domestic Medium Hair",7.4258
"Male","Domestic Long Hair",12.8718
"Female","Domestic Short Hair",7.449
"Female","Domestic Medium Hair",11.0065
"Female","Domestic Long Hair",10.0075
"Female","Domestic Short Hair",10.7696
"Female","Domestic Short Hair",8.724
"Female","Domestic Short Hair",8.5835
"Female","Domestic Medium Hair",8.0343
"Female","Domestic Long Hair",8.366
"Female","Domestic Medium Hair",9.438
"Female","Domestic Long Hair",10.2888
"Male","Domestic Medium Hair",9.7671
"Female","Domestic Short Hair",8.6236
"Female","Domestic Short Hair",7.2779
"Male","Domestic Medium Hair",10.747
"Female","Domestic Short Hair",9.4575
"Female","Domestic Medium Hair",8.8678
"Male","Domestic Medium Hair",10.5186
"Male","Domestic Short Hair",8.4361
"Male","Domestic Long Hair",11.0641
"Female","Domestic Medium Hair",9.4539
"Female","Domestic Long Hair",10.838
"Female","Domestic Long Hair",9.9805
"Female","Domestic Short Hair",8.4149
"Male","Domestic Short Hair",8.8492
"Female","Domestic Medium Hair",10.7312
"Female","Domestic Long Hair",8.2701
"Male","Domestic Medium Hair",9.0229
"Female","Domestic Long Hair",8.8959
"Male","Domestic Short Hair",10.8331
"Male","Domestic Long Hair",11.88
"Female","Domestic Medium Hair",8.9026
"Female","Domestic Medium Hair",7.8547
"Male","Domestic Long Hair",11.8015
"Female","Domestic Short Hair",7.2266
"Male","Domestic Long Hair",10.3369
"Female","Domestic Short Hair",9.2244
"Male","Domestic Long Hair",10.07
"Female","Domestic Short Hair",10.0831
"Male","Domestic Long Hair",11.5427
"Male","Domestic Short Hair",9.4743
"Male","Domestic Short Hair",10.3325
"Male","Domestic Medium Hair",10.4305
"Male","Domestic Short Hair",7.6448
"Female","Domestic Short Hair",8.5333
"Female","Domestic Medium Hair",9.3992
"Male","Domestic Short Hair",8.3284
"Male","Domestic Medium Hair",10.7758
"Male","Domestic Long Hair",10.8745
"Female","Domestic Long Hair",9.9263
"Female","Domestic Long Hair",9.4761
"Female","Domestic Long Hair",9.5862
"Male","Domestic Long Hair",10.4733
"Female","Domestic Short Hair",9.2878
"Female","Domestic Short Hair",8.7081
"Female","Domestic Short Hair",7.6285
"Male","Domestic Long Hair",11.0372
"Male","Domestic Medium Hair",10.3962
"Female","Domestic Medium Hair",10.9995
"Male","Domestic Short Hair",10.4957
"Female","Domestic Medium Hair",9.1376
"Male","Domestic Long Hair",11.8899
"Female","Domestic Medium Hair",11.2705
"Male","Domestic Medium Hair",13.1999
"Male","Domestic Short Hair",9.875
"Female","Domestic Long Hair",10.7342
"Female","Domestic Short Hair",8.2287
"Female","Domestic Short Hair",9.0851
"Male","Domestic Medium Hair",10.7699
"Female","Domestic Medium Hair",8.3865
"Male","Domestic Long Hair",11.838
"Male","Domestic Short Hair",8.67
"Female","Domestic Long Hair",11.0396
"Female","Domestic Long Hair",10.0702
"Female","Domestic Medium Hair",8.779
"Female","Domestic Medium Hair",10.6
"Female","Domestic Medium Hair",9.5547
"Female","Domestic Long Hair",9.1627
"Male","Domestic Long Hair",10.207
"Male","Domestic Long Hair",10.5364
"Male","Domestic Short Hair",10.3624
"Female","Domestic Long Hair",10.4419
"Female","Domestic Medium Hair",12.0935
"Male","Domestic Short Hair",9.8974
"Female","Domestic Long Hair",10.3516
"Female","Domestic Medium Hair",9.8354
"Male","Domestic Medium Hair",9.0663
"Female","Domestic Medium Hair",10.9039
"Female","Domestic Short Hair",9.1362
"Female","Domestic Medium Hair",8.8037
"Female","Domestic Long Hair",9.6102
"Female","Domestic Long Hair",8.3844
"Female","Domestic Medium Hair",8.564
"Male","Domestic Long Hair",10.1228
"Female","Domestic Short Hair",7.7473
"Female","Domestic Medium Hair",9.4281
"Female","Domestic Long Hair",10.2778
"Male","Domestic Long Hair",12.4573
"Female","Domestic Medium Hair",10.3447
"Female","Domestic Medium Hair",9.1216
"Male","Domestic Medium Hair",10.0818
"Female","Domestic Medium Hair",8.1341
"Male","Domestic Medium Hair",9.5257
"Female","Domestic Short Hair",8.4316
"Female","Domestic Short Hair",10.7984
"Female","Domestic Long Hair",8.9659
"Male","Domestic Short Hair",9.9568
"Female","Domestic Long Hair",7.9909
"Female","Domestic Medium Hair",9.5435
"Male","Domestic Medium Hair",8.7631
"Male","Domestic Short Hair",8.3201
"Male","Domestic Short Hair",10.1227
"Male","Domestic Medium Hair",9.1741
"Female","Domestic Medium Hair",11.1063
"Female","Domestic Short Hair",8.3778
"Female","Domestic Short Hair",8.9665
"Female","Domestic Long Hair",9.9525
"Male","Domestic Medium Hair",9.7859
"Female","Domestic Medium Hair",9.8737
"Male","Domestic Medium Hair",9.732
"Male","Domestic Short Hair",9.1305
"Male","Domestic Short Hair",7.5798
"Female","Domestic Medium Hair",10.0194
"Male","Domestic Medium Hair",9.5321
"Male","Domestic Short Hair",8.0732
"Male","Domestic Long Hair",9.7442
"Female","Domestic Medium Hair",9.4079
"Male","Domestic Medium Hair",10.0964
"Female","Domestic Long Hair",11.3012
"Female","Domestic Short Hair",8.909
"Female","Domestic Long Hair",8.4641
"Male","Domestic Short Hair",9.8234
"Female","Domestic Medium Hair",9.9585
"Male","Domestic Long Hair",12.659
"Female","Domestic Medium Hair",10.2638
"Male","Domestic Long Hair",11.4923
"Male","Domestic Long Hair",10.8074
"Male","Domestic Short Hair",8.8153
"Female","Domestic Medium Hair",7.6094
"Female","Domestic Short Hair",9.2585
"Male","Domestic Long Hair",10.8178
"Male","Domestic Long Hair",11.3377
"Female","Domestic Medium Hair",10.4725
"Female","Domestic Long Hair",11.5146
"Female","Domestic Medium Hair",8.799
"Male","Domestic Medium Hair",9.5231
"Female","Domestic Short Hair",8.2419
"Female","Domestic Medium Hair",12.5706
"Male","Domestic Short Hair",10.3233
"Female","Domestic Medium Hair",8.5772
"Male","Domestic Long Hair",12.259
"Male","Domestic Short Hair",8.5227
"Female","Domestic Short Hair",8.0958
"Male","Domestic Short Hair",9.9788
"Female","Domestic Long Hair",10.3806
"Male","Domestic Long Hair",10.631
"Male","Domestic Short Hair",10.187
"Male","Domestic Medium Hair",10.6727
"Male","Domestic Short Hair",9.4337
"Female","Domestic Long Hair",12.0036
"Female","Domestic Short Hair",8.0887
"Female","Domestic Long Hair",8.5068
"Male","Domestic Long Hair",9.6121
"Female","Domestic Long Hair",11.3311
"Male","Domestic Long Hair",10.7209
"Female","Domestic Long Hair",10.0073
"Female","Domestic Medium Hair",9.4059
"Female","Domestic Long Hair",9.8072
"Male","Domestic Medium Hair",9.0799
"Female","Domestic Medium Hair",7.6705
"Female","Domestic Medium Hair",10.791
"Male","Domestic Medium Hair",8.8049
"Male","Domestic Short Hair",9.1465
"Female","Domestic Medium Hair",9.2641
"Female","Domestic Short Hair",9.2771
"Female","Domestic Short Hair",8.2939
"Male","Domestic Short Hair",9.0439
"Male","Domestic Long Hair",11.4814
"Female","Domestic Medium Hair",10.2158
"Female","Domestic Long Hair",10.7458
"Female","Domestic Long Hair",9.9349
"Female","Domestic Medium Hair",9.8174
"Female","Domestic Short Hair",8.9739
"Male","Domestic Short Hair",9.6224
"Female","Domestic Short Hair",8.3888
"Female","Domestic Long Hair",9.9542
"Male","Domestic Short Hair",10.6182
"Female","Domestic Medium Hair",10.358
"Female","Domestic Short Hair",9.1268
"Female","Domestic Short Hair",6.2732
"Female","Domestic Long Hair",9.6414
"Male","Domestic Medium Hair",9.6391
"Female","Domestic Long Hair",10.2511
"Male","Domestic Medium Hair",10.556
"Female","Domestic Medium Hair",8.3366
"Female","Domestic Short Hair",8.8748
"Female","Domestic Short Hair",8.4954
"Female","Domestic Medium Hair",8.8704
"Female","Domestic Long Hair",8.7054
"Male","Domestic Long Hair",11.2952
"Female","Domestic Long Hair",10.1958
"Female","Domestic Long Hair",9.493
"Male","Domestic Short Hair",9.1415
"Female","Domestic Short Hair",7.8871
"Male","Domestic Long Hair",11.7426
"Male","Domestic Long Hair",11.0981
"Female","Domestic Medium Hair",11.0828
"Male","Domestic Medium Hair",10.2434
"Female","Domestic Long Hair",10.1103
"Male","Domestic Short Hair",8.4423
"Female","Domestic Short Hair",8.9676
"Female","Domestic Medium Hair",9.7731
"Male","Domestic Short Hair",7.7503
"Male","Domestic Long Hair",10.7909
"Female","Domestic Long Hair",8.6159
"Male","Domestic Short Hair",9.8699
"Male","Domestic Medium Hair",10.8302
"Female","Domestic Medium Hair",9.9112
"Female","Domestic Short Hair",9.6866
"Male","Domestic Short Hair",9.2835
"Female","Domestic Long Hair",8.4641
"Male","Domestic Medium Hair",11.9207
"Male","Domestic Short Hair",6.9635
"Male","Domestic Long Hair",10.6763
"Female","Domestic Long Hair",9.3325
"Female","Domestic Medium Hair",11.8265
"Male","Domestic Long Hair",10.1211
"Female","Domestic Long Hair",8.727
"Male","Domestic Medium Hair",10.053
"Female","Domestic Short Hair",10.7524
"Female","Domestic Medium Hair",7.3928
"Male","Domestic Long Hair",13.5138
"Female","Domestic Long Hair",10.8339
"Female","Domestic Long Hair",11.4647
"Male","Domestic Short Hair",9.3539
"Female","Domestic Short Hair",7.4175
"Female","Domestic Short Hair",8.4186
"Male","Domestic Short Hair",10.0229
"Female","Domestic Short Hair",8.101
"Male","Domestic Medium Hair",10.2114
"Female","Domestic Short Hair",6.1614
"Male","Domestic Long Hair",9.581
"Female","Domestic Long Hair",11.3954
"Male","Domestic Short Hair",9.9934
"Female","Domestic Medium Hair",10.7139
"Female","Domestic Medium Hair",10.2864
"Female","Domestic Short Hair",8.2136
"Female","Domestic Medium Hair",9.345
"Female","Domestic Short Hair",9.8435
"Female","Domestic Long Hair",9.3752
"Female","Domestic Long Hair",10.0232
"Female","Domestic Medium Hair",9.932
"Female","Domestic Medium Hair",10.465
"Female","Domestic Medium Hair",10.131
"Female","Domestic Medium Hair",10.026
"Female","Domestic Long Hair",11.9377
"Female","Domestic Short Hair",8.707
"Female","Domestic Long Hair",9.7685
"Male","Domestic Short Hair",10.0348
"Male","Domestic Short Hair",8.8483
"Female","Domestic Long Hair",9.2243
"Female","Domestic Short Hair",8.4543
"Female","Domestic Long Hair",9.4444
"Male","Domestic Short Hair",9.9931
"Female","Domestic Medium Hair",9.2509
"Male","Domestic Short Hair",8.0145
"Female","Domestic Long Hair",11.5525
"Female","Domestic Short Hair",10.2263
"Male","Domestic Long Hair",12.4139
"Male","Domestic Long Hair",11.2499
"Female","Domestic Short Hair",8.1563
"Male","Domestic Short Hair",10.7698
"Female","Domestic Long Hair",7.5645
"Female","Domestic Long Hair",9.3037
"Female","Domestic Medium Hair",8.7191
"Male","Domestic Short Hair",7.0337
"Female","Domestic Short Hair",7.3277
"Male","Domestic Short Hair",8.2519
"Male","Domestic Short Hair",9.1204
"Female","Domestic Short Hair",7.195
"Male","Domestic Long Hair",11.5415
"Male","Domestic Short Hair",8.6305
"Male","Domestic Short Hair",7.6043
"Female","Domestic Short Hair",7.9363
"Male","Domestic Long Hair",10.1115
"Male","Domestic Long Hair",10.4789
"Female","Domestic Medium Hair",10.0766
"Female","Domestic Short Hair",8.1825
"Male","Domestic Short Hair",7.1606
"Male","Domestic Medium Hair",10.369
"Female","Domestic Long Hair",8.888
"Male","Domestic Short Hair",9.9274
"Female","Domestic Medium Hair",8.6219
"Male","Domestic Long Hair",11.9425
"Male","Domestic Long Hair",12.8546
"Female","Domestic Short Hair",9.6163
"Male","Domestic Short Hair",9.5238
"Male","Domestic Medium Hair",9.523
"Male","Domestic Short Hair",8.2005
"Male","Domestic Long Hair",13.095
"Male","Domestic Medium Hair",8.8413
"Male","Domestic Short Hair",9.2564
"Male","Domestic Medium Hair",9.8081
"Female","Domestic Medium Hair",8.1266
"Female","Domestic Long Hair",10.2576
"Male","Domestic Medium Hair",9.8828
"Female","Domestic Short Hair",9.6884
"Male","Domestic Short Hair",8.024
"Male","Domestic Short Hair",9.0927
"Female","Domestic Long Hair",10.0372
"Female","Domestic Long Hair",8.1084
"Male","Domestic Short Hair",8.8786
"Female","Domestic Short Hair",7.4401
"Female","Domestic Short Hair",8.4354
"Male","Domestic Long Hair",10.5508
"Male","Domestic Medium Hair",9.5273
"Female","Domestic Medium Hair",9.8258
"Female","Domestic Short Hair",9.4601
"Female","Domestic Long Hair",9.257
"Female","Domestic Short Hair",8.2715
"Male","Domestic Medium Hair",9.7771
"Male","Domestic Long Hair",10.7697
"Male","Domestic Medium Hair",9.6539
"Male","Domestic Medium Hair",10.9719
"Female","Domestic Long Hair",9.4104
"Female","Domestic Short Hair",9.1664
"Female","Domestic Short Hair",8.2445
"Male","Domestic Medium Hair",11.3122
"Male","Domestic Medium Hair",11.0584
"Male","Domestic Short Hair",8.4931
"Female","Domestic Short Hair",7.5141
"Male","Domestic Long Hair",11.207
"Male","Domestic Short Hair",10.7713
"Male","Domestic Short Hair",10.2203
"Female","Domestic Short Hair",7.5544
"Male","Domestic Long Hair",10.3964
"Female","Domestic Short Hair",9.581
"Female","Domestic Medium Hair",9.9942
"Female","Domestic Short Hair",7.928
"Female","Domestic Long Hair",9.9082
"Female","Domestic Medium Hair",8.952
"Male","Domestic Short Hair",9.6301
"Female","Domestic Short Hair",9.9555
"Male","Domestic Short Hair",8.4819
"Female","Domestic Short Hair",9.2364
"Female","Domestic Medium Hair",9.5689
"Male","Domestic Short Hair",8.7541
"Female","Domestic Short Hair",6.3131
"Male","Domestic Medium Hair",7.8829
"Female","Domestic Long Hair",9.4144
"Male","Domestic Long Hair",9.9251
"Male","Domestic Medium Hair",9.3873
"Male","Domestic Medium Hair",11.4858
"Male","Domestic Medium Hair",8.9217
"Female","Domestic Medium Hair",8.9217
"Female","Domestic Long Hair",10.6627
"Female","Domestic Short Hair",7.2906
"Male","Domestic Medium Hair",10.7002
"Male","Domestic Short Hair",10.6755
"Male","Domestic Short Hair",9.5122
"Female","Domestic Short Hair",8.7371
"Male","Domestic Long Hair",9.4398
"Female","Domestic Medium Hair",9.978
"Male","Domestic Short Hair",8.7783
"Female","Domestic Medium Hair",9.4918
"Female","Domestic Long Hair",10.3647
"Female","Domestic Short Hair",7.4984
"Female","Domestic Short Hair",7.277
"Female","Domestic Medium Hair",9.1421
"Female","Domestic Short Hair",7.1578
"Male","Domestic Short Hair",8.8828
"Male","Domestic Medium Hair",10.1697
"Male","Domestic Medium Hair",9.6535
"Female","Domestic Medium Hair",13.0031
"Male","Domestic Short Hair",8.119
"Male","Domestic Medium Hair",11.4258
"Female","Domestic Medium Hair",8.9839
"Male","Domestic Long Hair",10.4741
"Female","Domestic Short Hair",8.9828
"Male","Domestic Medium Hair",11.7713
"Male","Domestic Long Hair",11.763
"Female","Domestic Long Hair",10.2967
"Male","Domestic Medium Hair",10.848
"Female","Domestic Medium Hair",11.0747
"Female","Domestic Long Hair",9.9118
"Female","Domestic Short Hair",9.0916
"Female","Domestic Short Hair",8.979
"Male","Domestic Medium Hair",9.3088
"Female","Domestic Short Hair",8.4005
"Male","Domestic Long Hair",11.9744
"Female","Domestic Long Hair",9.1867
"Female","Domestic Long Hair",10.2332
"Male","Domestic Long Hair",11.5173
"Female","Domestic Medium Hair",10.4008
"Male","Domestic Medium Hair",11.6431
"Male","Domestic Short Hair",10.0576
"Female","Domestic Long Hair",10.7826
"Male","Domestic Medium Hair",9.6755
"Male","Domestic Medium Hair",10.8167
"Male","Domestic Long Hair",10.237
"Female","Domestic Short Hair",9.0484
"Female","Domestic Medium Hair",10.1088
"Female","Domestic Short Hair",8.3173
"Male","Domestic Short Hair",10.9644
"Male","Domestic Medium Hair",10.7652
"Female","Domestic Medium Hair",9.8404
"Female","Domestic Long Hair",8.3188
"Female","Domestic Long Hair",10.2451
"Male","Domestic Short Hair",8.1929
"Male","Domestic Long Hair",10.9993
"Female","Domestic Short Hair",8.708
"Male","Domestic Medium Hair",8.4202
"Female","Domestic Medium Hair",8.4177
"Male","Domestic Short Hair",11.2182
"Female","Domestic Short Hair",7.4951
"Female","Domestic Medium Hair",10.1926
"Male","Domestic Medium Hair",10.8304
"Female","Domestic Long Hair",9.9787
"Female","Domestic Short Hair",6.0791
"Female","Domestic Short Hair",7.5963
"Female","Domestic Short Hair",8.895
"Female","Domestic Short Hair",9.2984
"Male","Domestic Short Hair",10.2413
"Male","Domestic Short Hair",8.131
"Male","Domestic Medium Hair",11.8855
"Female","Domestic Long Hair",9.6027
"Female","Domestic Medium Hair",10.1156
"Female","Domestic Short Hair",10.2729
"Male","Domestic Short Hair",11.3985
"Male","Domestic Short Hair",10.5907
"Male","Domestic Long Hair",10.939
"Male","Domestic Long Hair",11.9987
"Female","Domestic Medium Hair",12.3805
"Male","Domestic Short Hair",9.5711
"Male","Domestic Short Hair",8.5683
"Female","Domestic Short Hair",10.7128
"Male","Domestic Short Hair",9.8403
"Female","Domestic Long Hair",10.4008
"Female","Domestic Long Hair",9.1777
"Male","Domestic Long Hair",10.6589
"Female","Domestic Long Hair",9.4415
"Male","Domestic Medium Hair",10.8253
"Male","Domestic Long Hair",11.679
"Female","Domestic Medium Hair",8.4578
"Female","Domestic Long Hair",9.293
"Female","Domestic Short Hair",6.792
"Female","Domestic Medium Hair",8.9729
"Male","Domestic Short Hair",8.8927
"Female","Domestic Medium Hair",10.4086
"Female","Domestic Short Hair",8.7796
"Male","Domestic Long Hair",10.1921
"Female","Domestic Long Hair",9.6699
"Female","Domestic Long Hair",9.8447
"Female","Domestic Short Hair",8.096
"Male","Domestic Long Hair",11.9232
"Female","Domestic Short Hair",8.7286
"Female","Domestic Medium Hair",10.0491
"Female","Domestic Medium Hair",9.3636
"Male","Domestic Medium Hair",10.8883
"Male","Domestic Medium Hair",10.7448
"Male","Domestic Short Hair",9.6759
"Male","Domestic Long Hair",12.3365
"Male","Domestic Short Hair",8.7727
"Male","Domestic Short Hair",8.2818
"Male","Domestic Long Hair",11.117
"Male","Domestic Medium Hair",10.2399
"Female","Domestic Short Hair",9.643
"Male","Domestic Medium Hair",10.9025
"Female","Domestic Medium Hair",9.3578
"Male","Domestic Long Hair",12.3057
"Male","Domestic Short Hair",7.432
"Female","Domestic Long Hair",6.911
"Male","Domestic Long Hair",10.6792
"Female","Domestic Short Hair",8.941
"Male","Domestic Long Hair",10.6879
"Female","Domestic Long Hair",8.8968
"Male","Domestic Medium Hair",9.9007
"Female","Domestic Short Hair",8.5406
"Male","Domestic Long Hair",9.892
"Female","Domestic Short Hair",8.8522
"Female","Domestic Long Hair",8.1582
"Female","Domestic Short Hair",9.1088
"Male","Domestic Medium Hair",11.0831
"Female","Domestic Long Hair",8.883
"Male","Domestic Medium Hair",11.1721
"Female","Domestic Medium Hair",10.9312
"Male","Domestic Short Hair",9.9429
"Female","Domestic Short Hair",8.7619
"Female","Domestic Medium Hair",10.3496
"Female","Domestic Short Hair",7.4046
"Male","Domestic Long Hair",10.9411
"Male","Domestic Short Hair",6.5006
"Female","Domestic Short Hair",8.9392
"Female","Domestic Medium Hair",10.7672
"Female","Domestic Short Hair",9.7775
"Female","Domestic Medium Hair",9.4068
"Female","Domestic Medium Hair",11.6218
"Male","Domestic Short Hair",8.7433
"Female","Domestic Medium Hair",10.435
"Female","Domestic Short Hair",8.4368
"Female","Domestic Short Hair",8.5649
"Male","Domestic Short Hair",10.0571
"Female","Domestic Long Hair",10.208
"Female","Domestic Short Hair",8.2014
"Male","Domestic Long Hair",11.0997
"Female","Domestic Short Hair",8.8878
"Male","Domestic Medium Hair",9.1894
"Male","Domestic Long Hair",12.7875
"Female","Domestic Medium Hair",9.4639
"Female","Domestic Long Hair",10.3005
"Female","Domestic Long Hair",10.0624
"Female","Domestic Long Hair",10.5627
"Male","Domestic Medium Hair",8.6322
"Female","Domestic Long Hair",8.4058
"Male","Domestic Short Hair",7.4157
"Female","Domestic Short Hair",9.9078
"Female","Domestic Medium Hair",12.0343
"Female","Domestic Long Hair",10.0179
"Female","Domestic Long Hair",9.3951
"Male","Domestic Short Hair",9.7936
"Male","Domestic Short Hair",7.7245
"Female","Domestic Short Hair",7.7466
"Male","Domestic Short Hair",9.5743
"Male","Domestic Short Hair",6.6851
"Male","Domestic Long Hair",8.9386
"Female","Domestic Short Hair",7.8928
"Female","Domestic Short Hair",8.4916
"Female","Domestic Medium Hair",9.9194
"Female","Domestic Long Hair",12.4525
"Male","Domestic Medium Hair",9.9962
"Male","Domestic Medium Hair",10.5515
"Female","Domestic Long Hair",8.8627
"Male","Domestic Short Hair",7.7359
"Female","Domestic Medium Hair",8.6114
"Female","Domestic Medium Hair",10.4627
"Female","Domestic Medium Hair",9.2704
"Female","Domestic Long Hair",8.8252
"Female","Domestic Short Hair",8.9403
"Male","Domestic Medium Hair",9.1545
"Male","Domestic Long Hair",11.3936
"Female","Domestic Short Hair",6.9698
"Female","Domestic Long Hair",10.2037
"Female","Domestic Short Hair",8.0452
"Female","Domestic Medium Hair",9.9781
"Female","Domestic Long Hair",10.1902
"Female","Domestic Medium Hair",8.8241
"Male","Domestic Long Hair",10.1809
"Male","Domestic Short Hair",9.6169
"Female","Domestic Short Hair",8.8343
"Female","Domestic Long Hair",10.7361
"Female","Domestic Long Hair",9.446
"Female","Domestic Short Hair",9.3934
"Female","Domestic Medium Hair",11.1796
"Male","Domestic Long Hair",10.283
"Female","Domestic Long Hair",9.9833
"Male","Domestic Short Hair",9.7875
"Female","Domestic Long Hair",8.5631
"Female","Domestic Short Hair",7.5805
"Male","Domestic Short Hair",8.8096
"Female","Domestic Medium Hair",9.4513
"Male","Domestic Short Hair",8.1327
"Male","Domestic Short Hair",9.2833
"Female","Domestic Short Hair",7.1432
"Male","Domestic Medium Hair",8.3486
"Female","Domestic Medium Hair",11.3655
"Male","Domestic Long Hair",11.1717
"Female","Domestic Short Hair",8.9385
"Male","Domestic Long Hair",10.8664
"Female","Domestic Medium Hair",10.7831
"Male","Domestic Medium Hair",10.2149
"Male","Domestic Medium Hair",9.8991
"Male","Domestic Long Hair",11.5518
"Female","Domestic Short Hair",8.4456
"Female","Domestic Medium Hair",9.8264
"Male","Domestic Long Hair",12.2509
"Male","Domestic Short Hair",10.2611
"Female","Domestic Medium Hair",10.0359
"Female","Domestic Short Hair",9.0474
"Male","Domestic Short Hair",8.9486
"Female","Domestic Short Hair",5.4602
"Male","Domestic Long Hair",10.3744
"Female","Domestic Short Hair",7.9525
"Female","Domestic Medium Hair",8.4399
"Male","Domestic Short Hair",10.1074
"Female","Domestic Long Hair",10.4137
"Female","Domestic Short Hair",9.6881
"Male","Domestic Long Hair",9.4839
"Male","Domestic Short Hair",8.4922
"Female","Domestic Long Hair",9.1563
"Male","Domestic Short Hair",10.0427
"Female","Domestic Medium Hair",9.8371
"Female","Domestic Short Hair",8.432
"Male","Domestic Short Hair",9.2408
"Female","Domestic Medium Hair",9.1603
"Male","Domestic Short Hair",10.1413
"Male","Domestic Medium Hair",8.733
"Female","Domestic Medium Hair",10.3112
"Female","Domestic Medium Hair",9.2457
"Male","Domestic Medium Hair",11.284
"Male","Domestic Medium Hair",10.4721
"Male","Domestic Medium Hair",11.0527
"Male","Domestic Medium Hair",9.5684
"Female","Domestic Short Hair",9.0458
"Male","Domestic Short Hair",10.9709
"Male","Domestic Long Hair",11.9839
"Male","Domestic Long Hair",10.3922
"Female","Domestic Medium Hair",9.985
"Female","Domestic Medium Hair",10.1851
"Female","Domestic Short Hair",9.5885
"Female","Domestic Short Hair",8.9915
"Female","Domestic Long Hair",9.523
"Female","Domestic Long Hair",9.8883
"Female","Domestic Medium Hair",9.6814
"Male","Domestic Medium Hair",11.1996
"Male","Domestic Short Hair",9.2481
"Male","Domestic Medium Hair",9.158
"Female","Domestic Medium Hair",9.7234
"Male","Domestic Medium Hair",10.5197
"Female","Domestic Medium Hair",8.8956
"Female","Domestic Long Hair",11.2968
"Male","Domestic Long Hair",8.9386
"Female","Domestic Short Hair",8.3989
"Female","Domestic Medium Hair",9.63
"Male","Domestic Long Hair",11.9565
"Female","Domestic Medium Hair",10.976
"Female","Domestic Medium Hair",7.5285
"Male","Domestic Long Hair",13.1575
"Female","Domestic Medium Hair",11.0863
"Male","Domestic Long Hair",9.6033
"Female","Domestic Short Hair",9.2303
"Male","Domestic Short Hair",10.5346
"Male","Domestic Short Hair",9.7251
"Female","Domestic Short Hair",7.4133
"Female","Domestic Long Hair",10.2012
"Male","Domestic Short Hair",9.0734
"Male","Domestic Short Hair",9.8015
"Female","Domestic Medium Hair",8.8664
"Female","Domestic Medium Hair",11.7699
"Male","Domestic Short Hair",10.416
"Male","Domestic Short Hair",7.9893
"Male","Domestic Medium Hair",11.3264
"Female","Domestic Long Hair",9.421
"Female","Domestic Short Hair",8.1459
"Female","Domestic Medium Hair",10.1744
"Male","Domestic Long Hair",9.8807
"Female","Domestic Long Hair",9.8088
"Female","Domestic Short Hair",8.6921
"Male","Domestic Long Hair",9.837
"Male","Domestic Medium Hair",10.3886
"Male","Domestic Short Hair",7.9737
"Male","Domestic Long Hair",13.7521
"Female","Domestic Medium Hair",10.0508
"Female","Domestic Long Hair",10.999
"Female","Domestic Medium Hair",10.7878
"Male","Domestic Long Hair",10.6361
"Male","Domestic Short Hair",8.433
"Male","Domestic Short Hair",10.0417
"Female","Domestic Long Hair",10.3536
"Female","Domestic Short Hair",8.8384
"Female","Domestic Medium Hair",10.4896
"Female","Domestic Short Hair",7.2834
"Female","Domestic Long Hair",10.6028
"Male","Domestic Long Hair",10.1287
"Female","Domestic Long Hair",8.3836
"Female","Domestic Long Hair",11.8404
"Male","Domestic Short Hair",10.3038
"Female","Domestic Long Hair",10.4298
"Female","Domestic Long Hair",11.2637
"Female","Domestic Long Hair",12.5643
"Male","Domestic Medium Hair",9.927
"Male","Domestic Long Hair",11.7223
"Female","Domestic Short Hair",8.773
"Male","Domestic Medium Hair",10.4618
"Female","Domestic Medium Hair",10.2363
"Male","Domestic Medium Hair",11.1269
"Female","Domestic Medium Hair",10.8673
"Female","Domestic Short Hair",8.6895
"Male","Domestic Long Hair",8.7293
"Female","Domestic Medium Hair",8.7343
"Female","Domestic Short Hair",8.1811
"Male","Domestic Short Hair",8.5213
"Male","Domestic Short Hair",10.216
"Male","Domestic Long Hair",10.4584
"Female","Domestic Medium Hair",10.1601
"Male","Domestic Short Hair",8.0125
"Female","Domestic Medium Hair",9.0941
"Female","Domestic Short Hair",6.6885
"Male","Domestic Long Hair",11.4332
"Male","Domestic Short Hair",8.2803
"Female","Domestic Medium Hair",11.0646
"Male","Domestic Short Hair",9.807
"Male","Domestic Short Hair",6.9563
"Female","Domestic Short Hair",7.7936
"Female","Domestic Long Hair",12.331
"Female","Domestic Medium Hair",9.0563
"Female","Domestic Short Hair",8.4016
"Female","Domestic Short Hair",6.9438
"Female","Domestic Short Hair",8.782
"Female","Domestic Long Hair",9.7891
"Male","Domestic Short Hair",7.2705
"Female","Domestic Short Hair",9.2286
"Female","Domestic Medium Hair",7.9126
"Female","Domestic Short Hair",9.9294
"Male","Domestic Short Hair",8.2135
"Male","Domestic Medium Hair",8.3569
"Female","Domestic Short Hair",8.1006
"Female","Domestic Short Hair",8.9832
"Female","Domestic Long Hair",9.4564
"Female","Domestic Long Hair",11.4869
"Male","Domestic Short Hair",10.9707
"Male","Domestic Long Hair",10.5372
"Female","Domestic Medium Hair",9.9003
"Male","Domestic Long Hair",11.0183
"Male","Domestic Short Hair",10.5623
"Male","Domestic Medium Hair",8.1578
"Male","Domestic Medium Hair",10.2737
"Female","Domestic Medium Hair",10.1288
"Male","Domestic Short Hair",9.6921
"Female","Domestic Long Hair",10.8415
"Female","Domestic Short Hair",8.5203
"Male","Domestic Short Hair",8.0406
"Female","Domestic Short Hair",8.7937
"Female","Domestic Medium Hair",9.3723
"Female","Domestic Medium Hair",9.5337
"Male","Domestic Long Hair",12.0867
"Female","Domestic Medium Hair",9.0416
"Male","Domestic Long Hair",11.3639
"Male","Domestic Medium Hair",9.2969
"Male","Domestic Short Hair",7.632
"Female","Domestic Short Hair",8.1343
"Male","Domestic Medium Hair",10.5596
"Male","Domestic Medium Hair",10.6233
"Female","Domestic Short Hair",8.7698
"Male","Domestic Short Hair",7.9097
"Male","Domestic Medium Hair",10.2685
"Female","Domestic Long Hair",10.0835
"Female","Domestic Short Hair",7.6079
"Male","Domestic Medium Hair",10.0728
"Female","Domestic Medium Hair",8.0973
"Female","Domestic Short Hair",8.4073
"Male","Domestic Long Hair",10.9588
"Female","Domestic Short Hair",10.5978
"Male","Domestic Short Hair",10.1884
"Female","Domestic Medium Hair",12.2311
"Male","Domestic Medium Hair",11.9724
"Male","Domestic Short Hair",7.883
"Male","Domestic Long Hair",10.0447
"Female","Domestic Medium Hair",9.4372
"Male","Domestic Medium Hair",10.1969
"Female","Domestic Short Hair",8.9277
"Female","Domestic Long Hair",10.1285
"Male","Domestic Short Hair",8.8727
"Male","Domestic Short Hair",8.7183
"Female","Domestic Medium Hair",9.973
"Male","Domestic Long Hair",9.7586
"Female","Domestic Short Hair",8.666
"Female","Domestic Medium Hair",9.3187
"Male","Domestic Long Hair",9.9778
"Male","Domestic Short Hair",8.3931
"Female","Domestic Long Hair",10.6599
"Male","Domestic Short Hair",8.2879
"Female","Domestic Long Hair",11.1871
"Male","Domestic Long Hair",10.165
"Male","Domestic Short Hair",8.6724
"Female","Domestic Medium Hair",10.6801
"Male","Domestic Medium Hair",9.9391
"Male","Domestic Medium Hair",9.3267
"Female","Domestic Medium Hair",9.844
"Male","Domestic Long Hair",11.1623
"Male","Domestic Medium Hair",9.4611
"Male","Domestic Short Hair",6.1037
"Female","Domestic Medium Hair",11.8123
"Female","Domestic Short Hair",8.0641
"Male","Domestic Medium Hair",9.9397
"Male","Domestic Medium Hair",12.5314
"Female","Domestic Medium Hair",10.2584
"Female","Domestic Medium Hair",10.5199
"Female","Domestic Long Hair",8.5624
"Male","Domestic Short Hair",8.3706
"Female","Domestic Long Hair",11.3024
"Male","Domestic Medium Hair",9.2488
"Male","Domestic Long Hair",12.4034
"Male","Domestic Long Hair",12.1355
"Female","Domestic Medium Hair",10.0691
"Male","Domestic Long Hair",9.9552
"Male","Domestic Short Hair",7.9443
"Female","Domestic Long Hair",10.5725
"Female","Domestic Long Hair",9.7904
"Male","Domestic Long Hair",10.2224
"Male","Domestic Medium Hair",10.5543
"Female","Domestic Medium Hair",9.0168
"Male","Domestic Long Hair",10.9829
"Male","Domestic Long Hair",11.8184
"Female","Domestic Medium Hair",10.5255
"Male","Domestic Short Hair",7.7996
"Female","Domestic Medium Hair",9.0845
"Female","Domestic Short Hair",9.6613
"Male","Domestic Long Hair",13.1201
"Male","Domestic Long Hair",11.6681
"Male","Domestic Medium Hair",12.3469
"Female","Domestic Medium Hair",10.946
"Female","Domestic Medium Hair",9.7422
"Male","Domestic Medium Hair",9.9684
"Male","Domestic Short Hair",7.9528
"Female","Domestic Short Hair",9.7183
"Female","Domestic Medium Hair",8.2074
"Female","Domestic Medium Hair",9.5474
"Male","Domestic Medium Hair",10.7056
"Male","Domestic Short Hair",7.81
"Female","Domestic Short Hair",9.4104
"Male","Domestic Long Hair",10.8005
"Male","Domestic Medium Hair",9.7394
"Female","Domestic Long Hair",8.9246
"Male","Domestic Medium Hair",10.7105
"Male","Domestic Short Hair",8.1134
"Male","Domestic Medium Hair",10.849
"Male","Domestic Short Hair",8.7167
"Male","Domestic Short Hair",8.6414
"Female","Domestic Short Hair",7.4708
"Male","Domestic Short Hair",10.4108
"Male","Domestic Short Hair",8.1315
"Male","Domestic Long Hair",11.4179
"Female","Domestic Medium Hair",10.7874
"Female","Domestic Short Hair",9.2198
"Female","Domestic Medium Hair",9.367
"Male","Domestic Medium Hair",10.8818
"Female","Domestic Medium Hair",9.3081
"Male","Domestic Short Hair",10.3701
"Female","Domestic Short Hair",8.4247
"Male","Domestic Short Hair",8.783
"Female","Domestic Long Hair",10.4756
"Female","Domestic Short Hair",8.9639
"Female","Domestic Medium Hair",7.5423
"Female","Domestic Medium Hair",10.4234
"Female","Domestic Short Hair",5.8782
"Male","Domestic Long Hair",13.4361
"Male","Domestic Long Hair",12.4844
"Male","Domestic Long Hair",11.1727
"Male","Domestic Medium Hair",9.2335
"Female","Domestic Long Hair",9.373
"Female","Domestic Short Hair",8.3898
"Female","Domestic Short Hair",7.8331
"Female","Domestic Long Hair",9.5686
"Female","Domestic Long Hair",9.5537
"Male","Domestic Short Hair",7.8254
"Female","Domestic Short Hair",9.0031
"Female","Domestic Long Hair",9.8816
"Female","Domestic Short Hair",8.0781
"Male","Domestic Medium Hair",10.4158
"Male","Domestic Long Hair",10.257
"Male","Domestic Long Hair",12.6234
"Female","Domestic Long Hair",8.5678
"Female","Domestic Short Hair",7.8216
"Female","Domestic Medium Hair",9.1431
"Female","Domestic Short Hair",7.6738
"Male","Domestic Long Hair",9.5156
"Male","Domestic Long Hair",12.0752
"Male","Domestic Long Hair",11.5393
"Male","Domestic Long Hair",11.1723
"Female","Domestic Short Hair",7.627
"Female","Domestic Short Hair",9.6083
"Male","Domestic Medium Hair",10.232
"Female","Domestic Short Hair",7.7742
"Female","Domestic Short Hair",7.0031
"Female","Domestic Medium Hair",10.7467
"Male","Domestic Short Hair",9.2284
"Male","Domestic Short Hair",9.11
"Female","Domestic Medium Hair",10.7121
"Male","Domestic Short Hair",8.8692
"Male","Domestic Medium Hair",10.7471
"Female","Domestic Medium Hair",8.5814
"Female","Domestic Long Hair",11.2596
"Female","Domestic Long Hair",10.0562
"Female","Domestic Short Hair",8.6324
"Male","Domestic Short Hair",9.9675
"Male","Domestic Medium Hair",11.8992
"Female","Domestic Long Hair",8.3503
"Female","Domestic Medium Hair",10.1702
"Male","Domestic Long Hair",8.6745
"Female","Domestic Medium Hair",11.7771
"Male","Domestic Medium Hair",10.4493
"Female","Domestic Long Hair",11.4384
"Female","Domestic Short Hair",7.9742
"Male","Domestic Medium Hair",8.0402
"Female","Domestic Long Hair",9.21
"Female","Domestic Long Hair",8.9661
"Female","Domestic Long Hair",8.4889
"Male","Domestic Medium Hair",11.5194
"Female","Domestic Short Hair",9.0409
"Male","Domestic Long Hair",10.1846
"Female","Domestic Short Hair",8.6122
"Female","Domestic Long Hair",9.6209
"Male","Domestic Short Hair",8.745
"Male","Domestic Medium Hair",9.671
"Male","Domestic Medium Hair",10.4681
"Female","Domestic Medium Hair",10.1114
"Male","Domestic Long Hair",11.4186
"Female","Domestic Medium Hair",10.3289
"Male","Domestic Long Hair",12.3763
"Male","Domestic Short Hair",8.0204
"Female","Domestic Medium Hair",11.122
"Male","Domestic Long Hair",11.1166
"Female","Domestic Long Hair",9.2413
"Female","Domestic Medium Hair",7.4648
"Female","Domestic Short Hair",8.7655
"Male","Domestic Long Hair",10.9751
"Male","Domestic Short Hair",7.5912
"Female","Domestic Medium Hair",9.1811
"Male","Domestic Short Hair",8.714
"Female","Domestic Short Hair",8.4453
"Female","Domestic Medium Hair",9.2481
"Female","Domestic Long Hair",10.1162
"Female","Domestic Long Hair",9.4813
"Female","Domestic Short Hair",8.8252
"Female","Domestic Short Hair",8.8518
"Female","Domestic Medium Hair",8.0917
"Female","Domestic Short Hair",7.4676
"Female","Domestic Short Hair",7.7869
"Male","Domestic Medium Hair",10.3407
"Male","Domestic Medium Hair",10.5673
"Male","Domestic Short Hair",9.3618
"Female","Domestic Short Hair",8.2402
"Male","Domestic Medium Hair",10.8231
"Male","Domestic Short Hair",10.3377
"Male","Domestic Long Hair",10.1746
"Female","Domestic Medium Hair",11.1231
"Male","Domestic Short Hair",9.4117
"Male","Domestic Medium Hair",9.851
"Male","Domestic Medium Hair",8.9206
"Female","Domestic Short Hair",7.9036
"Male","Domestic Medium Hair",10.8732
"Male","Domestic Medium Hair",9.2088
"Female","Domestic Medium Hair",10.9868
"Male","Domestic Short Hair",6.4764
"Female","Domestic Short Hair",8.0201
"Female","Domestic Long Hair",10.1104
"Female","Domestic Medium Hair",11.1067
"Female","Domestic Medium Hair",10.7422
"Male","Domestic Long Hair",10.6455
"Male","Domestic Medium Hair",9.9003
"Female","Domestic Long Hair",10.146
"Female","Domestic Medium Hair",10.0272
"Male","Domestic Short Hair",8.8301
"Female","Domestic Long Hair",10.2825
"Female","Domestic Long Hair",10.2982
"Male","Domestic Short Hair",7.9423
"Male","Domestic Long Hair",12.3391
"Female","Domestic Short Hair",9.0418
"Male","Domestic Medium Hair",9.9174
"Male","Domestic Short Hair",9.4537
"Male","Domestic Medium Hair",11.0546
"Female","Domestic Medium Hair",9.321
"Male","Domestic Long Hair",11.3662
"Female","Domestic Long Hair",9.8313
"Female","Domestic Long Hair",11.0129
"Male","Domestic Medium Hair",11.8555
"Male","Domestic Short Hair",9.0309
"Female","Domestic Short Hair",8.6865
"Female","Domestic Medium Hair",10.3202
"Female","Domestic Medium Hair",10.6492
"Male","Domestic Long Hair",12.3229
"Male","Domestic Medium Hair",9.5843
"Male","Domestic Long Hair",12.6292
"Male","Domestic Medium Hair",11.4807
"Male","Domestic Long Hair",12.1685
"Female","Domestic Medium Hair",10.9391
"Female","Domestic Long Hair",10.6034
"Male","Domestic Long Hair",11.0882
"Female","Domestic Short Hair",9.2307
"Female","Domestic Long Hair",10.4496
"Female","Domestic Short Hair",7.5601
"Male","Domestic Long Hair",10.7181
"Female","Domestic Long Hair",11.0549
"Male","Domestic Medium Hair",9.0018
"Female","Domestic Medium Hair",8.9395
"Female","Domestic Long Hair",9.5718
"Female","Domestic Medium Hair",7.5791
"Male","Domestic Long Hair",12.1962
"Male","Domestic Medium Hair",10.5476
"Male","Domestic Long Hair",11.872
"Male","Domestic Short Hair",7.6012
"Male","Domestic Short Hair",9.6106
"Male","Domestic Short Hair",10.9658
"Female","Domestic Short Hair",6.8056
"Male","Domestic Medium Hair",9.5342
"Female","Domestic Medium Hair",7.2953
"Male","Domestic Long Hair",10.2783
"Male","Domestic Medium Hair",9.5106
"Male","Domestic Long Hair",10.8308
"Female","Domestic Medium Hair",10.6675
"Female","Domestic Short Hair",9.791
"Female","Domestic Short Hair",8.282
"Female","Domestic Short Hair",7.2496
"Female","Domestic Medium Hair",8.7027
"Male","Domestic Long Hair",11.2298
"Female","Domestic Long Hair",10.2208
"Male","Domestic Long Hair",9.6788
"Female","Domestic Short Hair",7.63
"Female","Domestic Long Hair",11.2646
"Female","Domestic Medium Hair",11.7094
"Male","Domestic Long Hair",11.0047
"Male","Domestic Short Hair",9.6768
"Female","Domestic Medium Hair",8.3907
"Female","Domestic Long Hair",8.697
"Male","Domestic Medium Hair",11.1329
"Male","Domestic Short Hair",10.184
"Female","Domestic Short Hair",7.528
"Female","Domestic Long Hair",9.339
"Male","Domestic Long Hair",11.2403
"Male","Domestic Long Hair",9.8367
"Male","Domestic Short Hair",8.5594
"Male","Domestic Medium Hair",10.6934
"Female","Domestic Medium Hair",9.0716
"Male","Domestic Medium Hair",12.6489
"Male","Domestic Medium Hair",9.3358
"Male","Domestic Long Hair",11.7666
"Male","Domestic Short Hair",7.4275
"Female","Domestic Short Hair",8.8206
"Female","Domestic Long Hair",9.8738
"Female","Domestic Long Hair",10.6111
"Male","Domestic Medium Hair",10.1065
"Male","Domestic Short Hair",8.8828
"Male","Domestic Long Hair",10.9903
"Male","Domestic Short Hair",10.0787
"Female","Domestic Long Hair",8.1165
"Male","Domestic Short Hair",8.6627
"Female","Domestic Long Hair",9.8446
"Male","Domestic Short Hair",7.24
"Male","Domestic Long Hair",11.4562
"Female","Domestic Short Hair",8.9178
"Female","Domestic Long Hair",7.9734
"Female","Domestic Long Hair",9.326
"Female","Domestic Short Hair",8.8958
"Female","Domestic Short Hair",8.1605
"Female","Domestic Long Hair",10.3443
"Female","Domestic Short Hair",8.8417
"Male","Domestic Long Hair",9.3802
"Male","Domestic Medium Hair",11.468
"Female","Domestic Medium Hair",8.7753
"Female","Domestic Long Hair",10.8855
"Male","Domestic Short Hair",8.3463
"Female","Domestic Short Hair",7.2753
"Female","Domestic Medium Hair",11.6819
"Female","Domestic Short Hair",8.0434
"Male","Domestic Short Hair",9.1626
"Female","Domestic Long Hair",8.6749
"Male","Domestic Short Hair",8.7874
"Female","Domestic Medium Hair",9.9881
"Male","Domestic Short Hair",8.4107
"Male","Domestic Long Hair",10.5978
"Male","Domestic Medium Hair",11.1482
"Female","Domestic Long Hair",8.1093
"Male","Domestic Short Hair",10.1554
"Female","Domestic Short Hair",8.7454
"Female","Domestic Long Hair",10.0209
"Male","Domestic Medium Hair",11.4823
"Female","Domestic Medium Hair",9.0615
"Female","Domestic Long Hair",8.7679
"Male","Domestic Short Hair",8.3757
"Female","Domestic Long Hair",11.031
"Male","Domestic Long Hair",11.6676
"Female","Domestic Short Hair",8.5621
"Male","Domestic Short Hair",9.8262
"Male","Domestic Medium Hair",9.3103
"Female","Domestic Short Hair",8.0378
"Male","Domestic Long Hair",11.6947
"Male","Domestic Short Hair",9.4064
"Male","Domestic Short Hair",10.4388
"Female","Domestic Medium Hair",9.8447
"Male","Domestic Medium Hair",10.1508
"Female","Domestic Short Hair",8.4663
"Female","Domestic Medium Hair",8.1758
"Female","Domestic Short Hair",7.9216
"Male","Domestic Long Hair",9.1426
"Male","Domestic Medium Hair",10.5989
"Male","Domestic Short Hair",10.689
"Male","Domestic Long Hair",11.2885
"Female","Domestic Long Hair",11.0009
"Male","Domestic Short Hair",9.3078
"Female","Domestic Medium Hair",11.2769
"Male","Domestic Short Hair",9.6301
"Female","Domestic Short Hair",7.9858
"Female","Domestic Medium Hair",9.6718
"Male","Domestic Short Hair",8.6533
"Female","Domestic Medium Hair",11.0843
"Female","Domestic Long Hair",10.5614
"Male","Domestic Short Hair",8.9503
"Female","Domestic Long Hair",10.3993
"Female","Domestic Long Hair",10.6505
"Male","Domestic Short Hair",8.4544
"Male","Domestic Medium Hair",9.1059
"Male","Domestic Short Hair",10.1971
"Female","Domestic Medium Hair",10.0962
"Male","Domestic Long Hair",10.0836
"Male","Domestic Long Hair",11.0828
"Female","Domestic Long Hair",10.0662
"Female","Domestic Short Hair",7.1042
"Female","Domestic Short Hair",7.2325
"Male","Domestic Short Hair",9.9455
"Female","Domestic Short Hair",7.3153
"Male","Domestic Short Hair",9.3876
"Male","Domestic Medium Hair",10.3656
"Male","Domestic Medium Hair",9.8161
"Male","Domestic Short Hair",9.0649
"Female","Domestic Medium Hair",10.1147
"Male","Domestic Medium Hair",11.4375
"Male","Domestic Short Hair",8.9542
"Male","Domestic Short Hair",8.4461
"Male","Domestic Long Hair",10.6764
"Male","Domestic Long Hair",11.3882
"Female","Domestic Medium Hair",10.58
"Male","Domestic Short Hair",10.4191
"Female","Domestic Long Hair",9.0008
"Female","Domestic Short Hair",7.1097
"Male","Domestic Long Hair",10.3091
"Female","Domestic Long Hair",11.6789
"Female","Domestic Long Hair",9.9414
"Female","Domestic Short Hair",7.6173
"Male","Domestic Short Hair",9.6437
"Male","Domestic Medium Hair",10.5645
"Male","Domestic Long Hair",10.8172
"Female","Domestic Medium Hair",9.7479
"Male","Domestic Short Hair",8.8316
"Male","Domestic Long Hair",11.0433
"Female","Domestic Long Hair",11.3537
"Female","Domestic Short Hair",8.9625
"Female","Domestic Short Hair",7.1334
"Male","Domestic Long Hair",11.2526
"Female","Domestic Medium Hair",11.2043
"Female","Domestic Long Hair",8.7018
"Male","Domestic Long Hair",10.2454
"Female","Domestic Short Hair",8.8252
"Male","Domestic Long Hair",11.9405
"Female","Domestic Short Hair",9.3378
"Female","Domestic Short Hair",8.7308
"Male","Domestic Long Hair",11.1486
"Female","Domestic Medium Hair",12.0763
"Male","Domestic Short Hair",9.7289
"Male","Domestic Short Hair",9.9378
"Male","Domestic Short Hair",10.8931
"Male","Domestic Short Hair",8.6465
"Male","Domestic Short Hair",9.2655
"Male","Domestic Long Hair",11.8535
"Female","Domestic Short Hair",10.5379
"Male","Domestic Short Hair",11.3017
"Male","Domestic Long Hair",11.9543
"Female","Domestic Short Hair",8.2499
"Female","Domestic Long Hair",9.4149
"Male","Domestic Short Hair",8.1275
"Female","Domestic Medium Hair",8.5071
"Male","Domestic Long Hair",11.3121
"Female","Domestic Medium Hair",9.8448
"Female","Domestic Medium Hair",9.1178
"Female","Domestic Long Hair",8.7084
"Female","Domestic Long Hair",8.9474
"Female","Domestic Short Hair",6.8235
"Male","Domestic Medium Hair",11.479
"Male","Domestic Short Hair",9.5066
"Female","Domestic Short Hair",7.2332
"Male","Domestic Medium Hair",10.0379
"Female","Domestic Short Hair",9.0856
"Female","Domestic Long Hair",9.1265
"Female","Domestic Medium Hair",8.431
"Male","Domestic Short Hair",8.7662
"Male","Domestic Medium Hair",8.6519
"Female","Domestic Short Hair",8.2395
"Male","Domestic Long Hair",11.1879
"Female","Domestic Medium Hair",9.1559
"Male","Domestic Medium Hair",9.4442
"Male","Domestic Short Hair",8.3894
"Male","Domestic Long Hair",11.9339
"Male","Domestic Short Hair",10.3172
"Female","Domestic Long Hair",10.3714
"Female","Domestic Medium Hair",10.6191
"Female","Domestic Short Hair",7.2618
"Female","Domestic Medium Hair",10.3421
"Female","Domestic Short Hair",9.8498
"Male","Domestic Medium Hair",11.0978
"Male","Domestic Medium Hair",10.2075
"Female","Domestic Short Hair",7.8738
"Female","Domestic Long Hair",7.4742
"Male","Domestic Medium Hair",9.8612
"Male","Domestic Long Hair",10.2218
"Female","Domestic Long Hair",10.1107
"Male","Domestic Short Hair",8.1512
"Female","Domestic Medium Hair",10.9862
"Male","Domestic Short Hair",8.2611
"Male","Domestic Long Hair",10.7858
"Female","Domestic Long Hair",10.0263
"Male","Domestic Long Hair",9.9075
"Female","Domestic Medium Hair",8.3819
"Male","Domestic Medium Hair",9.4161
"Male","Domestic Long Hair",11.6019
"Female","Domestic Short Hair",9.693
"Female","Domestic Long Hair",11.1368
"Male","Domestic Medium Hair",9.0457
"Female","Domestic Long Hair",10.5691
"Male","Domestic Short Hair",10.2901
"Female","Domestic Short Hair",9.3326
"Female","Domestic Medium Hair",9.397
"Male","Domestic Medium Hair",8.1361
"Female","Domestic Long Hair",9.6712
"Male","Domestic Short Hair",8.4727
"Female","Domestic Medium Hair",8.6701
"Male","Domestic Long Hair",10.4127
"Male","Domestic Medium Hair",10.6028
"Male","Domestic Medium Hair",9.8278
"Male","Domestic Short Hair",6.201
"Male","Domestic Short Hair",8.5187
"Female","Domestic Medium Hair",8.7193
"Female","Domestic Short Hair",6.172
"Female","Domestic Short Hair",8.8045
"Female","Domestic Long Hair",8.9188
"Male","Domestic Medium Hair",12.139
"Female","Domestic Short Hair",7.9483
"Male","Domestic Long Hair",10.4008
"Male","Domestic Long Hair",10.3175
"Female","Domestic Medium Hair",10.9254
"Male","Domestic Long Hair",12.2958
"Female","Domestic Long Hair",10.6068
"Male","Domestic Short Hair",8.268
"Male","Domestic Long Hair",10.9231
"Female","Domestic Short Hair",8.9445
"Female","Domestic Short Hair",7.3673
"Male","Domestic Long Hair",10.755
"Female","Domestic Short Hair",8.334
"Male","Domestic Long Hair",11.1881
"Female","Domestic Medium Hair",8.7166
"Female","Domestic Long Hair",8.102
"Male","Domestic Short Hair",6.0792
"Female","Domestic Short Hair",8.0776
"Female","Domestic Medium Hair",9.7396
"Male","Domestic Medium Hair",9.2875
"Male","Domestic Short Hair",8.041
"Male","Domestic Long Hair",10.0703
"Male","Domestic Medium Hair",8.8976
"Male","Domestic Medium Hair",9.8529
"Male","Domestic Long Hair",10.7123
"Female","Domestic Long Hair",9.5259
"Male","Domestic Medium Hair",11.5041
"Male","Domestic Long Hair",12.4131
"Female","Domestic Medium Hair",11.923
"Male","Domestic Long Hair",9.3708
"Female","Domestic Long Hair",10.6913
"Female","Domestic Long Hair",10.9976
"Female","Domestic Short Hair",9.652
"Female","Domestic Short Hair",7.5252
"Female","Domestic Medium Hair",11.1932
"Male","Domestic Short Hair",8.432
"Female","Domestic Long Hair",10.1723
"Female","Domestic Long Hair",10.972
"Male","Domestic Long Hair",12.2129
"Female","Domestic Medium Hair",10.547
"Female","Domestic Short Hair",9.6356
"Female","Domestic Short Hair",8.5982
"Male","Domestic Long Hair",11.2407
"Female","Domestic Long Hair",11.5438
"Female","Domestic Medium Hair",9.5175
"Female","Domestic Short Hair",8.5804
"Male","Domestic Short Hair",11.4662
"Male","Domestic Short Hair",8.8975
"Male","Domestic Medium Hair",10.7324
"Female","Domestic Long Hair",9.4308
"Female","Domestic Long Hair",8.7552
"Male","Domestic Long Hair",9.9569
"Female","Domestic Short Hair",8.1599
"Male","Domestic Short Hair",8.9945
"Male","Domestic Medium Hair",9.5299
"Male","Domestic Short Hair",9.7651
"Female","Domestic Medium Hair",10.8756
"Female","Domestic Medium Hair",10.7645
"Female","Domestic Long Hair",9.7601
"Male","Domestic Medium Hair",10.2404
"Female","Domestic Long Hair",12.2723
"Male","Domestic Short Hair",8.3846
"Male","Domestic Long Hair",10.381
"Female","Domestic Long Hair",10.5063
"Male","Domestic Long Hair",10.7195
"Male","Domestic Medium Hair",11.5988
"Female","Domestic Long Hair",10.3989
"Male","Domestic Short Hair",9.6202
"Female","Domestic Short Hair",8.6655
"Male","Domestic Long Hair",10.5896
"Male","Domestic Short Hair",9.6109
"Female","Domestic Medium Hair",10.7053
"Male","Domestic Short Hair",9.3555
"Female","Domestic Medium Hair",10.0342
"Male","Domestic Medium Hair",8.9638
"Female","Domestic Medium Hair",9.9009
"Female","Domestic Medium Hair",9.4731
"Male","Domestic Long Hair",11.7332
"Female","Domestic Medium Hair",7.5279
"Male","Domestic Long Hair",9.3733
"Male","Domestic Medium Hair",10.099
"Male","Domestic Medium Hair",9.4916
"Female","Domestic Medium Hair",10.1663
"Male","Domestic Medium Hair",9.9669
"Male","Domestic Short Hair",10.2932
"Male","Domestic Long Hair",10.765
"Female","Domestic Medium Hair",8.6014
"Male","Domestic Long Hair",10.7862
"Female","Domestic Short Hair",8.9978
"Male","Domestic Long Hair",11.9343
"Female","Domestic Medium Hair",10.1836
"Male","Domestic Medium Hair",10.7108
"Male","Domestic Long Hair",11.3318
"Female","Domestic Long Hair",11.6453
"Female","Domestic Short Hair",10.3873
"Female","Domestic Medium Hair",8.1575
"Female","Domestic Short Hair",8.1169
"Male","Domestic Medium Hair",11.7898
"Female","Domestic Medium Hair",10.752
"Male","Domestic Short Hair",9.0949
"Male","Domestic Long Hair",12.3449
"Male","Domestic Long Hair",11.8601
"Female","Domestic Short Hair",9.1961
"Female","Domestic Short Hair",8.3781
"Female","Domestic Medium Hair",10.2248
"Male","Domestic Long Hair",13.3297
"Female","Domestic Long Hair",10.998
"Female","Domestic Long Hair",9.9818
"Male","Domestic Medium Hair",9.2083
"Female","Domestic Short Hair",8.4312
"Male","Domestic Long Hair",10.0238
"Female","Domestic Short Hair",9.907
"Female","Domestic Short Hair",8.0587
"Male","Domestic Medium Hair",11.4348
"Male","Domestic Short Hair",10.1417
"Female","Domestic Short Hair",10.2623
"Female","Domestic Long Hair",8.8928
"Female","Domestic Long Hair",9.5231
"Female","Domestic Short Hair",9.2632
"Female","Domestic Short Hair",6.5912
"Female","Domestic Long Hair",9.2075
"Female","Domestic Medium Hair",9.1596
"Female","Domestic Medium Hair",11.1565
"Female","Domestic Short Hair",8.1683
"Female","Domestic Medium Hair",11.9648
"Male","Domestic Medium Hair",10.1512
"Female","Domestic Short Hair",9.205
"Female","Domestic Long Hair",9.6834
"Female","Domestic Short Hair",7.1212
"Female","Domestic Long Hair",9.0594
"Female","Domestic Long Hair",9.209
"Male","Domestic Short Hair",9.7135
"Female","Domestic Short Hair",9.1706
"Male","Domestic Medium Hair",10.6407
"Female","Domestic Medium Hair",9.2057
"Male","Domestic Medium Hair",11.4914
"Male","Domestic Medium Hair",9.4829
"Male","Domestic Short Hair",9.3658
"Female","Domestic Short Hair",7.8186
"Female","Domestic Short Hair",9.1211
"Female","Domestic Long Hair",10.3696
"Male","Domestic Short Hair",9.3641
"Female","Domestic Medium Hair",10.6285
"Female","Domestic Short Hair",7.0491
"Male","Domestic Short Hair",9.9526
"Male","Domestic Medium Hair",8.6342
"Male","Domestic Short Hair",8.6468
"Female","Domestic Short Hair",7.6404
"Male","Domestic Medium Hair",9.2905
"Male","Domestic Long Hair",12.8513
"Female","Domestic Short Hair",7.5986
"Female","Domestic Medium Hair",11.3487
"Female","Domestic Medium Hair",8.8436
"Female","Domestic Long Hair",8.1712
"Female","Domestic Short Hair",8.2287
"Male","Domestic Medium Hair",9.6647
"Female","Domestic Long Hair",9.7974
"Female","Domestic Short Hair",8.5452
"Male","Domestic Long Hair",11.8182
"Male","Domestic Long Hair",10.4322
"Female","Domestic Medium Hair",11.2138
"Male","Domestic Medium Hair",9.5195
"Female","Domestic Short Hair",9.2001
"Female","Domestic Short Hair",8.2765
"Male","Domestic Medium Hair",11.5232
"Female","Domestic Short Hair",8.8974
"Male","Domestic Short Hair",9.4049
"Male","Domestic Long Hair",13.4482
"Male","Domestic Long Hair",9.7121
"Female","Domestic Short Hair",9.9737
"Male","Domestic Short Hair",9.7011
"Female","Domestic Short Hair",8.6563
"Female","Domestic Medium Hair",9.5003
"Female","Domestic Long Hair",8.4793
"Male","Domestic Short Hair",8.4702
"Male","Domestic Medium Hair",10.4404
"Male","Domestic Short Hair",9.7807
"Male","Domestic Short Hair",8.0762
"Female","Domestic Short Hair",8.0158
"Female","Domestic Long Hair",10.202
"Female","Domestic Medium Hair",9.2743
"Female","Domestic Long Hair",11.5547
"Female","Domestic Medium Hair",9.6149
"Male","Domestic Long Hair",10.4383
"Male","Domestic Long Hair",12.1248
"Male","Domestic Medium Hair",13.1489
"Female","Domestic Medium Hair",7.9039
"Female","Domestic Medium Hair",10.3987
"Female","Domestic Medium Hair",7.7187
"Female","Domestic Medium Hair",7.9633
"Male","Domestic Long Hair",10.587
"Female","Domestic Short Hair",9.2954
"Male","Domestic Short Hair",10.433
"Male","Domestic Medium Hair",11.291
"Male","Domestic Long Hair",10.8349
"Female","Domestic Long Hair",11.1156
"Male","Domestic Medium Hair",12.4115
"Female","Domestic Long Hair",11.1238
"Male","Domestic Long Hair",11.208
"Female","Domestic Long Hair",10.1167
"Male","Domestic Long Hair",11.6536
"Female","Domestic Short Hair",8.7101
"Female","Domestic Medium Hair",8.9729
"Female","Domestic Long Hair",10.923
"Male","Domestic Short Hair",9.8921
"Male","Domestic Medium Hair",9.8139
"Male","Domestic Long Hair",11.122
"Female","Domestic Medium Hair",7.9359
"Female","Domestic Short Hair",7.7783
"Female","Domestic Long Hair",11.4074
"Male","Domestic Short Hair",8.6463
"Female","Domestic Short Hair",8.1953
"Female","Domestic Short Hair",8.2874
"Male","Domestic Medium Hair",11.9623
"Male","Domestic Long Hair",10.4874
"Male","Domestic Short Hair",7.9518
"Female","Domestic Long Hair",10.3044
"Male","Domestic Long Hair",11.3331
"Female","Domestic Long Hair",9.548
"Male","Domestic Long Hair",12.3526
"Female","Domestic Medium Hair",7.9661
"Male","Domestic Short Hair",7.916
"Female","Domestic Short Hair",7.2157
"Female","Domestic Short Hair",9.2062
"Male","Domestic Long Hair",11.2353
"Male","Domestic Short Hair",10.8852
"Male","Domestic Short Hair",9.4827
"Female","Domestic Short Hair",9.1924
"Female","Domestic Medium Hair",8.3757
"Male","Domestic Long Hair",10.5941
"Female","Domestic Medium Hair",9.5074
"Female","Domestic Long Hair",11.1473
"Male","Domestic Long Hair",10.5437
"Male","Domestic Long Hair",9.9299
"Female","Domestic Medium Hair",9.2729
"Female","Domestic Medium Hair",7.7409
"Female","Domestic Short Hair",7.0186
"Male","Domestic Short Hair",9.5748
"Female","Domestic Medium Hair",8.008
"Male","Domestic Short Hair",7.6826
"Female","Domestic Medium Hair",7.8893
"Female","Domestic Long Hair",11.4612
"Female","Domestic Medium Hair",10.4924
"Female","Domestic Medium Hair",10.2673
"Female","Domestic Short Hair",8.7287
"Male","Domestic Short Hair",9.8635
"Female","Domestic Short Hair",8.3451
"Male","Domestic Medium Hair",9.4006
"Male","Domestic Short Hair",8.4171
"Female","Domestic Long Hair",10.1401
"Male","Domestic Medium Hair",10.3494
"Female","Domestic Long Hair",10.0696
"Male","Domestic Medium Hair",9.9721
"Female","Domestic Short Hair",7.8126
"Male","Domestic Medium Hair",10.5305
"Male","Domestic Short Hair",7.9789
"Male","Domestic Medium Hair",10.3892
"Male","Domestic Long Hair",10.2238
"Male","Domestic Medium Hair",10.6109
"Male","Domestic Short Hair",9.5833
"Male","Domestic Medium Hair",8.8558
"Female","Domestic Medium Hair",8.8517
"Female","Domestic Long Hair",8.5533
"Male","Domestic Medium Hair",11.7432
"Female","Domestic Long Hair",10.438
"Male","Domestic Long Hair",10.6712
"Male","Domestic Medium Hair",10.4719
"Male","Domestic Short Hair",8.0957
"Male","Domestic Medium Hair",11.4267
"Female","Domestic Short Hair",7.911
"Female","Domestic Medium Hair",9.439
"Male","Domestic Short Hair",8.5876
"Male","Domestic Medium Hair",11.0014
"Male","Domestic Short Hair",7.5547
"Male","Domestic Medium Hair",10.0826
"Male","Domestic Medium Hair",10.8742
"Male","Domestic Long Hair",10.7894
"Female","Domestic Long Hair",11.7765
"Female","Domestic Medium Hair",10.4838
"Male","Domestic Short Hair",9.0758
"Female","Domestic Long Hair",9.5513
"Male","Domestic Short Hair",9.3638
"Male","Domestic Short Hair",8.579
"Female","Domestic Short Hair",8.9022
"Female","Domestic Medium Hair",11.3044
"Female","Domestic Long Hair",9.1116
"Female","Domestic Long Hair",10.7064
"Male","Domestic Medium Hair",10.6797
"Female","Domestic Medium Hair",10.2754
"Male","Domestic Long Hair",11.9091
"Male","Domestic Short Hair",7.6227
"Female","Domestic Long Hair",10.3575
"Female","Domestic Medium Hair",8.8954
"Female","Domestic Medium Hair",10.8628
"Female","Domestic Short Hair",7.1063
"Female","Domestic Short Hair",7.7149
"Male","Domestic Long Hair",10.0937
"Female","Domestic Long Hair",9.2644
"Female","Domestic Long Hair",11.6677
"Female","Domestic Short Hair",8.6924
"Male","Domestic Long Hair",9.4842
"Male","Domestic Short Hair",10.994
"Male","Domestic Long Hair",9.6982
"Male","Domestic Short Hair",8.6571
"Male","Domestic Medium Hair",8.9453
"Female","Domestic Short Hair",7.0711
"Female","Domestic Short Hair",8.2985
"Male","Domestic Long Hair",12.057
"Male","Domestic Medium Hair",8.5509
"Female","Domestic Medium Hair",10.4935
"Female","Domestic Short Hair",8.7359
"Male","Domestic Short Hair",7.4734
"Female","Domestic Long Hair",10.6911
"Female","Domestic Long Hair",9.012
"Female","Domestic Medium Hair",10.0136
"Male","Domestic Short Hair",8.1905
"Female","Domestic Long Hair",8.544
"Female","Domestic Short Hair",8.5645
"Female","Domestic Medium Hair",9.0878
"Male","Domestic Long Hair",11.0148
"Male","Domestic Long Hair",12.1425
"Female","Domestic Short Hair",7.7949
"Male","Domestic Medium Hair",11.715
"Male","Domestic Short Hair",7.7714
"Male","Domestic Long Hair",8.6521
"Female","Domestic Short Hair",9.1282
"Male","Domestic Long Hair",9.8314
"Male","Domestic Long Hair",12.6789
"Female","Domestic Medium Hair",9.109
"Male","Domestic Short Hair",10.3362
"Male","Domestic Long Hair",11.7982
"Female","Domestic Medium Hair",10.42
"Female","Domestic Short Hair",8.5659
"Female","Domestic Short Hair",10.3099
"Male","Domestic Long Hair",10.0064
"Female","Domestic Short Hair",10.6597
"Male","Domestic Long Hair",12.9112
"Female","Domestic Short Hair",9.2066
"Female","Domestic Medium Hair",8.9546
"Male","Domestic Long Hair",10.6188
"Female","Domestic Short Hair",7.4327
"Male","Domestic Short Hair",8.5945
"Male","Domestic Long Hair",9.4751
"Female","Domestic Medium Hair",10.5525
"Female","Domestic Short Hair",8.6152
"Female","Domestic Short Hair",8.8576
"Female","Domestic Medium Hair",11.1155
"Male","Domestic Short Hair",10.5955
"Male","Domestic Long Hair",12.4002
"Male","Domestic Short Hair",10.033
"Male","Domestic Long Hair",11.7181
"Male","Domestic Long Hair",10.3749
"Male","Domestic Long Hair",10.794
"Male","Domestic Short Hair",9.6289
"Male","Domestic Long Hair",10.8591
"Female","Domestic Medium Hair",10.5218
"Female","Domestic Long Hair",10.2353
"Female","Domestic Medium Hair",8.521
"Male","Domestic Long Hair",11.8243
"Female","Domestic Medium Hair",9.7016
"Female","Domestic Long Hair",9.4979
"Female","Domestic Short Hair",9.7315
"Female","Domestic Long Hair",9.793
"Male","Domestic Long Hair",11.6855
"Male","Domestic Medium Hair",10.293
"Male","Domestic Short Hair",8.3082
"Male","Domestic Long Hair",12.2017
"Female","Domestic Long Hair",9.9346
"Female","Domestic Long Hair",9.8412
"Male","Domestic Long Hair",9.7076
"Female","Domestic Medium Hair",9.2036
"Male","Domestic Long Hair",10.9349
"Male","Domestic Short Hair",9.7686
"Female","Domestic Medium Hair",10.918
"Female","Domestic Medium Hair",9.0239
"Female","Domestic Long Hair",9.2384
"Female","Domestic Short Hair",9.3068
"Female","Domestic Medium Hair",9.0562
"Male","Domestic Long Hair",11.8923
"Female","Domestic Medium Hair",8.9905
"Male","Domestic Long Hair",10.8555
"Male","Domestic Long Hair",10.4971
"Male","Domestic Long Hair",9.79
"Female","Domestic Short Hair",10.3027
"Female","Domestic Short Hair",8.8251
"Female","Domestic Short Hair",8.8977
"Male","Domestic Short Hair",9.5354
"Male","Domestic Long Hair",11.6664
"Male","Domestic Long Hair",11.2705
"Male","Domestic Long Hair",11.9727
"Female","Domestic Long Hair",10.379
"Female","Domestic Short Hair",9.298
"Male","Domestic Long Hair",11.1816
"Female","Domestic Medium Hair",9.8912
"Male","Domestic Short Hair",10.3726
"Female","Domestic Long Hair",9.1567
"Male","Domestic Short Hair",8.4081
"Male","Domestic Medium Hair",10.5007
"Male","Domestic Short Hair",9.2457
"Female","Domestic Short Hair",7.949
"Male","Domestic Long Hair",9.8815
"Male","Domestic Short Hair",9.7249
"Female","Domestic Medium Hair",8.652
"Male","Domestic Short Hair",6.6304
"Male","Domestic Long Hair",9.978
"Female","Domestic Long Hair",9.4831
"Male","Domestic Medium Hair",10.0951
"Female","Domestic Short Hair",9.6122
"Male","Domestic Long Hair",10.8361
"Male","Domestic Long Hair",11.8954
"Female","Domestic Medium Hair",10.5239
"Female","Domestic Short Hair",6.4358
"Female","Domestic Short Hair",7.2344
"Male","Domestic Long Hair",11.3551
"Female","Domestic Short Hair",5.6869
"Female","Domestic Long Hair",10.1104
"Male","Domestic Long Hair",8.8005
"Female","Domestic Short Hair",8.1682
"Female","Domestic Medium Hair",10.2048
"Male","Domestic Short Hair",9.4299
"Female","Domestic Short Hair",8.2202
"Male","Domestic Short Hair",8.3798
"Female","Domestic Medium Hair",9.1188
"Male","Domestic Long Hair",11.5935
"Female","Domestic Short Hair",7.5987
"Female","Domestic Long Hair",9.637
"Male","Domestic Short Hair",9.8988
"Male","Domestic Medium Hair",9.1143
"Female","Domestic Long Hair",9.9347
"Female","Domestic Long Hair",11.073
"Female","Domestic Medium Hair",9.3129
"Male","Domestic Long Hair",11.5236
"Female","Domestic Medium Hair",10.8987
"Male","Domestic Medium Hair",11.0783
"Male","Domestic Medium Hair",9.2435
"Female","Domestic Long Hair",10.8209
"Male","Domestic Medium Hair",9.457
"Female","Domestic Long Hair",10.2101
"Male","Domestic Long Hair",9.6261
"Male","Domestic Long Hair",10.2994
"Male","Domestic Long Hair",13.8151
"Male","Domestic Medium Hair",8.9665
"Female","Domestic Short Hair",7.6995
"Male","Domestic Long Hair",10.3972
"Male","Domestic Long Hair",12.1513
"Male","Domestic Short Hair",8.0142
"Female","Domestic Medium Hair",10.2956
"Female","Domestic Short Hair",8.2629
"Male","Domestic Long Hair",10.6528
"Female","Domestic Long Hair",10.1007
"Female","Domestic Medium Hair",9.4079
"Female","Domestic Medium Hair",9.5656
"Male","Domestic Short Hair",8.6832
"Female","Domestic Short Hair",9.4687
"Female","Domestic Short Hair",9.2429
"Male","Domestic Short Hair",9.2305
"Female","Domestic Long Hair",12.1642
"Male","Domestic Long Hair",12.1304
"Male","Domestic Medium Hair",8.0658
"Male","Domestic Short Hair",7.4554
"Male","Domestic Short Hair",8.236
"Female","Domestic Short Hair",7.3914
"Male","Domestic Long Hair",11.7041
"Male","Domestic Medium Hair",9.3597
"Male","Domestic Long Hair",10.7048
"Female","Domestic Medium Hair",7.6446
"Female","Domestic Medium Hair",9.3386
"Female","Domestic Long Hair",10.0479
"Male","Domestic Short Hair",7.6534
"Female","Domestic Long Hair",10.3017
"Male","Domestic Short Hair",9.9865
"Female","Domestic Short Hair",7.4662
"Female","Domestic Medium Hair",9.4918
"Female","Domestic Medium Hair",9.2689
"Female","Domestic Medium Hair",10.8498
"Male","Domestic Long Hair",12.9008
"Female","Domestic Long Hair",10.356
"Male","Domestic Short Hair",10.6855
"Female","Domestic Long Hair",9.8369
"Male","Domestic Long Hair",10.5291
"Male","Domestic Short Hair",7.952
"Female","Domestic Medium Hair",11.4981
"Female","Domestic Short Hair",6.9969
"Male","Domestic Long Hair",11.7073
"Male","Domestic Short Hair",10.4575
"Male","Domestic Long Hair",12.7479
"Female","Domestic Long Hair",10.0059
"Female","Domestic Short Hair",8.4512
"Male","Domestic Short Hair",10.4482
"Female","Domestic Short Hair",9.7161
"Female","Domestic Short Hair",8.066
"Female","Domestic Medium Hair",8.9319
"Male","Domestic Medium Hair",8.6431
"Female","Domestic Short Hair",8.118
"Male","Domestic Short Hair",10.3806
"Female","Domestic Medium Hair",9.4034
"Female","Domestic Medium Hair",9.5805
"Female","Domestic Medium Hair",10.0848
"Female","Domestic Long Hair",11.3642
"Female","Domestic Short Hair",9.1096
"Female","Domestic Medium Hair",9.4479
"Female","Domestic Long Hair",10.6673
"Male","Domestic Long Hair",11.4116
"Female","Domestic Short Hair",8.673
"Male","Domestic Medium Hair",11.4569
"Female","Domestic Short Hair",6.667
"Male","Domestic Medium Hair",10.674
"Female","Domestic Medium Hair",9.6467
"Male","Domestic Short Hair",7.6993
"Male","Domestic Short Hair",8.4139
"Female","Domestic Long Hair",11.5136
"Male","Domestic Short Hair",10.9483
"Male","Domestic Short Hair",9.8351
"Female","Domestic Medium Hair",10.6348
"Male","Domestic Long Hair",11.2382
"Female","Domestic Medium Hair",10.1144
"Female","Domestic Short Hair",7.7329
"Female","Domestic Medium Hair",10.6778
"Male","Domestic Long Hair",7.0121
"Female","Domestic Medium Hair",9.9556
"Male","Domestic Medium Hair",11.8452
"Female","Domestic Long Hair",10.0783
"Female","Domestic Long Hair",9.6239
"Female","Domestic Medium Hair",8.2912
"Female","Domestic Short Hair",9.0118
"Male","Domestic Long Hair",8.9174
"Male","Domestic Short Hair",9.0211
"Male","Domestic Long Hair",12.1183
"Female","Domestic Medium Hair",8.4883
"Female","Domestic Medium Hair",10.6724
"Female","Domestic Long Hair",9.4629
"Female","Domestic Short Hair",8.3985
"Male","Domestic Long Hair",8.8939
"Female","Domestic Long Hair",9.5941
"Female","Domestic Long Hair",9.6125
"Female","Domestic Medium Hair",10.0608
"Female","Domestic Short Hair",6.8304
"Male","Domestic Short Hair",8.1882
"Female","Domestic Long Hair",9.0582
"Male","Domestic Long Hair",10.4029
"Female","Domestic Long Hair",10.9152
"Male","Domestic Long Hair",10.2753
"Female","Domestic Long Hair",10.0271
"Female","Domestic Medium Hair",8.4168
"Male","Domestic Short Hair",7.8772
"Male","Domestic Long Hair",9.3301
"Male","Domestic Medium Hair",11.8265
"Male","Domestic Medium Hair",9.492
"Female","Domestic Long Hair",10.0858
"Female","Domestic Medium Hair",10.3744
"Male","Domestic Medium Hair",9.8126
"Female","Domestic Long Hair",10.2788
"Female","Domestic Long Hair",8.1818
"Male","Domestic Long Hair",11.7217
"Female","Domestic Long Hair",9.4951
"Female","Domestic Long Hair",11.1383
"Female","Domestic Medium Hair",9.1053
"Male","Domestic Long Hair",11.5902
"Male","Domestic Short Hair",9.1612
"Female","Domestic Short Hair",8.2761
"Female","Domestic Medium Hair",8.951
"Male","Domestic Short Hair",9.8808
"Male","Domestic Long Hair",11.4949
"Female","Domestic Short Hair",10.0807
"Male","Domestic Short Hair",8.094
"Male","Domestic Long Hair",10.188
"Female","Domestic Short Hair",10.0519
"Male","Domestic Medium Hair",12.8902
"Female","Domestic Short Hair",8.4482
"Female","Domestic Medium Hair",9.7341
"Male","Domestic Medium Hair",8.1675
"Male","Domestic Long Hair",10.9877
"Female","Domestic Medium Hair",9.0433
"Female","Domestic Medium Hair",9.2557
"Female","Domestic Long Hair",9.259
"Male","Domestic Short Hair",9.2436
"Female","Domestic Long Hair",9.1664
"Female","Domestic Short Hair",8.3797
"Male","Domestic Medium Hair",10.9478
"Female","Domestic Long Hair",10.1751
"Male","Domestic Long Hair",11.5456
"Female","Domestic Long Hair",9.1175
"Female","Domestic Short Hair",9.8463
"Female","Domestic Medium Hair",8.8947
"Male","Domestic Medium Hair",11.4546
"Female","Domestic Short Hair",9.9502
"Male","Domestic Short Hair",8.1112
"Female","Domestic Medium Hair",9.9339
"Male","Domestic Long Hair",9.7913
"Female","Domestic Short Hair",8.9252
"Male","Domestic Medium Hair",9.1354
"Male","Domestic Short Hair",9.7653
"Female","Domestic Short Hair",10.168
"Male","Domestic Medium Hair",11.4592
"Female","Domestic Short Hair",9.7501
"Female","Domestic Short Hair",10.0902
"Female","Domestic Short Hair",9.031
"Female","Domestic Short Hair",8.9414
"Female","Domestic Short Hair",8.0808
"Male","Domestic Medium Hair",10.5565
"Female","Domestic Medium Hair",11.0963
"Male","Domestic Medium Hair",10.6996
"Female","Domestic Medium Hair",10.3666
"Female","Domestic Long Hair",8.8499
"Male","Domestic Long Hair",11.9415
"Female","Domestic Medium Hair",8.2684
"Male","Domestic Short Hair",6.7371
"Female","Domestic Medium Hair",8.4779
"Male","Domestic Short Hair",10.4708
"Male","Domestic Long Hair",11.5857
"Male","Domestic Long Hair",11.6873
"Female","Domestic Long Hair",9.6215
"Female","Domestic Short Hair",7.8584
"Female","Domestic Medium Hair",8.1867
"Female","Domestic Long Hair",8.3491
"Male","Domestic Medium Hair",10.6854
"Female","Domestic Long Hair",9.6728
"Male","Domestic Long Hair",11.4457
"Female","Domestic Short Hair",9.0487
"Female","Domestic Long Hair",10.8327
"Female","Domestic Short Hair",9.2036
"Male","Domestic Short Hair",9.1936
"Female","Domestic Long Hair",9.4348
"Male","Domestic Long Hair",9.5588
"Female","Domestic Medium Hair",6.9758
"Male","Domestic Medium Hair",9.7129
"Male","Domestic Long Hair",12.0211
"Female","Domestic Short Hair",9.3892
"Male","Domestic Short Hair",8.055
"Female","Domestic Short Hair",9.9497
"Female","Domestic Medium Hair",9.7139
"Male","Domestic Long Hair",9.8798
"Male","Domestic Short Hair",8.4143
"Female","Domestic Long Hair",9.7886
"Female","Domestic Medium Hair",9.8737
"Male","Domestic Medium Hair",9.789
"Male","Domestic Short Hair",8.5239
"Male","Domestic Short Hair",10.493
"Female","Domestic Short Hair",9.9796
"Female","Domestic Long Hair",8.9896
"Female","Domestic Long Hair",8.7818
"Female","Domestic Short Hair",10.0876
"Male","Domestic Long Hair",8.4592
"Female","Domestic Long Hair",9.5128
"Male","Domestic Short Hair",9.9455
"Female","Domestic Medium Hair",10.4783
"Male","Domestic Long Hair",11.9862
"Male","Domestic Medium Hair",10.9144
"Male","Domestic Short Hair",7.3112
"Male","Domestic Medium Hair",11.0157
"Male","Domestic Short Hair",6.9016
"Female","Domestic Long Hair",10.0168
"Male","Domestic Long Hair",10.3406
"Female","Domestic Long Hair",9.5858
"Female","Domestic Long Hair",8.4809
"Male","Domestic Short Hair",10.9273
"Female","Domestic Short Hair",7.6345
"Female","Domestic Long Hair",9.6764
"Male","Domestic Short Hair",8.0779
"Female","Domestic Short Hair",9.2693
"Female","Domestic Medium Hair",10.4492
"Male","Domestic Medium Hair",11.0568
"Female","Domestic Long Hair",10.7031
"Male","Domestic Long Hair",10.2263
"Female","Domestic Long Hair",9.4484
"Female","Domestic Medium Hair",8.8746
"Female","Domestic Medium Hair",9.8736
"Female","Domestic Short Hair",7.6468
"Male","Domestic Long Hair",10.6232
"Male","Domestic Medium Hair",9.6216
"Male","Domestic Medium Hair",9.6092
"Female","Domestic Long Hair",9.9483
"Female","Domestic Short Hair",8.8956
"Female","Domestic Medium Hair",10.6414
"Male","Domestic Medium Hair",11.0427
"Female","Domestic Short Hair",7.9833
"Female","Domestic Medium Hair",10.6963
"Female","Domestic Short Hair",9.2173
"Male","Domestic Long Hair",10.8317
"Male","Domestic Medium Hair",10.9942
"Female","Domestic Medium Hair",11.4461
"Male","Domestic Short Hair",8.3358
"Female","Domestic Short Hair",7.8917
"Male","Domestic Long Hair",13.9262
"Female","Domestic Medium Hair",8.7811
"Female","Domestic Short Hair",8.0915
"Female","Domestic Short Hair",7.7522
"Female","Domestic Medium Hair",10.3996
"Male","Domestic Long Hair",9.3886
"Female","Domestic Long Hair",10.6182
"Male","Domestic Short Hair",9.4768
"Male","Domestic Long Hair",11.157
"Male","Domestic Medium Hair",10.3502
"Female","Domestic Medium Hair",9.8106
"Male","Domestic Short Hair",9.9433
"Female","Domestic Short Hair",9.2984
"Male","Domestic Long Hair",13.605
"Male","Domestic Long Hair",9.6834
"Male","Domestic Short Hair",9.2257
"Male","Domestic Short Hair",8.8908
"Male","Domestic Medium Hair",9.8841
"Male","Domestic Short Hair",8.5873
"Female","Domestic Long Hair",8.3348
"Female","Domestic Short Hair",8.0411
"Female","Domestic Long Hair",10.3794
"Female","Domestic Short Hair",8.7101
"Male","Domestic Medium Hair",11.8514
"Female","Domestic Short Hair",8.4806
"Male","Domestic Long Hair",10.6229
"Male","Domestic Long Hair",11.2463
"Female","Domestic Medium Hair",10.26
"Male","Domestic Short Hair",10.1667
"Female","Domestic Short Hair",9.0699
"Female","Domestic Short Hair",6.5254
"Female","Domestic Short Hair",8.8696
"Male","Domestic Short Hair",10.4059
"Female","Domestic Medium Hair",10.5952
"Female","Domestic Medium Hair",9.8744
"Male","Domestic Medium Hair",8.5491
"Female","Domestic Long Hair",8.562
"Female","Domestic Medium Hair",10.8088
"Female","Domestic Short Hair",8.6269
"Male","Domestic Short Hair",8.3029
"Female","Domestic Medium Hair",9.6619
"Female","Domestic Medium Hair",8.5497
"Female","Domestic Medium Hair",9.9077
"Male","Domestic Short Hair",9.5763
"Female","Domestic Short Hair",7.6478
"Male","Domestic Short Hair",10.4163
"Female","Domestic Short Hair",9.298
"Male","Domestic Short Hair",7.4141
"Male","Domestic Long Hair",8.8409
"Male","Domestic Medium Hair",9.3123
"Male","Domestic Medium Hair",10.183
"Male","Domestic Short Hair",11.4366
"Male","Domestic Short Hair",8.8628
"Male","Domestic Long Hair",10.0007
"Male","Domestic Medium Hair",9.3495
"Female","Domestic Medium Hair",8.561
"Male","Domestic Medium Hair",10.2123
"Male","Domestic Long Hair",10.9407
"Male","Domestic Medium Hair",9.6293
"Female","Domestic Medium Hair",9.8314
"Female","Domestic Long Hair",10.1955
"Female","Domestic Medium Hair",8.8636
"Male","Domestic Long Hair",12.3167
"Female","Domestic Medium Hair",9.6479
"Male","Domestic Long Hair",10.4717
"Male","Domestic Short Hair",9.4505
"Male","Domestic Short Hair",9.0195
"Female","Domestic Long Hair",10.1298
"Male","Domestic Long Hair",11.9221
"Male","Domestic Short Hair",10.1943
"Female","Domestic Long Hair",9.0565
"Female","Domestic Long Hair",8.7549
"Female","Domestic Medium Hair",8.49
"Male","Domestic Short Hair",9.5161
"Male","Domestic Long Hair",8.5579
"Male","Domestic Short Hair",9.9968
"Male","Domestic Short Hair",8.8368
"Female","Domestic Long Hair",10.3628
"Male","Domestic Medium Hair",11.3425
"Male","Domestic Short Hair",8.838
"Female","Domestic Medium Hair",11.1188
"Female","Domestic Short Hair",8.9825
"Female","Domestic Short Hair",9.5381
"Female","Domestic Medium Hair",9.9914
"Male","Domestic Short Hair",9.6659
"Male","Domestic Long Hair",10.2036
"Male","Domestic Short Hair",8.2514
"Male","Domestic Long Hair",12.6386
"Female","Domestic Long Hair",8.9829
"Male","Domestic Short Hair",8.3308
"Female","Domestic Medium Hair",8.2298
"Female","Domestic Short Hair",8.5998
"Female","Domestic Medium Hair",8.9375
"Male","Domestic Short Hair",8.3009
"Female","Domestic Medium Hair",8.117
"Male","Domestic Medium Hair",8.767
"Male","Domestic Short Hair",8.0368
"Female","Domestic Short Hair",9.3004
"Male","Domestic Medium Hair",8.2183
"Female","Domestic Medium Hair",9.8067
"Female","Domestic Long Hair",10.8222
"Male","Domestic Long Hair",9.8201
"Female","Domestic Medium Hair",10.2509
"Female","Domestic Long Hair",10.2807
"Male","Domestic Long Hair",10.9174
"Female","Domestic Long Hair",9.3587
"Male","Domestic Short Hair",9.51
"Male","Domestic Short Hair",9.7123
"Female","Domestic Long Hair",9.029
"Female","Domestic Long Hair",9.8548
"Female","Domestic Short Hair",7.9744
"Female","Domestic Medium Hair",10.8227
"Female","Domestic Long Hair",11.0669
"Female","Domestic Short Hair",10.2404
"Female","Domestic Short Hair",7.9245
"Male","Domestic Long Hair",11.3112
"Female","Domestic Short Hair",7.1886
"Male","Domestic Short Hair",11.2072
"Male","Domestic Long Hair",9.9178
"Male","Domestic Long Hair",11.4057
"Male","Domestic Short Hair",10.448
"Male","Domestic Medium Hair",10.2852
"Female","Domestic Long Hair",9.6397
"Female","Domestic Short Hair",10.498
"Male","Domestic Long Hair",11.4533
"Male","Domestic Medium Hair",11.0161
"Male","Domestic Medium Hair",8.9194
"Female","Domestic Long Hair",8.9921
"Female","Domestic Long Hair",9.1762
"Female","Domestic Long Hair",11.0045
"Female","Domestic Short Hair",8.6929
"Male","Domestic Medium Hair",9.4965
"Male","Domestic Long Hair",11.9579
"Female","Domestic Medium Hair",10.128
"Female","Domestic Medium Hair",11.6498
"Male","Domestic Long Hair",11.5647
"Male","Domestic Short Hair",8.4716
"Male","Domestic Medium Hair",11.4583
"Female","Domestic Long Hair",9.888
"Female","Domestic Short Hair",10.8606
"Female","Domestic Long Hair",9.5449
"Male","Domestic Long Hair",11.5184
"Female","Domestic Short Hair",9.7447
"Female","Domestic Medium Hair",8.4119
"Female","Domestic Short Hair",7.8958
"Female","Domestic Medium Hair",9.4269
"Male","Domestic Short Hair",8.4672
"Female","Domestic Long Hair",9.2622
"Female","Domestic Medium Hair",8.7218
"Female","Domestic Long Hair",9.7908
"Female","Domestic Medium Hair",8.5934
"Male","Domestic Long Hair",10.2304
"Male","Domestic Long Hair",10.7186
"Female","Domestic Short Hair",8.66
"Female","Domestic Short Hair",7.8078
"Male","Domestic Medium Hair",11.0335
"Male","Domestic Short Hair",8.9387
"Female","Domestic Medium Hair",9.9386
"Male","Domestic Long Hair",10.962
"Male","Domestic Long Hair",11.5141
"Female","Domestic Short Hair",7.5415
"Male","Domestic Short Hair",8.3256
"Female","Domestic Short Hair",9.678
"Female","Domestic Short Hair",8.9528
"Female","Domestic Short Hair",7.6008
"Female","Domestic Medium Hair",9.3476
"Male","Domestic Medium Hair",9.0722
"Male","Domestic Long Hair",9.2254
"Female","Domestic Short Hair",8.7768
"Male","Domestic Long Hair",10.1085
"Female","Domestic Long Hair",9.0605
"Male","Domestic Long Hair",11.4071
"Male","Domestic Medium Hair",10.8795
"Male","Domestic Long Hair",10.159
"Male","Domestic Long Hair",8.8235
"Male","Domestic Medium Hair",11.3312
"Male","Domestic Long Hair",11.92
"Male","Domestic Short Hair",8.4293
"Male","Domestic Short Hair",8.3741
"Female","Domestic Short Hair",10.0395
"Female","Domestic Long Hair",9.7447
"Male","Domestic Long Hair",11.1905
"Female","Domestic Long Hair",9.9678
"Male","Domestic Short Hair",9.8775
"Male","Domestic Medium Hair",9.6683
"Female","Domestic Short Hair",10.4559
"Female","Domestic Long Hair",11.2002
"Male","Domestic Long Hair",12.0699
"Female","Domestic Long Hair",7.5343
"Female","Domestic Short Hair",8.4469
"Male","Domestic Short Hair",9.4155
"Female","Domestic Medium Hair",9.4804
"Male","Domestic Long Hair",10.9968
"Male","Domestic Medium Hair",9.6358
"Male","Domestic Long Hair",10.6539
"Male","Domestic Short Hair",10.6811
"Female","Domestic Medium Hair",9.3979
"Male","Domestic Medium Hair",9.7131
"Female","Domestic Medium Hair",9.7885
"Female","Domestic Medium Hair",9.9654
"Male","Domestic Long Hair",10.6097
"Male","Domestic Short Hair",9.3154
"Female","Domestic Short Hair",6.9252
"Male","Domestic Short Hair",9.422
"Female","Domestic Short Hair",7.685
"Male","Domestic Medium Hair",9.7929
"Male","Domestic Long Hair",11.3062
"Male","Domestic Short Hair",9.4884
"Female","Domestic Medium Hair",9.532
"Male","Domestic Long Hair",9.8314
"Female","Domestic Long Hair",10.5649
"Female","Domestic Long Hair",9.2726
"Male","Domestic Medium Hair",8.8763
"Male","Domestic Short Hair",8.8148
"Male","Domestic Medium Hair",9.0494
"Female","Domestic Medium Hair",9.8004
"Male","Domestic Medium Hair",9.6263
"Female","Domestic Medium Hair",9.4688
"Male","Domestic Long Hair",10.0235
"Male","Domestic Short Hair",8.7096
"Female","Domestic Medium Hair",9.8609
"Male","Domestic Short Hair",9.6013
"Male","Domestic Long Hair",10.76
"Female","Domestic Long Hair",8.8699
"Male","Domestic Medium Hair",10.3113
"Female","Domestic Medium Hair",8.3224
"Male","Domestic Short Hair",9.0022
"Male","Domestic Medium Hair",11.2756
"Male","Domestic Long Hair",11.2476
"Female","Domestic Long Hair",9.1739
"Male","Domestic Short Hair",8.6506
"Female","Domestic Medium Hair",9.4531
"Female","Domestic Long Hair",9.8347
"Male","Domestic Short Hair",7.7462
"Female","Domestic Medium Hair",10.8722
"Male","Domestic Medium Hair",10.7513
"Female","Domestic Short Hair",8.2532
"Male","Domestic Short Hair",9.6221
"Male","Domestic Short Hair",9.5449
"Male","Domestic Long Hair",10.4462
"Male","Domestic Short Hair",8.5335
"Male","Domestic Short Hair",8.9079
"Female","Domestic Short Hair",10.0579
"Female","Domestic Long Hair",10.1114
"Male","Domestic Short Hair",9.6532
"Female","Domestic Short Hair",9.5712
"Male","Domestic Short Hair",10.0589
"Female","Domestic Short Hair",6.0895
"Female","Domestic Long Hair",9.0529
"Female","Domestic Short Hair",8.6385
"Male","Domestic Short Hair",8.7412
"Female","Domestic Medium Hair",8.8535
"Female","Domestic Long Hair",9.3321
"Male","Domestic Short Hair",8.8189
"Female","Domestic Medium Hair",10.1628
"Female","Domestic Medium Hair",10.5947
"Male","Domestic Short Hair",9.7716
"Male","Domestic Short Hair",8.889
"Male","Domestic Medium Hair",10.7137
"Male","Domestic Medium Hair",10.4176
"Female","Domestic Short Hair",7.9296
"Male","Domestic Medium Hair",8.7297
"Female","Domestic Short Hair",9.0858
"Male","Domestic Medium Hair",10.338
"Female","Domestic Medium Hair",10.2847
"Male","Domestic Long Hair",10.0139
"Female","Domestic Medium Hair",9.8272
"Male","Domestic Medium Hair",8.7783
"Female","Domestic Short Hair",8.8953
"Female","Domestic Short Hair",8.5533
"Female","Domestic Medium Hair",8.4196
"Male","Domestic Medium Hair",9.1962
"Female","Domestic Medium Hair",10.3783
"Male","Domestic Long Hair",11.7127
"Female","Domestic Medium Hair",7.5998
"Female","Domestic Medium Hair",9.643
"Male","Domestic Medium Hair",10.8362
"Female","Domestic Medium Hair",11.8171
"Female","Domestic Short Hair",8.5115
"Male","Domestic Short Hair",10.8199
"Female","Domestic Medium Hair",9.9809
"Female","Domestic Short Hair",7.3129
"Male","Domestic Short Hair",8.2085
"Female","Domestic Long Hair",10.301
"Female","Domestic Medium Hair",9.7732
"Male","Domestic Medium Hair",11.659
"Female","Domestic Long Hair",8.8578
"Male","Domestic Long Hair",10.6525
"Female","Domestic Long Hair",9.7483
"Female","Domestic Medium Hair",10.5757
"Male","Domestic Short Hair",8.3495
"Female","Domestic Short Hair",6.5017
"Female","Domestic Medium Hair",10.4839
"Male","Domestic Long Hair",10.1745
"Female","Domestic Long Hair",9.9272
"Female","Domestic Medium Hair",8.6645
"Male","Domestic Short Hair",9.9219
"Female","Domestic Long Hair",10.1953
"Male","Domestic Short Hair",8.2752
"Female","Domestic Long Hair",10.2218
"Female","Domestic Short Hair",8.5411
"Female","Domestic Medium Hair",9.3495
"Female","Domestic Short Hair",8.4524
"Female","Domestic Long Hair",10.0118
"Male","Domestic Short Hair",7.78
"Female","Domestic Long Hair",8.7263
"Male","Domestic Medium Hair",11.461
"Female","Domestic Short Hair",8.0917
"Male","Domestic Long Hair",11.08
"Male","Domestic Medium Hair",9.2153
"Female","Domestic Short Hair",9.7646
"Female","Domestic Short Hair",8.5563
"Female","Domestic Short Hair",7.3877
"Female","Domestic Long Hair",10.7925
"Female","Domestic Medium Hair",9.3182
"Male","Domestic Short Hair",8.9267
"Male","Domestic Short Hair",9.9335
"Female","Domestic Short Hair",9.1897
"Male","Domestic Long Hair",9.9297
"Male","Domestic Long Hair",11.3288
"Female","Domestic Short Hair",7.2633
"Female","Domestic Long Hair",9.7483
"Male","Domestic Medium Hair",8.9408
"Female","Domestic Long Hair",10.9372
"Female","Domestic Long Hair",9.2874
"Female","Domestic Short Hair",8.1596
"Female","Domestic Long Hair",11.0951
"Male","Domestic Short Hair",10.7095
"Female","Domestic Short Hair",8.1723
"Male","Domestic Short Hair",9.8761
"Female","Domestic Long Hair",10.6173
"Male","Domestic Medium Hair",10.4825
"Male","Domestic Medium Hair",10.0836
"Female","Domestic Long Hair",10.0731
"Female","Domestic Short Hair",6.3676
"Male","Domestic Long Hair",10.5392
"Male","Domestic Short Hair",8.8225
"Female","Domestic Medium Hair",8.8065
"Male","Domestic Medium Hair",11.5558
"Male","Domestic Medium Hair",11.4296
"Female","Domestic Medium Hair",11.3341
"Female","Domestic Medium Hair",7.4411
"Female","Domestic Short Hair",9.6
"Female","Domestic Short Hair",7.7227
"Female","Domestic Medium Hair",10.6772
"Female","Domestic Short Hair",8.1537
"Female","Domestic Short Hair",8.5719
"Male","Domestic Short Hair",8.0463
"Male","Domestic Long Hair",10.6688
"Female","Domestic Short Hair",7.8613
"Male","Domestic Long Hair",10.7453
"Male","Domestic Short Hair",8.9002
"Female","Domestic Short Hair",8.4822
"Female","Domestic Long Hair",9.1786
"Male","Domestic Long Hair",10.4777
"Female","Domestic Long Hair",10.9351
"Female","Domestic Medium Hair",8.8918
"Female","Domestic Long Hair",10.4389
"Male","Domestic Short Hair",9.7847
"Male","Domestic Short Hair",8.6615
"Female","Domestic Short Hair",8.6942
"Male","Domestic Medium Hair",10.2901
"Female","Domestic Short Hair",7.4087
"Male","Domestic Long Hair",10.5212
"Female","Domestic Medium Hair",9.9091
"Male","Domestic Short Hair",7.8626
"Female","Domestic Short Hair",8.0653
"Male","Domestic Medium Hair",11.0897
"Female","Domestic Long Hair",8.8158
"Male","Domestic Long Hair",9.4253
"Male","Domestic Medium Hair",10.4203
"Male","Domestic Medium Hair",10.2771
"Female","Domestic Medium Hair",9.8962
"Female","Domestic Short Hair",9.5348
"Female","Domestic Medium Hair",8.623
"Female","Domestic Short Hair",7.8414
"Male","Domestic Short Hair",9.3846
"Female","Domestic Long Hair",9.2576
"Female","Domestic Short Hair",7.0691
"Male","Domestic Short Hair",10.4147
"Female","Domestic Medium Hair",11.6157
"Female","Domestic Long Hair",10.4367
"Female","Domestic Medium Hair",11.5408
"Female","Domestic Long Hair",10.6067
"Female","Domestic Short Hair",6.8445
"Female","Domestic Long Hair",9.2404
"Male","Domestic Long Hair",12.7622
"Female","Domestic Long Hair",10.4425
"Male","Domestic Long Hair",11.6102
"Male","Domestic Long Hair",13.1167
"Female","Domestic Short Hair",9.3136
"Female","Domestic Long Hair",10.2645
"Male","Domestic Long Hair",11.7541
"Female","Domestic Short Hair",7.8733
"Male","Domestic Medium Hair",9.8031
"Male","Domestic Medium Hair",12.0871
"Female","Domestic Medium Hair",10.6493
"Male","Domestic Short Hair",10.322
"Female","Domestic Short Hair",7.7566
"Female","Domestic Long Hair",10.8003
"Female","Domestic Long Hair",9.5452
"Male","Domestic Long Hair",11.402
"Female","Domestic Short Hair",7.7235
"Male","Domestic Short Hair",7.0281
"Female","Domestic Short Hair",8.3181
"Male","Domestic Medium Hair",10.6645
"Male","Domestic Long Hair",10.6297
"Male","Domestic Short Hair",10.7572
"Male","Domestic Long Hair",11.0104
"Male","Domestic Short Hair",8.7729
"Male","Domestic Short Hair",8.0061
"Male","Domestic Short Hair",8
"Male","Domestic Medium Hair",7.7485
"Male","Domestic Short Hair",8.7408
"Male","Domestic Short Hair",8.142
"Female","Domestic Short Hair",9.0186
"Female","Domestic Long Hair",8.9207
"Male","Domestic Long Hair",10.2605
"Male","Domestic Medium Hair",9.6747
"Female","Domestic Medium Hair",8.0038
"Male","Domestic Long Hair",9.4159
"Female","Domestic Short Hair",9.7396
"Female","Domestic Medium Hair",10.8117
"Male","Domestic Short Hair",10.0035
"Male","Domestic Short Hair",10.1925
"Male","Domestic Long Hair",11.3235
"Male","Domestic Medium Hair",8.9783
"Female","Domestic Short Hair",8.0987
"Female","Domestic Long Hair",9.9271
"Male","Domestic Long Hair",11.5297
"Female","Domestic Medium Hair",8.0539
"Male","Domestic Short Hair",9.4463
"Female","Domestic Short Hair",8.1489
"Male","Domestic Medium Hair",9.9565
"Male","Domestic Medium Hair",10.5564
"Male","Domestic Long Hair",10.1481
"Male","Domestic Medium Hair",9.7703
"Male","Domestic Medium Hair",10.3204
"Male","Domestic Long Hair",11.9288
"Female","Domestic Long Hair",11.0219
"Female","Domestic Long Hair",10.2196
"Male","Domestic Long Hair",11.6893
"Female","Domestic Long Hair",9.1515
"Female","Domestic Medium Hair",9.6789
"Female","Domestic Short Hair",7.8054
"Male","Domestic Short Hair",8.7901
"Male","Domestic Long Hair",10.81
"Female","Domestic Short Hair",7.5026
"Female","Domestic Short Hair",9.3569
"Female","Domestic Medium Hair",9.3265
"Male","Domestic Long Hair",9.7474
"Male","Domestic Medium Hair",11.295
"Female","Domestic Short Hair",8.3397
"Female","Domestic Short Hair",8.0655
"Female","Domestic Long Hair",11.2236
"Female","Domestic Short Hair",10.1911
"Female","Domestic Long Hair",9.4053
"Male","Domestic Short Hair",6.6411
"Female","Domestic Medium Hair",9.11
"Female","Domestic Long Hair",10.5265
"Female","Domestic Short Hair",7.7355
"Male","Domestic Long Hair",11.3826
"Female","Domestic Medium Hair",7.8137
"Female","Domestic Long Hair",10.249
"Female","Domestic Medium Hair",8.411
"Male","Domestic Long Hair",9.8172
"Female","Domestic Medium Hair",7.9941
"Male","Domestic Long Hair",10.0077
"Male","Domestic Short Hair",8.6609
"Male","Domestic Short Hair",10.0318
"Female","Domestic Long Hair",10.1748
"Female","Domestic Medium Hair",8.9728
"Male","Domestic Short Hair",9.0944
"Female","Domestic Medium Hair",11.0983
"Female","Domestic Medium Hair",8.4255
"Female","Domestic Long Hair",10.4588
"Female","Domestic Short Hair",9.2254
"Male","Domestic Short Hair",9.697
"Male","Domestic Short Hair",6.8821
"Female","Domestic Short Hair",9.7277
"Female","Domestic Long Hair",10.5116
"Male","Domestic Short Hair",9.362
"Male","Domestic Long Hair",10.3013
"Female","Domestic Medium Hair",9.6969
"Male","Domestic Long Hair",11.7449
"Male","Domestic Medium Hair",10.6254
"Female","Domestic Medium Hair",9.4282
"Female","Domestic Medium Hair",9.0777
"Male","Domestic Medium Hair",8.8745
"Male","Domestic Short Hair",7.926
"Male","Domestic Long Hair",10.5988
"Male","Domestic Short Hair",9.4504
"Female","Domestic Short Hair",9.1521
"Male","Domestic Long Hair",10.6984
"Female","Domestic Medium Hair",8.4811
"Male","Domestic Short Hair",8.4314
"Male","Domestic Long Hair",10.9558
"Female","Domestic Medium Hair",11.6247
"Male","Domestic Medium Hair",11.3404
"Female","Domestic Long Hair",9.7033
"Female","Domestic Long Hair",9.3214
"Female","Domestic Medium Hair",8.4388
"Female","Domestic Long Hair",8.9735
"Female","Domestic Short Hair",9.4592
"Female","Domestic Medium Hair",10.2167
"Female","Domestic Short Hair",7.1101
"Male","Domestic Short Hair",9.9557
"Female","Domestic Medium Hair",9.9186
"Female","Domestic Long Hair",10.1648
"Female","Domestic Short Hair",8.6604
"Female","Domestic Short Hair",9.0402
"Female","Domestic Medium Hair",9.2961
"Male","Domestic Long Hair",11.3911
"Male","Domestic Long Hair",11.287
"Female","Domestic Long Hair",10.0605
"Male","Domestic Long Hair",11.1894
"Male","Domestic Short Hair",8.9799
"Male","Domestic Medium Hair",10.8245
"Male","Domestic Short Hair",8.3012
"Female","Domestic Long Hair",11.2339
"Female","Domestic Short Hair",10.2449
"Female","Domestic Short Hair",9.7526
"Female","Domestic Short Hair",8.1344
"Female","Domestic Long Hair",10.4994
"Female","Domestic Medium Hair",9.8239
"Male","Domestic Long Hair",10.3471
"Male","Domestic Long Hair",10.5938
"Female","Domestic Long Hair",10.1304
"Female","Domestic Short Hair",8.0662
"Female","Domestic Short Hair",9.1965
"Female","Domestic Medium Hair",8.2624
"Male","Domestic Long Hair",8.901
"Female","Domestic Short Hair",7.9996
"Male","Domestic Medium Hair",9.6313
"Female","Domestic Long Hair",10.286
"Female","Domestic Short Hair",9.4109
"Female","Domestic Medium Hair",10.354
"Male","Domestic Medium Hair",9.7046
"Male","Domestic Long Hair",9.8116
"Female","Domestic Short Hair",10.8773
"Male","Domestic Short Hair",10.9948
"Male","Domestic Long Hair",13.1693
"Male","Domestic Short Hair",8.742
"Male","Domestic Long Hair",12.8014
"Male","Domestic Long Hair",11.3461
"Male","Domestic Short Hair",10.1177
"Male","Domestic Short Hair",9.345
"Male","Domestic Long Hair",13.0262
"Male","Domestic Long Hair",11.5911
"Female","Domestic Medium Hair",10.2333
"Male","Domestic Short Hair",10.2533
"Male","Domestic Long Hair",13.0514
"Female","Domestic Medium Hair",9.6647
"Female","Domestic Short Hair",8.1838
"Male","Domestic Short Hair",9.143
"Female","Domestic Long Hair",10.1659
"Male","Domestic Medium Hair",11.3496
"Female","Domestic Long Hair",11.5749
"Female","Domestic Medium Hair",9.4496
"Female","Domestic Medium Hair",9.921
"Male","Domestic Medium Hair",9.3547
"Male","Domestic Long Hair",8.8993
"Female","Domestic Medium Hair",10.5185
"Male","Domestic Medium Hair",10.8061
"Female","Domestic Short Hair",8.3604
"Female","Domestic Short Hair",6.3212
"Male","Domestic Long Hair",12.109
"Male","Domestic Medium Hair",9.6735
"Female","Domestic Long Hair",9.988
"Male","Domestic Short Hair",7.4162
"Female","Domestic Long Hair",8.9784
"Male","Domestic Medium Hair",9.4754
"Male","Domestic Long Hair",11.3407
"Female","Domestic Short Hair",6.4878
"Male","Domestic Medium Hair",10.3782
"Male","Domestic Short Hair",8.5557
"Male","Domestic Long Hair",11.4113
"Male","Domestic Long Hair",11.7369
"Female","Domestic Medium Hair",9.0428
"Female","Domestic Long Hair",10.8706
"Female","Domestic Short Hair",8.4077
"Female","Domestic Short Hair",9.4962
"Male","Domestic Long Hair",9.6249
"Female","Domestic Long Hair",9.8026
"Male","Domestic Long Hair",9.7637
"Male","Domestic Long Hair",10.3796
"Male","Domestic Short Hair",8.535
"Male","Domestic Medium Hair",11.0372
"Male","Domestic Short Hair",8.6389
"Male","Domestic Long Hair",10.3545
"Male","Domestic Medium Hair",8.8113
"Female","Domestic Short Hair",8.4266
"Male","Domestic Long Hair",12.3367
"Female","Domestic Short Hair",8.4309
"Male","Domestic Long Hair",10.9916
"Male","Domestic Medium Hair",10.4884
"Male","Domestic Medium Hair",11.016
"Male","Domestic Short Hair",10.1454
"Male","Domestic Short Hair",10.0613
"Female","Domestic Long Hair",10.0443
"Male","Domestic Long Hair",12.0605
"Female","Domestic Short Hair",9.0194
"Male","Domestic Short Hair",10.4356
"Female","Domestic Short Hair",9.7154
"Male","Domestic Medium Hair",8.799
"Female","Domestic Long Hair",12.2947
"Male","Domestic Long Hair",12.5962
"Female","Domestic Short Hair",6.3844
"Male","Domestic Long Hair",12.1524
"Male","Domestic Short Hair",11.1159
"Female","Domestic Medium Hair",9.4878
"Male","Domestic Short Hair",9.2041
"Male","Domestic Long Hair",10.8353
"Male","Domestic Long Hair",9.5189
"Female","Domestic Medium Hair",9.2826
"Female","Domestic Medium Hair",10.7608
"Male","Domestic Medium Hair",8.9135
"Female","Domestic Long Hair",10.1241
"Female","Domestic Medium Hair",10.1496
"Male","Domestic Long Hair",11.1144
"Male","Domestic Medium Hair",9.8531
"Female","Domestic Short Hair",7.804
"Male","Domestic Long Hair",10.6031
"Male","Domestic Short Hair",9.2829
"Male","Domestic Medium Hair",10.828
"Male","Domestic Short Hair",9.4324
"Male","Domestic Long Hair",10.7657
"Female","Domestic Short Hair",7.2923
"Male","Domestic Medium Hair",10.344
"Female","Domestic Medium Hair",8.8116
"Female","Domestic Long Hair",10.1031
"Female","Domestic Long Hair",11.1516
"Female","Domestic Short Hair",10.9713
"Male","Domestic Medium Hair",9.7957
"Male","Domestic Long Hair",12.1402
"Male","Domestic Medium Hair",10.0952
"Male","Domestic Medium Hair",10.8993
"Female","Domestic Short Hair",8.6758
"Female","Domestic Short Hair",7.8522
"Female","Domestic Long Hair",9.6087
"Male","Domestic Short Hair",9.0636
"Female","Domestic Long Hair",8.9936
"Male","Domestic Medium Hair",10.2364
"Female","Domestic Medium Hair",9.6854
"Male","Domestic Short Hair",7.3726
"Female","Domestic Short Hair",8.003
"Male","Domestic Short Hair",8.6412
"Female","Domestic Medium Hair",8.5561
"Male","Domestic Medium Hair",10.6148
"Male","Domestic Short Hair",8.4095
"Female","Domestic Long Hair",9.4327
"Female","Domestic Short Hair",7.6258
"Male","Domestic Short Hair",8.243
"Female","Domestic Medium Hair",10.3259
"Female","Domestic Medium Hair",10.5777
"Male","Domestic Short Hair",8.6779
"Female","Domestic Short Hair",8.4793
"Male","Domestic Long Hair",10.109
"Female","Domestic Long Hair",9.3118
"Male","Domestic Medium Hair",12.5544
"Female","Domestic Long Hair",10.1619
"Female","Domestic Long Hair",10.6109
"Male","Domestic Short Hair",8.6107
"Female","Domestic Long Hair",10.1757
"Female","Domestic Long Hair",8.0488
"Male","Domestic Short Hair",8.6082
"Female","Domestic Medium Hair",10.3961
"Female","Domestic Short Hair",7.9541
"Female","Domestic Short Hair",9.5138
"Female","Domestic Long Hair",9.8555
"Male","Domestic Medium Hair",11.6974
"Male","Domestic Short Hair",10.3324
"Female","Domestic Long Hair",9.0089
"Male","Domestic Medium Hair",10.289
"Male","Domestic Short Hair",8.0599
"Male","Domestic Medium Hair",10.4422
"Female","Domestic Medium Hair",10.0711
"Female","Domestic Short Hair",8.2725
"Male","Domestic Short Hair",9.1391
"Male","Domestic Short Hair",9.0579
"Male","Domestic Short Hair",8.4304
"Female","Domestic Short Hair",8.4283
"Female","Domestic Short Hair",7.772
"Male","Domestic Short Hair",9.9027
"Male","Domestic Long Hair",11.8342
"Female","Domestic Short Hair",8.586
"Male","Domestic Long Hair",10.2551
"Male","Domestic Short Hair",8.6615
"Female","Domestic Long Hair",8.5364
"Male","Domestic Short Hair",11.2949
"Female","Domestic Long Hair",9.3861
"Female","Domestic Medium Hair",10.6423
"Male","Domestic Short Hair",7.8054
"Male","Domestic Long Hair",11.3754
"Female","Domestic Short Hair",8.3723
"Male","Domestic Long Hair",11.2231
"Female","Domestic Medium Hair",11.6772
"Female","Domestic Short Hair",8.8992
"Male","Domestic Short Hair",10.3855
"Female","Domestic Short Hair",7.9901
"Male","Domestic Short Hair",9.3445
"Female","Domestic Medium Hair",9.9385
"Female","Domestic Short Hair",7.8784
"Male","Domestic Short Hair",10.8941
"Male","Domestic Long Hair",11.0193
"Male","Domestic Long Hair",11.1322
"Female","Domestic Medium Hair",9.7856
"Female","Domestic Medium Hair",10.5276
"Female","Domestic Long Hair",10.4648
"Female","Domestic Medium Hair",8.6192
"Female","Domestic Medium Hair",11.0177
"Male","Domestic Long Hair",10.6725
"Female","Domestic Short Hair",7.6635
"Male","Domestic Short Hair",9.8999
"Female","Domestic Long Hair",9.3471
"Male","Domestic Short Hair",8.3942
"Female","Domestic Short Hair",8.6535
"Female","Domestic Long Hair",10.1254
"Female","Domestic Medium Hair",7.6281
"Female","Domestic Short Hair",8.0665
"Male","Domestic Medium Hair",11.3452
"Female","Domestic Long Hair",9.0923
"Female","Domestic Medium Hair",10.0389
"Female","Domestic Long Hair",11.2295
"Male","Domestic Long Hair",9.7392
"Female","Domestic Short Hair",7.9253
"Male","Domestic Medium Hair",10.4161
"Female","Domestic Long Hair",11.9816
"Female","Domestic Short Hair",6.6196
"Male","Domestic Medium Hair",9.3938
"Female","Domestic Medium Hair",11.2889
"Male","Domestic Long Hair",9.3796
"Male","Domestic Long Hair",13.8468
"Male","Domestic Short Hair",9.385
"Female","Domestic Long Hair",9.3892
"Male","Domestic Medium Hair",8.8915
"Female","Domestic Medium Hair",10.9218
"Female","Domestic Long Hair",9.7094
"Male","Domestic Long Hair",9.9162
"Female","Domestic Medium Hair",10.4908
"Female","Domestic Medium Hair",9.0638
"Female","Domestic Long Hair",11.2554
"Female","Domestic Short Hair",8.2136
"Male","Domestic Long Hair",11.6275
"Male","Domestic Long Hair",10.5137
"Male","Domestic Medium Hair",9.597
"Female","Domestic Long Hair",8.4741
"Female","Domestic Long Hair",9.2563
"Male","Domestic Medium Hair",11.9098
"Male","Domestic Short Hair",8.6765
"Male","Domestic Medium Hair",11.5845
"Male","Domestic Long Hair",12.1393
"Female","Domestic Long Hair",11.3195
"Female","Domestic Medium Hair",10.6164
"Female","Domestic Long Hair",9.0145
"Female","Domestic Short Hair",7.4816
"Male","Domestic Short Hair",10.6162
"Male","Domestic Long Hair",11.2945
"Female","Domestic Medium Hair",10.5814
"Male","Domestic Short Hair",9.6348
"Male","Domestic Medium Hair",9.2091
"Male","Domestic Long Hair",11.9362
"Female","Domestic Short Hair",8.9513
"Male","Domestic Medium Hair",10.3939
"Male","Domestic Medium Hair",11.5446
"Male","Domestic Medium Hair",12.6487
"Female","Domestic Medium Hair",10.415
"Female","Domestic Short Hair",7.8706
"Female","Domestic Long Hair",8.6761
"Female","Domestic Short Hair",7.7288
"Male","Domestic Short Hair",8.1529
"Male","Domestic Long Hair",11.4321
"Female","Domestic Short Hair",10.1602
"Male","Domestic Medium Hair",10.0632
"Female","Domestic Medium Hair",8.9651
"Male","Domestic Medium Hair",9.4501
"Male","Domestic Short Hair",8.4711
"Female","Domestic Medium Hair",8.2466
"Female","Domestic Short Hair",7.5933
"Male","Domestic Short Hair",9.9334
"Male","Domestic Long Hair",11.3265
"Female","Domestic Short Hair",7.0286
"Male","Domestic Long Hair",10.7921
"Female","Domestic Short Hair",8.6701
"Female","Domestic Long Hair",8.9536
"Female","Domestic Medium Hair",11.1327
"Male","Domestic Short Hair",9.3789
"Female","Domestic Short Hair",9.8596
"Female","Domestic Medium Hair",9.5147
"Female","Domestic Medium Hair",8.7887
"Male","Domestic Medium Hair",7.4773
"Female","Domestic Medium Hair",10.3701
"Male","Domestic Long Hair",11.544
"Female","Domestic Short Hair",8.7827
"Female","Domestic Medium Hair",10.286
"Male","Domestic Short Hair",10.2214
"Male","Domestic Short Hair",8.1656
"Female","Domestic Medium Hair",8.9725
"Female","Domestic Long Hair",10.6118
"Male","Domestic Medium Hair",11.5948
"Male","Domestic Short Hair",8.2134
"Male","Domestic Long Hair",9.0339
"Male","Domestic Short Hair",9.7821
"Female","Domestic Short Hair",7.5402
"Male","Domestic Short Hair",7.4486
"Male","Domestic Short Hair",6.4962
"Male","Domestic Long Hair",12.14
"Male","Domestic Short Hair",9.3625
"Male","Domestic Short Hair",10.4714
"Female","Domestic Short Hair",8.6876
"Male","Domestic Short Hair",9.7545
"Male","Domestic Short Hair",7.6708
"Female","Domestic Long Hair",9.6768
"Female","Domestic Long Hair",9.9235
"Male","Domestic Long Hair",12.1565
"Male","Domestic Medium Hair",11.6599
"Female","Domestic Short Hair",8.4935
"Male","Domestic Short Hair",9.496
"Male","Domestic Medium Hair",10.6713
"Female","Domestic Short Hair",7.5045
"Male","Domestic Short Hair",9.8873
"Male","Domestic Short Hair",9.0297
"Female","Domestic Medium Hair",9.9365
"Female","Domestic Short Hair",7.3453
"Male","Domestic Medium Hair",9.9686
"Male","Domestic Long Hair",10.1879
"Male","Domestic Long Hair",12.5737
"Male","Domestic Short Hair",7.7875
"Male","Domestic Short Hair",9.4149
"Female","Domestic Long Hair",9.4312
"Female","Domestic Medium Hair",9.1074
"Male","Domestic Medium Hair",10.6842
"Male","Domestic Long Hair",11.2373
"Female","Domestic Long Hair",8.0314
"Male","Domestic Medium Hair",8.693
"Female","Domestic Short Hair",10.1367
"Female","Domestic Medium Hair",9.4664
"Male","Domestic Medium Hair",10.2064
"Female","Domestic Medium Hair",10.5848
"Male","Domestic Medium Hair",9.9231
"Female","Domestic Short Hair",9.1849
"Female","Domestic Medium Hair",9.2308
"Female","Domestic Long Hair",8.722
"Male","Domestic Medium Hair",11.9749
"Female","Domestic Short Hair",8.4671
"Male","Domestic Long Hair",12.2549
"Female","Domestic Short Hair",8.1069
"Male","Domestic Short Hair",9.2637
"Male","Domestic Long Hair",11.6613
"Female","Domestic Short Hair",9.5188
"Male","Domestic Long Hair",11.504
"Female","Domestic Medium Hair",9.8802
"Male","Domestic Medium Hair",9.6443
"Male","Domestic Medium Hair",9.703
"Male","Domestic Medium Hair",10.6607
"Male","Domestic Short Hair",8.0577
"Female","Domestic Long Hair",8.2048
"Male","Domestic Medium Hair",11.3272
"Male","Domestic Long Hair",11.7163
"Male","Domestic Medium Hair",10.6704
"Male","Domestic Short Hair",10.5716
"Female","Domestic Short Hair",10.6292
"Female","Domestic Short Hair",8.4624
"Female","Domestic Short Hair",9.8817
"Female","Domestic Long Hair",8.8141
"Female","Domestic Short Hair",7.3044
"Male","Domestic Medium Hair",8.911
"Female","Domestic Medium Hair",9.4419
"Female","Domestic Medium Hair",8.0101
"Female","Domestic Long Hair",10.1577
"Male","Domestic Short Hair",9.6799
"Female","Domestic Long Hair",10.4047
"Male","Domestic Medium Hair",11.5964
"Female","Domestic Long Hair",9.1937
"Female","Domestic Short Hair",8.8278
"Male","Domestic Long Hair",11.5772
"Male","Domestic Long Hair",10.1811
"Male","Domestic Medium Hair",9.601
"Female","Domestic Short Hair",7.8392
"Female","Domestic Short Hair",8.9485
"Male","Domestic Medium Hair",9.7499
"Female","Domestic Short Hair",8.8123
"Female","Domestic Medium Hair",12.1333
"Female","Domestic Medium Hair",10.8468
"Female","Domestic Long Hair",10.5652
"Male","Domestic Long Hair",11.293
"Female","Domestic Short Hair",7.9205
"Male","Domestic Short Hair",8.8224
"Female","Domestic Short Hair",8.5762
"Female","Domestic Short Hair",7.7006
"Male","Domestic Long Hair",10.8537
"Female","Domestic Medium Hair",10.7215
"Female","Domestic Long Hair",10.6608
"Female","Domestic Long Hair",9.81
"Male","Domestic Short Hair",8.9568
"Male","Domestic Long Hair",12.0796
"Female","Domestic Short Hair",9.1701
"Female","Domestic Long Hair",11.3203
"Female","Domestic Long Hair",10.0241
"Female","Domestic Medium Hair",7.9664
"Male","Domestic Medium Hair",10.3898
"Female","Domestic Short Hair",6.6818
"Female","Domestic Medium Hair",10.6975
"Female","Domestic Medium Hair",10.1926
"Female","Domestic Medium Hair",10.2688
"Male","Domestic Long Hair",12.6802
"Male","Domestic Short Hair",7.4045
"Female","Domestic Medium Hair",8.4074
"Male","Domestic Medium Hair",10.0222
"Female","Domestic Long Hair",7.9943
"Male","Domestic Short Hair",8.9798
"Female","Domestic Short Hair",6.5115
"Male","Domestic Short Hair",8.5543
"Female","Domestic Short Hair",8.2224
"Female","Domestic Short Hair",7.8057
"Male","Domestic Short Hair",8.6683
"Female","Domestic Long Hair",10.0338
"Male","Domestic Long Hair",11.2512
"Female","Domestic Short Hair",8.2915
"Female","Domestic Short Hair",8.0465
"Male","Domestic Long Hair",10.822
"Female","Domestic Long Hair",9.6038
"Male","Domestic Short Hair",9.6005
"Female","Domestic Long Hair",9.0651
"Female","Domestic Short Hair",9.4879
"Female","Domestic Long Hair",9.703
"Female","Domestic Short Hair",9.0721
"Female","Domestic Medium Hair",9.7286
"Female","Domestic Short Hair",9.6603
"Male","Domestic Medium Hair",10.6589
"Male","Domestic Medium Hair",10.2778
"Male","Domestic Medium Hair",10.4323
"Female","Domestic Long Hair",8.785
"Female","Domestic Long Hair",10.9888
"Male","Domestic Short Hair",8.8567
"Female","Domestic Long Hair",10.0115
"Male","Domestic Short Hair",8.1493
"Female","Domestic Medium Hair",8.5254
"Female","Domestic Long Hair",9.9064
"Female","Domestic Short Hair",8.4924
"Female","Domestic Long Hair",11.7345
"Male","Domestic Long Hair",11.5238
"Female","Domestic Long Hair",9.8324
"Male","Domestic Short Hair",6.5458
"Male","Domestic Long Hair",11.216
"Male","Domestic Long Hair",10.893
"Male","Domestic Medium Hair",8.0122
"Female","Domestic Medium Hair",10.3322
"Male","Domestic Short Hair",8.6876
"Female","Domestic Long Hair",10.5415
"Female","Domestic Long Hair",9.8342
"Male","Domestic Short Hair",8.2116
"Female","Domestic Long Hair",8.6096
"Male","Domestic Long Hair",11.0977
"Female","Domestic Long Hair",10.0403
"Female","Domestic Medium Hair",9.9537
"Male","Domestic Long Hair",10.441
"Male","Domestic Short Hair",10.1762
"Male","Domestic Long Hair",11.3237
"Female","Domestic Short Hair",7.9899
"Female","Domestic Short Hair",9.1628
"Female","Domestic Short Hair",9.9869
"Male","Domestic Long Hair",10.8813
"Female","Domestic Medium Hair",8.6581
"Male","Domestic Long Hair",9.7516
"Female","Domestic Long Hair",10.9775
"Female","Domestic Medium Hair",9.053
"Male","Domestic Long Hair",12.362
"Female","Domestic Medium Hair",10.2342
"Male","Domestic Medium Hair",10.9047
"Female","Domestic Long Hair",11.0328
"Female","Domestic Short Hair",8.6229
"Male","Domestic Medium Hair",8.2935
"Female","Domestic Medium Hair",8.92
"Male","Domestic Short Hair",8
"Female","Domestic Long Hair",9.2162
"Male","Domestic Short Hair",8.8719
"Female","Domestic Long Hair",9.5637
"Female","Domestic Long Hair",10.0165
"Female","Domestic Medium Hair",9.742
"Female","Domestic Medium Hair",10.4022
"Female","Domestic Long Hair",10.6775
"Male","Domestic Medium Hair",9.787
"Female","Domestic Long Hair",12.3968
"Female","Domestic Short Hair",9.0352
"Female","Domestic Medium Hair",10.2089
"Male","Domestic Long Hair",11.839
"Female","Domestic Short Hair",10.8301
"Male","Domestic Short Hair",10.5938
"Male","Domestic Short Hair",10.0702
"Female","Domestic Short Hair",7.1488
"Male","Domestic Short Hair",8.5022
"Male","Domestic Short Hair",9.8714
"Female","Domestic Medium Hair",10.5738
"Female","Domestic Long Hair",10.6492
"Female","Domestic Short Hair",7.8024
"Male","Domestic Long Hair",11.4656
"Female","Domestic Short Hair",9.5604
"Female","Domestic Long Hair",9.7161
"Male","Domestic Short Hair",6.8732
"Male","Domestic Long Hair",10.4309
"Female","Domestic Medium Hair",10.5231
"Male","Domestic Short Hair",8.2747
"Male","Domestic Short Hair",8.3174
"Female","Domestic Long Hair",10.8781
"Female","Domestic Medium Hair",9.4999
"Male","Domestic Short Hair",8.775
"Male","Domestic Short Hair",7.6984
"Female","Domestic Short Hair",8.5956
"Female","Domestic Medium Hair",10.5725
"Female","Domestic Short Hair",9.6609
"Female","Domestic Medium Hair",10.5194
"Female","Domestic Short Hair",7.7953
"Male","Domestic Medium Hair",7.7316
"Female","Domestic Medium Hair",8.0158
"Male","Domestic Medium Hair",10.9401
"Female","Domestic Medium Hair",9.4949
"Female","Domestic Medium Hair",11.3666
"Male","Domestic Short Hair",7.811
"Male","Domestic Long Hair",11.1556
"Male","Domestic Long Hair",10.3013
"Female","Domestic Long Hair",10.0093
"Male","Domestic Short Hair",9.0954
"Female","Domestic Medium Hair",10.3796
"Female","Domestic Medium Hair",9.1151
"Female","Domestic Long Hair",8.9147
"Male","Domestic Long Hair",10.3111
"Male","Domestic Short Hair",7.5819
"Female","Domestic Medium Hair",9.1779
"Male","Domestic Long Hair",13.5301
"Female","Domestic Long Hair",9.0181
"Female","Domestic Long Hair",10.2024
"Female","Domestic Short Hair",7.1428
"Female","Domestic Long Hair",10.5705
"Male","Domestic Short Hair",9.7237
"Female","Domestic Short Hair",7.7193
"Female","Domestic Medium Hair",8.4541
"Male","Domestic Medium Hair",10.008
"Female","Domestic Long Hair",9.111
"Male","Domestic Long Hair",12.3386
"Male","Domestic Long Hair",11.7008
"Female","Domestic Long Hair",10.2556
"Male","Domestic Short Hair",8.355
"Male","Domestic Short Hair",9.3373
"Female","Domestic Long Hair",11.7576
"Female","Domestic Long Hair",10.2202
"Female","Domestic Short Hair",8.5701
"Male","Domestic Long Hair",11.6231
"Male","Domestic Short Hair",7.5119
"Male","Domestic Medium Hair",10.8776
"Female","Domestic Long Hair",7.5532
"Female","Domestic Short Hair",8.545
"Male","Domestic Long Hair",11.9963
"Female","Domestic Long Hair",9.6801
"Male","Domestic Short Hair",7.8981
"Female","Domestic Short Hair",8.2164
"Female","Domestic Short Hair",8.3079
"Female","Domestic Short Hair",7.8763
"Female","Domestic Medium Hair",11.2129
"Female","Domestic Short Hair",9.4352
"Male","Domestic Long Hair",10.0898
"Male","Domestic Long Hair",11.4992
"Female","Domestic Medium Hair",8.9495
"Female","Domestic Long Hair",11.2063
"Male","Domestic Short Hair",11.7622
"Female","Domestic Medium Hair",10.0841
"Female","Domestic Long Hair",10.3766
"Male","Domestic Long Hair",10.0406
"Female","Domestic Short Hair",5.2771
"Female","Domestic Medium Hair",10.6487
"Male","Domestic Medium Hair",10.6268
"Female","Domestic Short Hair",7.186
"Male","Domestic Long Hair",12.8019
"Male","Domestic Medium Hair",9.5608
"Male","Domestic Medium Hair",9.5158
"Male","Domestic Medium Hair",9.215
"Male","Domestic Long Hair",12.2927
"Male","Domestic Medium Hair",9.2185
"Male","Domestic Long Hair",11.516
"Female","Domestic Long Hair",11.0469
"Male","Domestic Short Hair",8.3899
"Female","Domestic Short Hair",8.4564
"Female","Domestic Short Hair",8.4224
"Female","Domestic Medium Hair",9.4138
"Male","Domestic Medium Hair",9.7853
"Male","Domestic Long Hair",9.8449
"Female","Domestic Short Hair",9.8836
"Male","Domestic Medium Hair",9.034
"Female","Domestic Short Hair",8.1129
"Female","Domestic Short Hair",8.6223
"Male","Domestic Short Hair",9.4117
"Female","Domestic Short Hair",7.0423
"Male","Domestic Short Hair",8.1438
"Female","Domestic Short Hair",6.8482
"Female","Domestic Long Hair",7.0495
"Male","Domestic Long Hair",9.8127
"Male","Domestic Medium Hair",10.5137
"Female","Domestic Medium Hair",7.2872
"Female","Domestic Long Hair",9.3617
"Female","Domestic Medium Hair",10.4346
"Male","Domestic Long Hair",9.868
"Female","Domestic Short Hair",8.5049
"Female","Domestic Long Hair",8.8983
"Male","Domestic Short Hair",10.4295
"Male","Domestic Short Hair",8.8435
"Male","Domestic Long Hair",10.5257
"Male","Domestic Long Hair",10.8637
"Male","Domestic Short Hair",9.3314
"Male","Domestic Long Hair",10.0626
"Female","Domestic Short Hair",9.1024
"Male","Domestic Short Hair",6.9028
"Female","Domestic Medium Hair",9.3628
"Male","Domestic Short Hair",9.0792
"Female","Domestic Short Hair",7.9286
"Female","Domestic Short Hair",10.2409
"Female","Domestic Long Hair",10.4659
"Female","Domestic Long Hair",10.6039
"Female","Domestic Short Hair",7.4958
"Male","Domestic Short Hair",9.4408
"Female","Domestic Medium Hair",10.4864
"Male","Domestic Short Hair",9.749
"Male","Domestic Medium Hair",10.9635
"Female","Domestic Medium Hair",8.4926
"Male","Domestic Short Hair",8.8703
"Female","Domestic Medium Hair",9.1287
"Male","Domestic Short Hair",8.6202
"Male","Domestic Short Hair",9.5908
"Male","Domestic Medium Hair",10.3525
"Male","Domestic Short Hair",7.6847
"Male","Domestic Long Hair",12.565
"Male","Domestic Medium Hair",9.8708
"Male","Domestic Long Hair",11.3851
"Female","Domestic Short Hair",8.9398
"Female","Domestic Short Hair",8.5057
"Female","Domestic Long Hair",11.1764
"Female","Domestic Long Hair",8.0282
"Female","Domestic Medium Hair",10.0367
"Male","Domestic Medium Hair",11.108
"Male","Domestic Short Hair",9.5944
"Male","Domestic Short Hair",10.4501
"Male","Domestic Short Hair",8.7789
"Female","Domestic Short Hair",7.0241
"Male","Domestic Short Hair",8.5936
"Female","Domestic Short Hair",7.3799
"Male","Domestic Long Hair",11.107
"Female","Domestic Short Hair",8.596
"Female","Domestic Long Hair",11.1677
"Male","Domestic Short Hair",10.6152
"Female","Domestic Long Hair",8.757
"Female","Domestic Long Hair",9.4401
"Female","Domestic Short Hair",8.5938
"Female","Domestic Short Hair",8.198
"Male","Domestic Long Hair",12.2254
"Female","Domestic Medium Hair",9.7026
"Female","Domestic Medium Hair",9.8315
"Male","Domestic Long Hair",10.9936
"Female","Domestic Medium Hair",7.4638
"Female","Domestic Medium Hair",9.29
"Male","Domestic Long Hair",10.8472
"Male","Domestic Long Hair",12.6835
"Male","Domestic Long Hair",11.5571
"Male","Domestic Long Hair",10.7485
"Male","Domestic Short Hair",8.098
"Male","Domestic Long Hair",10.5776
"Female","Domestic Medium Hair",10.0923
"Female","Domestic Short Hair",7.9894
"Male","Domestic Medium Hair",10.4894
"Female","Domestic Long Hair",11.5146
"Female","Domestic Short Hair",7.1336
"Male","Domestic Medium Hair",9.7563
"Male","Domestic Medium Hair",8.8726
"Male","Domestic Medium Hair",10.7139
"Female","Domestic Long Hair",10.6516
"Female","Domestic Medium Hair",8.1134
"Female","Domestic Medium Hair",9.1627
"Female","Domestic Short Hair",8.6462
"Male","Domestic Long Hair",12.7384
"Female","Domestic Long Hair",9.7891
"Female","Domestic Medium Hair",10.3679
"Female","Domestic Long Hair",10.9081
"Female","Domestic Short Hair",8.3605
"Male","Domestic Long Hair",10.0236
"Female","Domestic Medium Hair",8.4333
"Female","Domestic Long Hair",10.2345
"Female","Domestic Medium Hair",9.4105
"Female","Domestic Short Hair",7.5182
"Male","Domestic Medium Hair",10.5873
"Female","Domestic Short Hair",8.1588
"Female","Domestic Short Hair",5.6613
"Female","Domestic Short Hair",7.7296
"Female","Domestic Medium Hair",9.4236
"Female","Domestic Medium Hair",11.2806
"Male","Domestic Short Hair",10.5896
"Male","Domestic Short Hair",6.2135
"Female","Domestic Long Hair",10.4522
"Male","Domestic Medium Hair",10.1287
"Male","Domestic Short Hair",8.7671
"Male","Domestic Short Hair",8.8387
"Female","Domestic Short Hair",8.5376
"Female","Domestic Long Hair",11.737
"Female","Domestic Short Hair",8.7852
"Male","Domestic Long Hair",11.5127
"Female","Domestic Long Hair",9.3175
"Female","Domestic Short Hair",8.7266
"Male","Domestic Medium Hair",10.9779
"Male","Domestic Short Hair",9.1985
"Male","Domestic Short Hair",9.4353
"Male","Domestic Medium Hair",9.3335
"Female","Domestic Medium Hair",10.136
"Male","Domestic Short Hair",8.4662
"Female","Domestic Short Hair",9.4689
"Female","Domestic Long Hair",10.3356
"Female","Domestic Medium Hair",9.8818
"Female","Domestic Short Hair",8.6426
"Male","Domestic Medium Hair",10.8137
"Male","Domestic Long Hair",10.8238
"Female","Domestic Short Hair",8.9304
"Female","Domestic Medium Hair",9.4278
"Male","Domestic Short Hair",8.5815
"Female","Domestic Medium Hair",9.9112
"Male","Domestic Long Hair",12.3214
"Male","Domestic Medium Hair",9.9363
"Female","Domestic Long Hair",10.0596
"Male","Domestic Medium Hair",11.0354
"Male","Domestic Short Hair",10.0184
"Male","Domestic Medium Hair",8.9057
"Female","Domestic Short Hair",7.343
"Female","Domestic Medium Hair",10.0877
"Female","Domestic Short Hair",6.9885
"Female","Domestic Medium Hair",10.4296
"Female","Domestic Medium Hair",9.2741
"Male","Domestic Short Hair",8.9156
"Female","Domestic Medium Hair",10.9581
"Male","Domestic Long Hair",9.871
"Female","Domestic Short Hair",8.3343
"Male","Domestic Long Hair",10.986
"Male","Domestic Medium Hair",11.1076
"Male","Domestic Short Hair",9.5892
"Male","Domestic Medium Hair",10.882
"Female","Domestic Short Hair",7.379
"Female","Domestic Short Hair",8.4239
"Male","Domestic Long Hair",11.8914
"Female","Domestic Short Hair",8.6353
"Female","Domestic Medium Hair",8.9096
"Female","Domestic Short Hair",8.6093
"Male","Domestic Medium Hair",9.9942
"Female","Domestic Medium Hair",9.5829
"Male","Domestic Long Hair",10.0579
"Male","Domestic Medium Hair",10.4932
"Female","Domestic Short Hair",9.0404
"Female","Domestic Long Hair",9.6282
"Female","Domestic Long Hair",10.4317
"Male","Domestic Short Hair",8.7728
"Male","Domestic Short Hair",8.5182
"Female","Domestic Short Hair",9.5941
"Female","Domestic Medium Hair",11.3053
"Female","Domestic Medium Hair",9.0582
"Male","Domestic Medium Hair",9.7382
"Female","Domestic Medium Hair",10.599
"Male","Domestic Long Hair",11.6887
"Male","Domestic Short Hair",9.6147
"Male","Domestic Long Hair",11.7305
"Female","Domestic Short Hair",8.3859
"Female","Domestic Short Hair",8.2975
"Male","Domestic Medium Hair",10.2773
"Female","Domestic Short Hair",8.1926
"Female","Domestic Long Hair",10.3031
"Female","Domestic Long Hair",11.055
"Male","Domestic Long Hair",10.8626
"Female","Domestic Medium Hair",9.7087
"Female","Domestic Long Hair",10.5054
"Female","Domestic Medium Hair",10.5754
"Female","Domestic Short Hair",8.6958
"Female","Domestic Long Hair",10.9412
"Male","Domestic Short Hair",9.9384
"Male","Domestic Medium Hair",8.9923
"Male","Domestic Medium Hair",12.309
"Female","Domestic Long Hair",8.2159
"Female","Domestic Short Hair",8.7165
"Female","Domestic Medium Hair",11.2427
"Female","Domestic Short Hair",7.7674
"Female","Domestic Long Hair",9.5689
"Male","Domestic Medium Hair",9.7149
"Female","Domestic Short Hair",8.4041
"Female","Domestic Long Hair",10.2035
"Male","Domestic Short Hair",7.9046
"Male","Domestic Long Hair",11.1226
"Female","Domestic Short Hair",8.535
"Female","Domestic Long Hair",11.2801
"Female","Domestic Medium Hair",10.1597
"Female","Domestic Medium Hair",10.405
"Male","Domestic Long Hair",10.1241
"Male","Domestic Short Hair",9.9182
"Female","Domestic Long Hair",9.6773
"Female","Domestic Medium Hair",11.9886
"Male","Domestic Long Hair",10.5565
"Male","Domestic Short Hair",7.9468
"Male","Domestic Medium Hair",10.4573
"Female","Domestic Medium Hair",9.0479
"Male","Domestic Long Hair",10.9422
"Female","Domestic Long Hair",9.382
"Female","Domestic Short Hair",9.2527
"Male","Domestic Short Hair",7.1978
"Male","Domestic Short Hair",8.4406
"Male","Domestic Long Hair",10.8146
"Female","Domestic Short Hair",8.671
"Female","Domestic Long Hair",9.9002
"Female","Domestic Short Hair",9.773
"Male","Domestic Medium Hair",11.4016
"Male","Domestic Medium Hair",10.4464
"Female","Domestic Long Hair",10.8112
"Female","Domestic Short Hair",9.9833
"Female","Domestic Long Hair",8.8531
"Female","Domestic Long Hair",9.7719
"Female","Domestic Medium Hair",9.826
"Female","Domestic Short Hair",8.6801
"Female","Domestic Long Hair",8.8549
"Male","Domestic Medium Hair",9.7491
"Female","Domestic Medium Hair",7.1836
"Male","Domestic Short Hair",9.4586
"Female","Domestic Short Hair",10.3715
"Male","Domestic Medium Hair",10.1485
"Female","Domestic Short Hair",9.0441
"Male","Domestic Long Hair",11.1111
"Female","Domestic Short Hair",9.9965
"Female","Domestic Short Hair",9.0113
"Male","Domestic Medium Hair",11.8514
"Male","Domestic Medium Hair",10.7883
"Male","Domestic Medium Hair",10.4115
"Female","Domestic Medium Hair",11.4762
"Male","Domestic Short Hair",8.4945
"Male","Domestic Long Hair",10.0074
"Male","Domestic Medium Hair",9.7423
"Female","Domestic Medium Hair",10.0691
"Male","Domestic Short Hair",9.6512
"Male","Domestic Medium Hair",9.5563
"Male","Domestic Long Hair",12.1256
"Female","Domestic Short Hair",7.8678
"Female","Domestic Long Hair",9.7557
"Male","Domestic Long Hair",10.9795
"Female","Domestic Long Hair",10.06
"Female","Domestic Short Hair",8.0491
"Male","Domestic Short Hair",9.5221
"Female","Domestic Medium Hair",9.5753
"Female","Domestic Long Hair",11.2413
"Male","Domestic Short Hair",8.7927
"Male","Domestic Long Hair",10.8191
"Male","Domestic Long Hair",10.2615
"Male","Domestic Short Hair",8.7879
"Female","Domestic Medium Hair",9.966
"Male","Domestic Long Hair",9.5811
"Female","Domestic Medium Hair",9.4597
"Female","Domestic Long Hair",10.8657
"Male","Domestic Short Hair",9.7236
"Female","Domestic Short Hair",8.2359
"Male","Domestic Short Hair",7.8175
"Male","Domestic Long Hair",10.6115
"Male","Domestic Medium Hair",11.3077
"Female","Domestic Short Hair",7.2438
"Female","Domestic Short Hair",7.8725
"Male","Domestic Medium Hair",9.5163
"Male","Domestic Short Hair",8.0147
"Male","Domestic Medium Hair",10.0758
"Female","Domestic Short Hair",7.8401
"Male","Domestic Short Hair",8.3707
"Female","Domestic Short Hair",8.4225
"Male","Domestic Medium Hair",10.5999
"Female","Domestic Medium Hair",9.7212
"Male","Domestic Short Hair",9.3977
"Male","Domestic Long Hair",11.3161
"Female","Domestic Short Hair",9.6171
"Male","Domestic Short Hair",8.712
"Male","Domestic Medium Hair",11.6496
"Female","Domestic Short Hair",8.2619
"Male","Domestic Medium Hair",8.6234
"Female","Domestic Medium Hair",9.6972
"Female","Domestic Short Hair",7.5858
"Female","Domestic Short Hair",7.5301
"Male","Domestic Short Hair",10.87
"Female","Domestic Medium Hair",9.0026
"Female","Domestic Medium Hair",8.8287
"Female","Domestic Long Hair",11.5552
"Female","Domestic Long Hair",10.8025
"Female","Domestic Medium Hair",9.4425
"Female","Domestic Medium Hair",10.8681
"Female","Domestic Medium Hair",10.0462
"Male","Domestic Medium Hair",10.3489
"Female","Domestic Long Hair",10.4644
"Female","Domestic Long Hair",11.554
"Female","Domestic Short Hair",9.7239
"Male","Domestic Short Hair",9.573
"Female","Domestic Long Hair",9.4798
"Female","Domestic Medium Hair",8.9443
"Female","Domestic Medium Hair",8.4512
"Male","Domestic Short Hair",8.9525
"Male","Domestic Short Hair",8.1184
"Male","Domestic Long Hair",9.7928
"Male","Domestic Short Hair",8.9577
"Male","Domestic Short Hair",10.0799
"Female","Domestic Short Hair",7.5595
"Female","Domestic Long Hair",9.0211
"Female","Domestic Medium Hair",9.3675
"Female","Domestic Short Hair",7.4719
"Male","Domestic Short Hair",8.0557
"Male","Domestic Long Hair",10.5535
"Female","Domestic Short Hair",8.5379
"Male","Domestic Medium Hair",10.6214
"Male","Domestic Long Hair",10.5199
"Female","Domestic Medium Hair",9.833
"Female","Domestic Short Hair",10.6597
"Female","Domestic Medium Hair",8.4702
"Male","Domestic Long Hair",11.1801
"Male","Domestic Short Hair",8.2183
"Male","Domestic Short Hair",7.9944
"Female","Domestic Short Hair",8.6963
"Female","Domestic Short Hair",8.6135
"Female","Domestic Short Hair",7.1028
"Female","Domestic Short Hair",8.4036
"Female","Domestic Short Hair",7.6278
"Female","Domestic Long Hair",9.0144
"Male","Domestic Long Hair",10.8104
"Female","Domestic Medium Hair",7.7154
"Female","Domestic Short Hair",8.2347
"Female","Domestic Short Hair",9.7304
"Female","Domestic Long Hair",11.1598
"Female","Domestic Medium Hair",11.6131
"Male","Domestic Long Hair",10.5725
"Female","Domestic Long Hair",12.0092
"Female","Domestic Long Hair",10.3082
"Male","Domestic Long Hair",9.8718
"Female","Domestic Short Hair",8.6485
"Female","Domestic Medium Hair",9.6337
"Female","Domestic Short Hair",8.1845
"Male","Domestic Short Hair",10.8377
"Female","Domestic Long Hair",9.8594
"Female","Domestic Medium Hair",11.2465
"Female","Domestic Long Hair",8.8396
"Male","Domestic Short Hair",9.6473
"Male","Domestic Long Hair",11.3887
"Female","Domestic Medium Hair",7.0557
"Male","Domestic Short Hair",9.8934
"Female","Domestic Short Hair",8.6425
"Female","Domestic Medium Hair",10.4889
"Female","Domestic Medium Hair",9.4063
"Female","Domestic Long Hair",11.1108
"Female","Domestic Medium Hair",9.1846
"Female","Domestic Long Hair",9.0312
"Female","Domestic Short Hair",8.3534
"Male","Domestic Long Hair",11.85
"Male","Domestic Short Hair",10.555
"Female","Domestic Medium Hair",11.0261
"Male","Domestic Short Hair",9.7025
"Female","Domestic Short Hair",8.2205
"Female","Domestic Short Hair",6.8388
"Female","Domestic Short Hair",7.0502
"Female","Domestic Medium Hair",10.9766
"Female","Domestic Long Hair",10.798
"Male","Domestic Medium Hair",8.6525
"Female","Domestic Medium Hair",10.272
"Female","Domestic Medium Hair",9.7737
"Female","Domestic Short Hair",9.6405
"Female","Domestic Short Hair",8.2635
"Female","Domestic Long Hair",10.1631
"Female","Domestic Short Hair",7.1517
"Female","Domestic Short Hair",7.8936
"Male","Domestic Long Hair",10.7632
"Female","Domestic Medium Hair",10.7362
"Male","Domestic Medium Hair",10.3043
"Female","Domestic Medium Hair",8.5626
"Male","Domestic Short Hair",7.3771
"Female","Domestic Medium Hair",9.3986
"Male","Domestic Short Hair",8.4363
"Male","Domestic Medium Hair",10.3142
"Female","Domestic Long Hair",10.6235
"Male","Domestic Medium Hair",11.6458
"Female","Domestic Long Hair",11.0459
"Male","Domestic Long Hair",9.3003
"Female","Domestic Medium Hair",7.4099
"Female","Domestic Long Hair",10.4439
"Female","Domestic Medium Hair",9.0506
"Male","Domestic Long Hair",9.8564
"Male","Domestic Medium Hair",9.9496
"Male","Domestic Long Hair",12.1221
"Female","Domestic Medium Hair",9.9149
"Male","Domestic Medium Hair",11.5066
"Female","Domestic Long Hair",9.6584
"Female","Domestic Long Hair",10.0988
"Male","Domestic Short Hair",10.5776
"Male","Domestic Medium Hair",10.0752
"Male","Domestic Long Hair",12.2987
"Male","Domestic Long Hair",9.0833
"Male","Domestic Long Hair",10.6264
"Male","Domestic Medium Hair",10.0098
"Female","Domestic Medium Hair",10.9393
"Female","Domestic Short Hair",7.0288
"Male","Domestic Short Hair",8.8769
"Male","Domestic Short Hair",9.8547
"Male","Domestic Medium Hair",10.0295
"Female","Domestic Medium Hair",9.6354
"Female","Domestic Short Hair",8.4062
"Female","Domestic Short Hair",8.1394
"Male","Domestic Long Hair",10.7554
"Female","Domestic Short Hair",7.4548
"Female","Domestic Long Hair",13.0354
"Female","Domestic Short Hair",9.0693
"Male","Domestic Short Hair",10.3348
"Female","Domestic Long Hair",9.522
"Female","Domestic Medium Hair",9.9536
"Female","Domestic Short Hair",9.3539
"Female","Domestic Short Hair",9.0254
"Female","Domestic Short Hair",10.2241
"Male","Domestic Long Hair",12.3743
"Male","Domestic Long Hair",11.1605
"Female","Domestic Short Hair",9.1472
"Female","Domestic Long Hair",10.6369
"Female","Domestic Short Hair",8.0998
"Female","Domestic Long Hair",9.8305
"Male","Domestic Medium Hair",10.2543
"Female","Domestic Medium Hair",10.4551
"Female","Domestic Medium Hair",11.083
"Female","Domestic Short Hair",8.1096
"Female","Domestic Long Hair",9.1967
"Female","Domestic Short Hair",9.8308
"Male","Domestic Long Hair",10.1134
"Female","Domestic Long Hair",9.839
"Male","Domestic Medium Hair",10.9614
"Female","Domestic Long Hair",8.2456
"Male","Domestic Long Hair",11.328
"Female","Domestic Medium Hair",8.0426
"Male","Domestic Short Hair",8.5594
"Male","Domestic Short Hair",9.4916
"Male","Domestic Short Hair",9.5354
"Male","Domestic Medium Hair",11.6108
"Male","Domestic Long Hair",10.325
"Male","Domestic Medium Hair",8.0393
"Female","Domestic Long Hair",9.4134
"Female","Domestic Medium Hair",10.3633
"Female","Domestic Medium Hair",8.399
"Male","Domestic Long Hair",9.9715
"Male","Domestic Short Hair",8.4905
"Female","Domestic Long Hair",10.1295
"Female","Domestic Short Hair",11.4469
"Female","Domestic Medium Hair",10.6305
"Male","Domestic Long Hair",10.8069
"Male","Domestic Long Hair",10.021
"Female","Domestic Short Hair",8.8204
"Female","Domestic Medium Hair",9.2029
"Female","Domestic Short Hair",7.8515
"Male","Domestic Long Hair",12.1844
"Male","Domestic Medium Hair",10.4893
"Female","Domestic Short Hair",8.5651
"Male","Domestic Long Hair",10.1854
"Female","Domestic Short Hair",8.7659
"Female","Domestic Short Hair",7.3395
"Male","Domestic Short Hair",10.1123
"Female","Domestic Medium Hair",11.2585
"Female","Domestic Long Hair",10.2583
"Male","Domestic Medium Hair",9.6128
"Female","Domestic Long Hair",8.6645
"Female","Domestic Short Hair",8.3995
"Female","Domestic Long Hair",9.8387
"Male","Domestic Short Hair",8.1117
"Female","Domestic Short Hair",7.5032
"Female","Domestic Medium Hair",11.3611
"Male","Domestic Medium Hair",9.4227
"Male","Domestic Long Hair",10.3342
"Female","Domestic Short Hair",10.909
"Female","Domestic Long Hair",10.1195
"Female","Domestic Medium Hair",10.1578
"Male","Domestic Long Hair",12.4614
"Male","Domestic Long Hair",12.4171
"Male","Domestic Short Hair",9.5062
"Male","Domestic Short Hair",10.2367
"Female","Domestic Medium Hair",10.8542
"Male","Domestic Medium Hair",8.8404
"Female","Domestic Medium Hair",9.8911
"Male","Domestic Short Hair",10.1867
"Female","Domestic Long Hair",9.436
"Male","Domestic Short Hair",9.1994
"Male","Domestic Short Hair",10.0135
"Female","Domestic Long Hair",10.0753
"Male","Domestic Long Hair",11.0147
"Female","Domestic Short Hair",7.3299
"Male","Domestic Long Hair",12.1945
"Female","Domestic Long Hair",9.341
"Female","Domestic Medium Hair",8.4554
"Male","Domestic Medium Hair",10.756
"Male","Domestic Long Hair",10.7778
"Female","Domestic Short Hair",9.9098
"Male","Domestic Long Hair",10.4382
"Male","Domestic Medium Hair",10.4395
"Female","Domestic Long Hair",9.9082
"Male","Domestic Short Hair",10.4988
"Female","Domestic Medium Hair",10.7287
"Female","Domestic Long Hair",10.6079
"Female","Domestic Short Hair",6.9569
"Male","Domestic Short Hair",7.8729
"Male","Domestic Long Hair",11.6266
"Female","Domestic Short Hair",8.7661
"Male","Domestic Short Hair",9.3991
"Male","Domestic Long Hair",10.36
"Male","Domestic Short Hair",8.5515
"Male","Domestic Long Hair",10.8462
"Female","Domestic Medium Hair",9.4077
"Male","Domestic Short Hair",8.6604
"Female","Domestic Medium Hair",10.5909
"Male","Domestic Short Hair",10.6981
"Female","Domestic Short Hair",7.5742
"Female","Domestic Short Hair",9.4835
"Female","Domestic Medium Hair",9.7033
"Male","Domestic Long Hair",10.997
"Female","Domestic Short Hair",8.0117
"Male","Domestic Long Hair",11.443
"Female","Domestic Long Hair",10.3295
"Female","Domestic Short Hair",9.7273
"Male","Domestic Medium Hair",10.8565
"Female","Domestic Long Hair",10.0039
"Male","Domestic Long Hair",10.4608
"Male","Domestic Long Hair",10.5936
"Male","Domestic Long Hair",9.0296
"Female","Domestic Medium Hair",9.8011
"Female","Domestic Medium Hair",9.7448
"Female","Domestic Long Hair",9.7836
"Female","Domestic Long Hair",9.2404
"Female","Domestic Long Hair",9.5138
"Male","Domestic Short Hair",8.8797
"Male","Domestic Short Hair",8.3082
"Female","Domestic Long Hair",9.6678
"Female","Domestic Medium Hair",10.1677
"Female","Domestic Long Hair",9.8809
"Female","Domestic Long Hair",9.0997
"Female","Domestic Short Hair",10.5979
"Female","Domestic Short Hair",8.2181
"Male","Domestic Long Hair",11.3898
"Male","Domestic Short Hair",8.0153
"Male","Domestic Long Hair",12.5839
"Male","Domestic Long Hair",8.6973
"Female","Domestic Short Hair",6.6208
"Male","Domestic Short Hair",9.6762
"Female","Domestic Medium Hair",9.5615
"Female","Domestic Short Hair",8.9335
"Female","Domestic Short Hair",8.6088
"Female","Domestic Short Hair",7.0115
"Male","Domestic Medium Hair",9.3606
"Male","Domestic Medium Hair",9.9033
"Female","Domestic Medium Hair",9.5271
"Female","Domestic Medium Hair",9.3815
"Male","Domestic Short Hair",9.0188
"Male","Domestic Short Hair",8.6216
"Male","Domestic Long Hair",12.0813
"Male","Domestic Short Hair",10.4725
"Male","Domestic Long Hair",10.3121
"Male","Domestic Short Hair",10.1182
"Female","Domestic Long Hair",10.0723
"Male","Domestic Short Hair",9.2237
"Male","Domestic Long Hair",12.0618
"Male","Domestic Short Hair",8.8927
"Female","Domestic Short Hair",6.0797
"Female","Domestic Long Hair",10.2427
"Male","Domestic Medium Hair",9.5008
"Male","Domestic Long Hair",10.126
"Male","Domestic Short Hair",7.77
"Male","Domestic Long Hair",11.6896
"Male","Domestic Short Hair",8.1435
"Male","Domestic Medium Hair",11.4074
"Male","Domestic Short Hair",9.7837
"Male","Domestic Short Hair",8.7425
"Male","Domestic Short Hair",9.9662
"Male","Domestic Short Hair",7.3627
"Male","Domestic Short Hair",9.6859
"Female","Domestic Long Hair",10.7945
"Male","Domestic Medium Hair",8.8331
"Female","Domestic Medium Hair",7.6929
"Female","Domestic Medium Hair",9.5251
"Male","Domestic Short Hair",8.4449
"Male","Domestic Short Hair",9.3592
"Female","Domestic Long Hair",10.7594
"Male","Domestic Long Hair",12.0705
"Female","Domestic Long Hair",10.2002
"Male","Domestic Medium Hair",11.8293
"Male","Domestic Long Hair",11.7823
"Female","Domestic Medium Hair",10.1478
"Female","Domestic Medium Hair",7.2169
"Female","Domestic Short Hair",7.9637
"Male","Domestic Short Hair",9.439
"Female","Domestic Short Hair",8.5333
"Male","Domestic Short Hair",9.4483
"Female","Domestic Short Hair",9.5073
"Male","Domestic Long Hair",12.164
"Male","Domestic Medium Hair",10.6535
"Male","Domestic Short Hair",10.4797
"Male","Domestic Short Hair",9.4842
"Female","Domestic Short Hair",8.9459
"Female","Domestic Long Hair",8.708
"Female","Domestic Short Hair",8.7189
"Male","Domestic Long Hair",10.5086
"Female","Domestic Short Hair",8.4113
"Female","Domestic Short Hair",10.266
"Female","Domestic Long Hair",10.755
"Male","Domestic Long Hair",11.0879
"Male","Domestic Long Hair",10.5466
"Female","Domestic Short Hair",9.0921
"Male","Domestic Short Hair",10.7433
"Male","Domestic Short Hair",11.3784
"Female","Domestic Short Hair",6.9306
"Male","Domestic Short Hair",9.1963
"Male","Domestic Long Hair",11.4487
"Male","Domestic Long Hair",11.7656
"Female","Domestic Short Hair",9.3343
"Male","Domestic Long Hair",10.2892
"Female","Domestic Short Hair",8.738
"Male","Domestic Long Hair",10.9517
"Female","Domestic Short Hair",7.5921
"Female","Domestic Medium Hair",10.8621
"Female","Domestic Short Hair",8.2135
"Male","Domestic Long Hair",10.4077
"Male","Domestic Long Hair",9.6512
"Male","Domestic Long Hair",11.7838
"Male","Domestic Long Hair",10.5567
"Female","Domestic Long Hair",9.301
"Female","Domestic Medium Hair",10.0137
"Female","Domestic Medium Hair",10.6379
"Female","Domestic Long Hair",12.3279
"Female","Domestic Long Hair",10.2817
"Female","Domestic Medium Hair",9.8963
"Male","Domestic Short Hair",8.6019
"Female","Domestic Medium Hair",9.6661
"Female","Domestic Short Hair",8.3883
"Female","Domestic Long Hair",9.568
"Female","Domestic Short Hair",8.4701
"Male","Domestic Short Hair",8.1488
"Male","Domestic Long Hair",11.8187
"Male","Domestic Long Hair",10.8766
"Male","Domestic Long Hair",10.4809
"Male","Domestic Medium Hair",7.9692
"Female","Domestic Short Hair",9.5458
"Female","Domestic Short Hair",8.2668
"Female","Domestic Long Hair",9.2704
"Female","Domestic Short Hair",9.5211
"Male","Domestic Medium Hair",10.0674
"Male","Domestic Short Hair",9.0315
"Male","Domestic Medium Hair",9.6223
"Male","Domestic Long Hair",9.9175
"Female","Domestic Medium Hair",10.8587
"Male","Domestic Long Hair",11.7849
"Female","Domestic Short Hair",10.1012
"Female","Domestic Short Hair",8.3346
"Female","Domestic Long Hair",10.2862
"Female","Domestic Long Hair",12.6102
"Male","Domestic Short Hair",8.6376
"Male","Domestic Medium Hair",10.2598
"Male","Domestic Short Hair",8.2378
"Male","Domestic Medium Hair",8.7285
"Female","Domestic Long Hair",9.7778
"Female","Domestic Long Hair",8.9804
"Female","Domestic Short Hair",7.5664
"Male","Domestic Short Hair",8.0998
"Male","Domestic Long Hair",13.2283
"Female","Domestic Short Hair",5.739
"Female","Domestic Long Hair",10.4801
"Female","Domestic Long Hair",8.9617
"Female","Domestic Short Hair",8.177
"Female","Domestic Long Hair",8.7166
"Male","Domestic Short Hair",9.3256
"Male","Domestic Medium Hair",11.5508
"Male","Domestic Long Hair",10.6514
"Female","Domestic Medium Hair",10.1364
"Female","Domestic Long Hair",8.5448
"Male","Domestic Medium Hair",9.0798
"Male","Domestic Long Hair",10.3758
"Female","Domestic Long Hair",9.3207
"Male","Domestic Medium Hair",11.2694
"Female","Domestic Medium Hair",9.1503
"Male","Domestic Short Hair",10.3959
"Male","Domestic Short Hair",8.8577
"Male","Domestic Short Hair",9.4906
"Female","Domestic Medium Hair",9.7089
"Female","Domestic Long Hair",10.9085
"Male","Domestic Short Hair",7.7665
"Male","Domestic Short Hair",10.982
"Female","Domestic Short Hair",7.3791
"Male","Domestic Medium Hair",10.5267
"Female","Domestic Long Hair",10.324
"Male","Domestic Long Hair",11.577
"Female","Domestic Medium Hair",11.5271
"Male","Domestic Short Hair",9.5246
"Male","Domestic Short Hair",8.7791
"Female","Domestic Short Hair",9.0706
"Female","Domestic Short Hair",8.2136
"Female","Domestic Short Hair",6.2468
"Female","Domestic Long Hair",8.5254
"Male","Domestic Short Hair",9.2123
"Male","Domestic Short Hair",8.8817
"Male","Domestic Medium Hair",9.8981
"Female","Domestic Medium Hair",9.8823
"Male","Domestic Long Hair",11.842
"Female","Domestic Short Hair",8.1839
"Female","Domestic Medium Hair",11.0659
